t,x,y,theta,v,w,goal
0.0,0.025,0.0,0.0,0.5,0.0,"(1.0, 0.0)"
0.05,0.05,0.0,0.0,0.5,0.0,"(1.0, 0.0)"
0.1,0.07500000000000001,0.0,0.0,0.5,0.0,"(1.0, 0.0)"
0.15000000000000002,0.1,0.0,0.0,0.5,0.0,"(1.0, 0.0)"
0.2,0.125,0.0,0.0,0.5,0.0,"(1.0, 0.0)"
0.25,0.15,0.0,0.0,0.5,0.0,"(1.0, 0.0)"
0.30000000000000004,0.175,0.0,0.0,0.5,0.0,"(1.0, 0.0)"
0.35000000000000003,0.19999999999999998,0.0,0.0,0.5,0.0,"(1.0, 0.0)"
0.4,0.22499999999999998,0.0,0.0,0.5,0.0,"(1.0, 0.0)"
0.45,0.24999999999999997,0.0,0.0,0.5,0.0,"(1.0, 0.0)"
0.5,0.27499999999999997,0.0,0.0,0.5,0.0,"(1.0, 0.0)"
0.55,0.3,0.0,0.0,0.5,0.0,"(1.0, 0.0)"
0.6000000000000001,0.325,0.0,0.0,0.5,0.0,"(1.0, 0.0)"
0.65,0.35000000000000003,0.0,0.0,0.5,0.0,"(1.0, 0.0)"
0.7000000000000001,0.37500000000000006,0.0,0.0,0.5,0.0,"(1.0, 0.0)"
0.75,0.4000000000000001,0.0,0.0,0.5,0.0,"(1.0, 0.0)"
0.8,0.4240000000000001,0.0,0.0,0.4799999999999999,0.0,"(1.0, 0.0)"
0.8500000000000001,0.4470400000000001,0.0,0.0,0.4607999999999999,0.0,"(1.0, 0.0)"
0.9,0.4691584000000001,0.0,0.0,0.44236799999999993,0.0,"(1.0, 0.0)"
0.9500000000000001,0.49039206400000007,0.0,0.0,0.42467327999999993,0.0,"(1.0, 0.0)"
1.0,0.51077638144,0.0,0.0,0.40768634879999993,0.0,"(1.0, 0.0)"
1.05,0.5303453261824,0.0,0.0,0.391378894848,0.0,"(1.0, 0.0)"
1.1,0.549131513135104,0.0,0.0,0.37572373905407996,0.0,"(1.0, 0.0)"
1.1500000000000001,0.5671662526096999,0.0,0.0,0.3606947894919168,0.0,"(1.0, 0.0)"
1.2000000000000002,0.5844796025053118,0.0,0.0,0.34626699791224014,0.0,"(1.0, 0.0)"
1.25,0.6011004184050993,0.0,0.0,0.33241631799575055,0.0,"(1.0, 0.0)"
1.3,0.6170564016688953,0.0,0.0,0.31911966527592056,0.0,"(1.0, 0.0)"
1.35,0.6323741456021394,0.0,0.0,0.30635487866488376,0.0,"(1.0, 0.0)"
1.4000000000000001,0.6470791797780538,0.0,0.0,0.29410068351828844,0.0,"(1.0, 0.0)"
1.4500000000000002,0.6611960125869317,0.0,0.0,0.28233665617755693,0.0,"(1.0, 0.0)"
1.5,0.6747481720834545,0.0,0.0,0.2710431899304546,0.0,"(1.0, 0.0)"
1.55,0.6877582452001163,0.0,0.0,0.26020146233323643,0.0,"(1.0, 0.0)"
1.6,0.7002479153921116,0.0,0.0,0.24979340383990697,0.0,"(1.0, 0.0)"
1.6500000000000001,0.7122379987764271,0.0,0.0,0.23980166768631073,0.0,"(1.0, 0.0)"
1.7000000000000002,0.7237484788253701,0.0,0.0,0.23020960097885831,0.0,"(1.0, 0.0)"
1.75,0.7347985396723553,0.0,0.0,0.22100121693970395,0.0,"(1.0, 0.0)"
1.8,0.7454065980854611,0.0,0.0,0.21216116826211576,0.0,"(1.0, 0.0)"
1.85,0.7555903341620426,0.0,0.0,0.20367472153163116,0.0,"(1.0, 0.0)"
1.9000000000000001,0.7653667207955609,0.0,0.0,0.19552773267036594,0.0,"(1.0, 0.0)"
1.9500000000000002,0.7747520519637384,0.0,0.0,0.1877066233635513,0.0,"(1.0, 0.0)"
2.0,0.7837619698851889,0.0,0.0,0.18019835842900928,0.0,"(1.0, 0.0)"
2.0500000000000003,0.7924114910897813,0.0,0.0,0.17299042409184892,0.0,"(1.0, 0.0)"
2.1,0.80071503144619,0.0,0.0,0.166070807128175,0.0,"(1.0, 0.0)"
2.15,0.8086864301883424,0.0,0.0,0.15942797484304796,0.0,"(1.0, 0.0)"
2.2,0.8163389729808087,0.0,0.0,0.1530508558493261,0.0,"(1.0, 0.0)"
2.25,0.8236854140615764,0.0,0.0,0.14692882161535303,0.0,"(1.0, 0.0)"
2.3000000000000003,0.8307379974991133,0.0,0.0,0.1410516687507389,0.0,"(1.0, 0.0)"
2.35,0.8375084775991487,0.0,0.0,0.1354096020007094,0.0,"(1.0, 0.0)"
2.4000000000000004,0.8440081384951827,0.0,0.0,0.12999321792068105,0.0,"(1.0, 0.0)"
2.45,0.8502478129553754,0.0,0.0,0.1247934892038538,0.0,"(1.0, 0.0)"
2.5,0.8562379004371604,0.0,0.0,0.11980174963569966,0.0,"(1.0, 0.0)"
2.5500000000000003,0.861988384419674,0.0,0.0,0.11500967965027167,0.0,"(1.0, 0.0)"
2.6,0.867508849042887,0.0,0.0,0.11040929246426084,0.0,"(1.0, 0.0)"
2.6500000000000004,0.8728084950811715,0.0,0.0,0.10599292076569036,0.0,"(1.0, 0.0)"
2.7,0.8778961552779246,0.0,0.0,0.10175320393506278,0.0,"(1.0, 0.0)"
2.75,0.8827803090668076,0.0,0.0,0.09768307577766029,0.0,"(1.0, 0.0)"
2.8000000000000003,0.8874690967041353,0.0,0.0,0.09377575274655392,0.0,"(1.0, 0.0)"
2.85,0.8919703328359699,0.0,0.0,0.09002472263669176,0.0,"(1.0, 0.0)"
2.9000000000000004,0.8962915195225312,0.0,0.0,0.08642373373122406,0.0,"(1.0, 0.0)"
2.95,0.9004398587416299,0.0,0.0,0.08296678438197508,0.0,"(1.0, 0.0)"
3.0,0.9044222643919647,0.0,0.0,0.07964811300669608,0.0,"(1.0, 0.0)"
3.0500000000000003,0.9082453738162861,0.0,0.0,0.07646218848642823,0.0,"(1.0, 0.0)"
3.1,0.9119155588636346,0.0,0.0,0.07340370094697111,0.0,"(1.0, 0.0)"
3.1500000000000004,0.9154389365090893,0.0,0.0,0.0704675529090923,0.0,"(1.0, 0.0)"
3.2,0.9188213790487256,0.0,0.0,0.0676488507927286,0.0,"(1.0, 0.0)"
3.25,0.9220685238867766,0.0,0.0,0.0649428967610195,0.0,"(1.0, 0.0)"
3.3000000000000003,0.9251857829313056,0.0,0.0,0.0623451808905787,0.0,"(1.0, 0.0)"
3.35,0.9281783516140534,0.0,0.0,0.05985137365495552,0.0,"(1.0, 0.0)"
3.4000000000000004,0.9310512175494913,0.0,0.0,0.0574573187087573,0.0,"(1.0, 0.0)"
3.45,0.9338091688475116,0.0,0.0,0.055159025960406984,0.0,"(1.0, 0.0)"
3.5,0.9364568020936112,0.0,0.0,0.05295266492199069,0.0,"(1.0, 0.0)"
3.5500000000000003,0.9389985300098667,0.0,0.0,0.05083455832511108,0.0,"(1.0, 0.0)"
3.6,0.941438588809472,0.0,0.0,0.04880117599210668,0.0,"(1.0, 0.0)"
3.6500000000000004,0.943781045257093,0.0,0.0,0.046849128952422436,0.0,"(1.0, 0.0)"
3.7,0.9460298034468093,0.0,0.0,0.04497516379432556,0.0,"(1.0, 0.0)"
3.75,0.948188611308937,0.0,0.0,0.043176157242552554,0.0,"(1.0, 0.0)"
3.8000000000000003,0.9502610668565795,0.0,0.0,0.04144911095285045,0.0,"(1.0, 0.0)"
0.0,0.950887657233879,0.0,0.09999999999999999,0.012531807545991019,2.0,"(0.9659258262890683, 0.25881904510252074)"
0.05,0.9525115768823919,0.00016293544542665445,0.2,0.03264146433113809,2.0,"(0.9659258262890683, 0.25881904510252074)"
0.1,0.9550414773773851,0.0006757716646001447,0.30000000000000004,0.051627114977551326,2.0,"(0.9659258262890683, 0.25881904510252074)"
0.15000000000000002,0.9583540022997427,0.001700455700820636,0.4,0.06934781535225162,2.0,"(0.9659258262890683, 0.25881904510252074)"
0.2,0.9622998573148525,0.0033687364433330072,0.5,0.08568064527325743,2.0,"(0.9659258262890683, 0.25881904510252074)"
0.25,0.9667106395382309,0.005778357754123345,0.6,0.10052119116581466,2.0,"(0.9659258262890683, 0.25881904510252074)"
0.30000000000000004,0.971406131828889,0.008990716863447218,0.7,0.11378382819871366,2.0,"(0.9659258262890683, 0.25881904510252074)"
0.35000000000000003,0.9762017614527294,0.013030019972612498,0.7999999999999999,0.12540180715885674,2.0,"(0.9659258262890683, 0.25881904510252074)"
0.4,0.980915928226159,0.017883907846901286,0.8999999999999999,0.13532715302388512,2.0,"(0.9659258262890683, 0.25881904510252074)"
0.45,0.9853769240908465,0.02350546844424537,0.9916165716947258,0.14353038375810315,1.8323314338945196,"(0.9659258262890683, 0.25881904510252074)"
0.5,0.989455474292624,0.02974181476018963,1.0743231451340511,0.14903232819869738,1.6541314687865043,"(0.9659258262890683, 0.25881904510252074)"
0.55,0.9930796110015255,0.036431723106201984,1.1491767875019452,0.15216995835295943,1.497072847357882,"(0.9659258262890683, 0.25881904510252074)"
0.6000000000000001,0.996219288635166,0.043431862056985626,1.2170667167894207,0.15343991784859665,1.357798585749512,"(0.9659258262890683, 0.25881904510252074)"
0.65,0.9988735129109569,0.050619800714011565,1.2787491677709577,0.1532466882426711,1.2336490196307424,"(0.9659258262890683, 0.25881904510252074)"
0.7000000000000001,1.0010604710050248,0.057894055050371034,1.334873714089147,0.15191782233201365,1.1224909263637817,"(0.9659258262890683, 0.25881904510252074)"
0.75,1.0028102198792388,0.06517256211009663,1.3860033124673725,0.14971744873766513,1.022591967564513,"(0.9659258262890683, 0.25881904510252074)"
0.8,1.0041594251830144,0.07239043488157826,1.4326297220403188,0.1468578119093866,0.9325281914589256,"(0.9659258262890683, 0.25881904510252074)"
0.8500000000000001,1.0051476809420783,0.07949750057664857,1.475185496094698,0.1435089296725028,0.8511154810875848,"(0.9659258262890683, 0.25881904510252074)"
0.9,1.0058150142610427,0.08645590281286226,1.5140534136593142,0.13980657415092285,0.7773583512923254,"(0.9659258262890683, 0.25881904510252074)"
0.9500000000000001,1.0062002586976246,0.09323791067772805,1.5495739820430656,0.13585881488518697,0.7104113676750268,"(0.9659258262890683, 0.25881904510252074)"
1.0,1.0063400518378165,0.09982399502180672,1.5820514723692594,0.13175135537726054,0.6495498065238747,"(0.9659258262890683, 0.25881904510252074)"
1.05,1.006268272609852,0.10620118459326379,1.6117588288856688,0.12755187037102655,0.5941471303281881,"(0.9659258262890683, 0.25881904510252074)"
1.1,1.0060157817127977,0.11236168866354256,1.6389417053672837,0.12331352245883907,0.5436575296322982,"(0.9659258262890683, 0.25881904510252074)"
1.1500000000000001,1.0056103655444153,0.11830176011504961,1.663821818426171,0.1190778083751881,0.497602261177747,"(0.9659258262890683, 0.25881904510252074)"
1.2000000000000002,1.0050768120430933,0.12402076815478434,1.6865997611011596,0.11487685980618294,0.4555588534997723,"(0.9659258262890683, 0.25881904510252074)"
1.25,1.0044370677481185,0.12952044948094535,1.7074573858830986,0.1107353014215012,0.41715249563878176,"(0.9659258262890683, 0.25881904510252074)"
1.3,1.0037104407459274,0.13480430876108762,1.7265598409359755,0.10667175013593577,0.38204910105754,"(0.9659258262890683, 0.25881904510252074)"
1.35,1.0029138253384635,0.13987714241070642,1.74405732429122,0.1027000240391673,0.3499496671048919,"(0.9659258262890683, 0.25881904510252074)"
1.4000000000000001,1.0020619322998912,0.1447446631468563,1.7600866065049852,0.09883011659614101,0.32058564427530134,"(0.9659258262890683, 0.25881904510252074)"
1.4500000000000002,1.0011675142972498,0.14941320621775897,1.7747723614431323,0.09506898120485445,0.2937150987629422,"(0.9659258262890683, 0.25881904510252074)"
1.5,1.0002415800606566,0.1538895013629816,1.7882283366040568,0.09142116262143976,0.2691195032184912,"(0.9659258262890683, 0.25881904510252074)"
1.55,0.9992935936655257,0.1581804973469999,1.8005583880553016,0.08788930478781708,0.2466010290248949,"(0.9659258262890683, 0.25881904510252074)"
1.6,0.998331657178892,0.16229322830889514,1.811857400169055,0.08447455893758532,0.2259802422750723,"(0.9659258262890683, 0.25881904510252074)"
1.6500000000000001,0.9973626761788215,0.166234713197859,1.8222121065416534,0.08117691127020908,0.20709412745196717,"(0.9659258262890683, 0.25881904510252074)"
1.7000000000000002,0.9963925084658655,0.17001188125233468,1.831701825511121,0.07799544577220828,0.18979437938935362,"(0.9659258262890683, 0.25881904510252074)"
1.75,0.9954260967832638,0.17363151787177478,1.8403991213487596,0.07492855476268269,0.17394591675277293,"(0.9659258262890683, 0.25881904510252074)"
1.8,0.994467586645097,0.17710022636693729,1.8483704003486294,0.07197410731473061,0.1594255799973987,"(0.9659258262890683, 0.25881904510252074)"
1.85,0.9935204305081642,0.18042440199768184,1.8556764495613418,0.06912958374463277,0.14612098425424605,"(0.9659258262890683, 0.25881904510252074)"
1.9000000000000001,0.9925874795631728,0.18361021545256695,1.8623729247315755,0.06639218277805639,0.13392950340467114,"(0.9659258262890683, 0.25881904510252074)"
1.9500000000000002,0.9916710643984759,0.18666360352367062,1.8685107930379332,0.06375890672476982,0.12275736612715582,"(0.9659258262890683, 0.25881904510252074)"
2.0,0.9907730657291098,0.18959026520977718,1.8741367354500453,0.061226628961938416,0.11251884824224123,"(0.9659258262890683, 0.25881904510252074)"
2.0500000000000003,0.9898949763018354,0.19239566186387183,1.879293512873498,0.058792147193639885,0.1031355484690516,"(0.9659258262890683, 0.25881904510252074)"
2.1,0.9890379549944063,0.19508502030539218,1.8840202997191642,0.056452225282496604,0.09453573691332207,"(0.9659258262890683, 0.25881904510252074)"
2.15,0.9882028740317863,0.19766333805920372,1.8883529880873509,0.05420362590731381,0.08665376736373243,"(0.9659258262890683, 0.25881904510252074)"
2.2,0.9873903601482281,0.20013539007428088,1.8923244653814004,0.05204313586332757,0.07942954588099016,"(0.9659258262890683, 0.25881904510252074)"
2.25,0.986600830434895,0.20250573642571223,1.8959648678463878,0.04996758546890124,0.0728080492997496,"(0.9659258262890683, 0.25881904510252074)"
2.3000000000000003,0.9858345235296927,0.20477873062209095,1.8993018122556762,0.047973863257953775,0.06673888818576558,"(0.9659258262890683, 0.25881904510252074)"
2.35,0.9850915267299409,0.20695852823318328,1.9023606077329558,0.04605892690788701,0.0611759095455916,"(0.9659258262890683, 0.25881904510252074)"
2.4000000000000004,0.9843717995396853,0.2090490956252729,1.905164449493375,0.04421981116767283,0.056076835208387354,"(0.9659258262890683, 0.25881904510252074)"
2.45,0.9836751941016825,0.21105421864798604,1.9077345961092063,0.04245363340148556,0.051402932316623184,"(0.9659258262890683, 0.25881904510252074)"
2.5,0.9830014729090308,0.21297751116008795,1.910090531748983,0.04075759724289569,0.047118712795533035,"(0.9659258262890683, 0.25881904510252074)"
0.0,0.978879923887342,0.2246551742084655,1.9160535269411934,0.24767315608246815,0.11925990384420992,"(0.8660254037844387, 0.49999999999999994)"
0.05,0.9748553375092585,0.23584505623315197,1.9215192052715906,0.23783250849373513,0.10931356660794533,"(0.8660254037844387, 0.49999999999999994)"
0.1,0.9709321602380334,0.246568575930618,1.9265291018866928,0.22837267314930532,0.10019793230204355,"(0.8660254037844387, 0.49999999999999994)"
0.15000000000000002,0.9671136317266579,0.25684617862122433,1.9311212695030757,0.21928089479765078,0.09184335232765906,"(0.8660254037844387, 0.49999999999999994)"
0.2,0.9634019612332178,0.26669736713696085,1.9353305734779949,0.21054444948699363,0.0841860794983834,"(0.8660254037844387, 0.49999999999999994)"
0.25,0.9597984809951565,0.2761407367808698,1.9391889611706168,0.20215073589536944,0.07716775385243846,"(0.8660254037844387, 0.49999999999999994)"
0.30000000000000004,0.9563037794418383,0.2851940127008611,1.9427257079942786,0.19408734511065734,0.07073493647323516,"(0.8660254037844387, 0.49999999999999994)"
0.35000000000000003,0.952917816787579,0.29387408843593754,1.9459676423006742,0.18634211318185886,0.0648386861279121,"(0.8660254037844387, 0.49999999999999994)"
0.4,0.9496400252422981,0.30219706471611785,1.9489393510127182,0.17890315992151712,0.05943417424087827,"(0.8660254037844387, 0.49999999999999994)"
0.45,0.9464693958035798,0.31017828784789836,1.951663367727923,0.17175891676059774,0.0544803343040945,"(0.8660254037844387, 0.49999999999999994)"
0.5,0.9434045533506333,0.3178323872103292,1.9541603448435745,0.16489814590994945,0.04993954231303055,"(0.8660254037844387, 0.49999999999999994)"
0.55,0.9404438215452481,0.32517331153494655,1.9564492111048866,0.15830995264123932,0.04577732522624334,"(0.8660254037844387, 0.49999999999999994)"
0.6000000000000001,0.9375852788549452,0.33221436375562313,1.9585473158445206,0.1519837921445291,0.041962094792682425,"(0.8660254037844387, 0.49999999999999994)"
0.65,0.9348268068466259,0.33896823429958317,1.9604705610638202,0.14590947213289826,0.03846490438599248,"(0.8660254037844387, 0.49999999999999994)"
0.7000000000000001,0.9321661317526959,0.34544703275446986,1.9622335224007492,0.14007715213338873,0.03525922673858095,"(0.8660254037844387, 0.49999999999999994)"
0.75,0.9296008601835972,0.3516623178932679,1.9638495599351284,0.13447734021728674,0.032320750687585,"(0.8660254037844387, 0.49999999999999994)"
0.8,0.9271285097487724,0.3576251260728645,1.965330919696918,0.1291008877726917,0.029627195235792936,"(0.8660254037844387, 0.49999999999999994)"
0.8500000000000001,0.924746535250399,0.36334599804606393,1.9666888266668139,0.12393898280144178,0.027158139397917003,"(0.8660254037844387, 0.49999999999999994)"
0.9,0.922452351029004,0.3688350042432934,1.9679335699893146,0.11898314212512814,0.02489486645001371,"(0.8660254037844387, 0.49999999999999994)"
0.9500000000000001,0.9202433499657574,0.374101768590887,1.9690745810558332,0.11422520280657462,0.022820221330374642,"(0.8660254037844387, 0.49999999999999994)"
1.0,0.9181169195814644,0.3791554909391382,1.9701205050586506,0.10965731303010891,0.02091848005634611,"(0.8660254037844387, 0.49999999999999994)"
1.05,0.9160704556158212,0.3840049681763849,1.971079266564913,0.10527192263324513,0.01917523012525013,"(0.8660254037844387, 0.49999999999999994)"
1.1,0.9141013734212916,0.3886586141060952,1.9719581296129431,0.10106177344163872,0.017577260960601748,"(0.8660254037844387, 0.49999999999999994)"
1.1500000000000001,0.9122071174630751,0.393124478162923,1.9727637527903636,0.09701988952643681,0.01611246354841056,"(0.8660254037844387, 0.49999999999999994)"
1.2000000000000002,0.9103851691792585,0.39741026304151245,1.9735022397145543,0.09313956747687406,0.014769738483813575,"(0.8660254037844387, 0.49999999999999994)"
1.25,0.9086330534226453,0.40152334130883394,1.9741791853003767,0.08941436675989907,0.013538911716447498,"(0.8660254037844387, 0.49999999999999994)"
1.3,0.9069483436773433,0.40547077106733276,1.9747997181676131,0.08583810022174915,0.01241065734472968,"(0.8660254037844387, 0.49999999999999994)"
1.35,0.9053286662183987,0.40925931073237776,1.975368539510877,0.08240482477290367,0.011376426865279954,"(0.8660254037844387, 0.49999999999999994)"
1.4000000000000001,0.903771703361143,0.41289543298358033,1.9758899587276102,0.07910883228708253,0.010428384334659757,"(0.8660254037844387, 0.49999999999999994)"
1.4500000000000002,0.9022751959280493,0.41638533794563026,1.9763679260749576,0.07594464073638171,0.009559346946949043,"(0.8660254037844387, 0.49999999999999994)"
1.5,0.9008369450444249,0.4197349656504458,1.9768060626036048,0.07290698557782824,0.008762730572946518,"(0.8660254037844387, 0.49999999999999994)"
1.55,0.899454813359892,0.4229500078287262,1.9772076875958682,0.06999081140124525,0.008032499845267438,"(0.8660254037844387, 0.49999999999999994)"
1.6,0.898126725780055,0.4260359190754554,1.9775758437163085,0.06719126384406487,0.007363122408803879,"(0.8660254037844387, 0.49999999999999994)"
1.6500000000000001,0.8968506697817928,0.4289979274305671,1.977913320065714,0.06450368177539155,0.00674952698810849,"(0.8660254037844387, 0.49999999999999994)"
1.7000000000000002,0.8956246953760386,0.4318410444128502,1.9782226733133432,0.06192358974901541,0.0061870649525835875,"(0.8660254037844387, 0.49999999999999994)"
1.75,0.8944469147735519,0.43457007454225793,1.978506247067704,0.059446690723064535,0.005671475087213328,"(0.8660254037844387, 0.49999999999999994)"
1.8,0.8933155018018791,0.4371896243830792,1.9787661896327597,0.057068859042443555,0.005198851301117524,"(0.8660254037844387, 0.49999999999999994)"
1.85,0.892228691115323,0.4397041111379324,1.97900447028419,0.054786133679042656,0.0047656130286066745,"(0.8660254037844387, 0.49999999999999994)"
1.9000000000000001,0.8911847772341636,0.4421177708202421,1.9792228941890921,0.0525947117238406,0.004368478098041861,"(0.8660254037844387, 0.49999999999999994)"
1.9500000000000002,0.8901821134445103,0.44443466603074305,1.979423116082219,0.05049094212440121,0.0040044378625414545,"(0.8660254037844387, 0.49999999999999994)"
2.0,0.8892191105859095,0.44665869336161906,1.9796066528024119,0.048471319660833394,0.0036707344038544587,"(0.8660254037844387, 0.49999999999999994)"
2.0500000000000003,0.888294235750123,0.44879359045010847,1.9797748947842342,0.04653247915300277,0.0033648396364449606,"(0.8660254037844387, 0.49999999999999994)"
2.1,0.8874060109112489,0.4508429427017823,1.979929116591902,0.04467118989162219,0.0030844361533560742,"(0.8660254037844387, 0.49999999999999994)"
2.15,0.8865530115045319,0.45281018970221826,1.9800704865753298,0.04288435028578054,0.0028273996685573843,"(0.8660254037844387, 0.49999999999999994)"
2.2,0.8857338649687387,0.45469863133443483,1.9802000757214642,0.041168982719473446,0.002591782922687913,"(0.8660254037844387, 0.49999999999999994)"
0.0,0.8809148663630297,0.4658042978428596,2.0060082777564197,0.24212275907743327,0.516164040699113,"(0.7071067811865476, 0.7071067811865475)"
0.05,0.8759890912805415,0.47639862945739875,2.029633644994179,0.2336691015278538,0.47250734475518863,"(0.7071067811865476, 0.7071067811865475)"
0.1,0.8709994090962118,0.4864991696541966,2.0512655251774405,0.22531563688989334,0.4326376036652335,"(0.7071067811865476, 0.7071067811865475)"
0.15000000000000002,0.8659821790045791,0.49612533861820995,2.071075756072743,0.2171043313396746,0.396204617906053,"(0.7071067811865476, 0.7071067811865475)"
0.2,0.8609680225723884,0.5052975977639004,2.0892205296000435,0.2090665947129591,0.3628954705460097,"(0.7071067811865476, 0.7071067811865475)"
0.25,0.8559825420260997,0.5140368284614973,2.105842005005268,0.20122541535625635,0.3324295081044959,"(0.7071067811865476, 0.7071067811865475)"
0.30000000000000004,0.8510469748353853,0.5223638777476822,2.121069714866785,0.19359707984224206,0.30455419723034444,"(0.7071067811865476, 0.7071067811865475)"
0.35000000000000003,0.8461787816281956,0.530299233188749,2.135021798498576,0.1861925574007695,0.27904167263582025,"(0.7071067811865476, 0.7071067811865475)"
0.4,0.8413921685295415,0.5378627968434994,2.147806090249942,0.17901861368658673,0.2556858350273161,"(0.7071067811865476, 0.7071067811865475)"
0.45,0.8366985474243129,0.5450737346247118,2.159521084762021,0.17207870613642176,0.2342998902415827,"(0.7071067811865476, 0.7071067811865475)"
0.5,0.8321069389466786,0.5519503824864692,2.170256797025998,0.16537370314109434,0.21471424527953145,"(0.7071067811865476, 0.7071067811865475)"
0.55,0.8276243235738702,0.5585101949693108,2.1800955318006334,0.15890246113963402,0.19677469549270854,"(0.7071067811865476, 0.7071067811865475)"
0.6000000000000001,0.8232559463127178,0.5647697248971779,2.1891125743668844,0.15266228717481853,0.18034085132502267,"(0.7071067811865476, 0.7071067811865475)"
0.65,0.8190055802926339,0.5707446255970761,2.197376812559314,0.1466493091403127,0.1652847638485866,"(0.7071067811865476, 0.7071067811865475)"
0.7000000000000001,0.814875754240034,0.5764496690376633,2.204951298392979,0.14085877165973062,0.15148971667330424,"(0.7071067811865476, 0.7071067811865475)"
0.75,0.8108679483868816,0.5818987748673521,2.2118937563060297,0.13528527207306917,0.13884915826101185,"(0.7071067811865476, 0.7071067811865475)"
0.8,0.8069827629123426,0.5871050465665842,2.2182570439904947,0.129922948208227,0.12726575368930182,"(0.7071067811865476, 0.7071067811865475)"
0.8500000000000001,0.8032200625642474,0.592080811886088,2.224089570931859,0.1247656273567883,0.11665053882728094,"(0.7071067811865476, 0.7071067811865475)"
0.9,0.7995791006758166,0.5968376654820792,2.2294356790799457,0.11980694405033387,0.10692216296173561,"(0.7071067811865476, 0.7071067811865475)"
0.9500000000000001,0.7960586253937515,0.601386512227551,2.234335989497003,0.11504043276243545,0.09800620834114704,"(0.7071067811865476, 0.7071067811865475)"
1.0,0.7926569705713515,0.6057376101133354,2.2388277183487206,0.11045960047444292,0.08983457703434561,"(0.7071067811865476, 0.7071067811865475)"
1.05,0.789372133456171,0.6099006119830336,2.242944965200835,0.10605798308544066,0.08234493704228463,"(0.7071067811865476, 0.7071067811865475)"
1.1,0.7862018410149092,0.6138846055954499,2.2467189762429176,0.10182918887410446,0.07548022084165384,"(0.7071067811865476, 0.7071067811865475)"
1.1500000000000001,0.7831436064865139,0.6176981516950824,2.2501783847700914,0.09776693159691659,0.06918817054347383,"(0.7071067811865476, 0.7071067811865475)"
1.2000000000000002,0.7801947775349136,0.621349319909843,2.253349431003552,0.09386505530446257,0.06342092466921079,"(0.7071067811865476, 0.7071067811865475)"
1.25,0.777352577182179,0.6248457223966639,2.256256163114578,0.09011755255205851,0.058134642220516446,"(0.7071067811865476, 0.7071067811865475)"
1.3,0.7746141385380141,0.628194545228724,2.2589206211284,0.08651857735395832,0.05328916027644737,"(0.7071067811865476, 0.7071067811865475)"
1.35,0.7719765341992021,0.6314025775694754,2.261363005219288,0.08306245396670217,0.04884768181775745,"(0.7071067811865476, 0.7071067811865475)"
1.4000000000000001,0.7694368010701207,0.6344762387137267,2.263601829762766,0.07974368237455345,0.04477649086956137,"(0.7071067811865476, 0.7071067811865475)"
1.4500000000000002,0.7669919612500962,0.6374216030988186,2.2656540643820593,0.07655694117856361,0.04104469238586983,"(0.7071067811865476, 0.7071067811865475)"
1.5,0.7646390395428625,0.6402444234025507,2.2675352631112244,0.07349708845263003,0.03762397458330624,"(0.7071067811865476, 0.7071067811865475)"
1.55,0.762375078065686,0.6429501518514099,2.269259682694997,0.07055916101855178,0.03448839167544904,"(0.7071067811865476, 0.7071067811865475)"
1.6,0.7601971483690169,0.6455439598646471,2.2708403909535435,0.06773837250234704,0.031614165170934516,"(0.7071067811865476, 0.7071067811865475)"
1.6500000000000001,0.7581023614202711,0.6480307561582848,2.272289366057692,0.0650301104618017,0.028979502082967512,"(0.7071067811865476, 0.7071067811865475)"
1.7000000000000002,0.7560878757561987,0.6504152034292638,2.273617587485682,0.06242993281698456,0.026564428559803233,"(0.7071067811865476, 0.7071067811865475)"
1.75,0.7541509040660731,0.652701733734477,2.274835119365117,0.05993356376858062,0.024350637588694823,"(0.7071067811865476, 0.7071067811865475)"
1.8,0.7522887184316719,0.6548945626729823,2.2759511868427342,0.05753688935115081,0.02232134955234777,"(0.7071067811865476, 0.7071067811865475)"
1.85,0.750498654418834,0.6569977024726978,2.2769742460692264,0.05523595273806661,0.020461184529847465,"(0.7071067811865476, 0.7071067811865475)"
1.9000000000000001,0.7487781141885573,0.6590149740756661,2.277912048335965,0.053026949390446804,0.018756045334775706,"(0.7071067811865476, 0.7071067811865475)"
1.9500000000000002,0.7471245687725103,0.660950018308781,2.278771698854656,0.05090622212280474,0.017193010373813822,"(0.7071067811865476, 0.7071067811865475)"
2.0,0.7455355596379426,0.6628063062198574,2.279559710629181,0.04887025614235405,0.015760235490507316,"(0.7071067811865476, 0.7071067811865475)"
2.0500000000000003,0.7440086996498342,0.6645871486521994,2.2802820538308017,0.046915674106277686,0.014446864032406914,"(0.7071067811865476, 0.7071067811865475)"
2.1,0.7425416735233347,0.6662957051244578,2.280944201053115,0.04503923123113096,0.013242944446261173,"(0.7071067811865476, 0.7071067811865475)"
2.15,0.7411322378467746,0.6679349920766097,2.2815511687914256,0.04323781048043853,0.012139354766211863,"(0.7071067811865476, 0.7071067811865475)"
2.2,0.7397782207445056,0.6695078905373505,2.2821075554621544,0.04150841785005948,0.011127733414575404,"(0.7071067811865476, 0.7071067811865475)"
0.0,0.7318033535836032,0.6787615034589425,2.303722360321425,0.2443177098261147,0.43229609718541956,"(0.5000000000000001, 0.8660254037844386)"
0.05,0.7239282495861438,0.6875096671359905,2.323516983552865,0.23541251512289885,0.39589246462879424,"(0.5000000000000001, 0.8660254037844386)"
0.1,0.7161794804049906,0.695782157560804,2.341647484403036,0.22669585055877842,0.36261001700341744,"(0.5000000000000001, 0.8660254037844386)"
0.15000000000000002,0.7085782396350491,0.7036078295512377,2.358255902916242,0.21819257855800667,0.33216837026412094,"(0.5000000000000001, 0.8660254037844386)"
0.2,0.7011411523801185,0.7110143180269466,2.373471664251499,0.20992030714369536,0.3043152267051408,"(0.5000000000000001, 0.8660254037844386)"
0.25,0.6938809799028006,0.7180278565738042,2.387412810671427,0.20189088869848795,0.27882292839855993,"(0.5000000000000001, 0.8660254037844386)"
0.30000000000000004,0.6868072286535188,0.7246731820997122,2.4001870886475936,0.19411162570232735,0.2554855595233285,"(0.5000000000000001, 0.8660254037844386)"
0.35000000000000003,0.6799266737750727,0.7309735016927358,2.4118929130998508,0.18658624001736845,0.23411648904514196,"(0.5000000000000001, 0.8660254037844386)"
0.4,0.6732438071527752,0.7369505035190637,2.42262022658132,0.17931565143438377,0.21454626962938428,"(0.5000000000000001, 0.8660254037844386)"
0.45,0.6667612195699485,0.742624398055283,2.432451267940661,0.17229860240542758,0.19662082718682306,"(0.5000000000000001, 0.8660254037844386)"
0.5,0.6604799257599329,0.748013979397645,2.441461262418917,0.1655321587772935,0.18019988956512245,"(0.5000000000000001, 0.8660254037844386)"
0.55,0.654399640264069,0.7531366990441224,2.4497190431044116,0.15901211059239115,0.16515561370989085,"(0.5000000000000001, 0.8660254037844386)"
0.6000000000000001,0.6485190111010941,0.7580087465757245,2.4572876120514295,0.15273329237939148,0.15137137894035924,"(0.5000000000000001, 0.8660254037844386)"
0.65,0.6428358173813103,0.7626451332095386,2.464224648072493,0.1466898386048602,0.13874072042127206,"(0.5000000000000001, 0.8660254037844386)"
0.7000000000000001,0.6373471361888619,0.7670597753663966,2.4705829671682773,0.14087538692822954,0.1271663819156843,"(0.5000000000000001, 0.8660254037844386)"
0.75,0.6320494833219601,0.7712655762766863,2.4764109407088735,0.1352832394573502,0.1165594708119233,"(0.5000000000000001, 0.8660254037844386)"
0.8,0.626938931828553,0.7752745043057055,2.481752875783252,0.12990649022835032,0.10683870148756713,"(0.5000000000000001, 0.8660254037844386)"
0.8500000000000001,0.6220112117023231,0.7790976671672892,2.486649361558115,0.12473812554090002,0.09792971549725693,"(0.5000000000000001, 0.8660254037844386)"
0.9,0.6172617936062144,0.7827453815517289,2.491137585007939,0.119771102494872,0.0897644689964816,"(0.5000000000000001, 0.8660254037844386)"
0.9500000000000001,0.612685959061326,0.7862272379525175,2.49525161897555,0.11499841003754223,0.08228067935222237,"(0.5000000000000001, 0.8660254037844386)"
1.0,0.6082788591707118,0.7895521606603276,2.499022685182005,0.1104131159940034,0.07542132412910241,"(0.5000000000000001, 0.8660254037844386)"
1.05,0.6040355636330709,0.7927284630203796,2.5024793945141193,0.10600840287870524,0.06913418664229008,"(0.5000000000000001, 0.8660254037844386)"
1.1,0.5999511015335565,0.7957638981351831,2.5056479666684384,0.10177759474177352,0.0633714430863863,"(0.5000000000000001, 0.8660254037844386)"
1.1500000000000001,0.5960204951715735,0.7986657052493877,2.5085524310145284,0.09771417686479207,0.058089286921797496,"(0.5000000000000001, 0.8660254037844386)"
1.2000000000000002,0.5922387879927324,0.8014406520854137,2.511214810352382,0.09381180976672107,0.05324758675707253,"(0.5000000000000001, 0.8660254037844386)"
1.25,0.5886010675290049,0.804095073413927,2.5136552890739097,0.09006433869515465,0.048809574430559444,"(0.5000000000000001, 0.8660254037844386)"
1.3,0.5851024841131557,0.8066349061468073,2.515892367093207,0.08646579954794824,0.04474156038594801,"(0.5000000000000001, 0.8660254037844386)"
1.35,0.5817382660168838,0.8090657212355999,2.5179430007816035,0.08301042198467588,0.04101267376793283,"(0.5000000000000001, 0.8660254037844386)"
1.4000000000000001,0.5785037315635045,0.8113927526482141,2.519822732028985,0.07969263033779447,0.037594624947632216,"(0.5000000000000001, 0.8660254037844386)"
1.4500000000000002,0.5753942986826466,0.813620923682796,2.521545806450549,0.07650704281282987,0.0344614884312866,"(0.5000000000000001, 0.8660254037844386)"
1.5,0.5724054923039436,0.8157548708617398,2.5231252816664043,0.07344846936975073,0.03158950431710106,"(0.5000000000000001, 0.8660254037844386)"
1.55,0.5695329499270458,0.8177989656317448,2.5245731264988764,0.0705119085994267,0.028956896649445785,"(0.5000000000000001, 0.8660254037844386)"
1.6,0.5667724256547764,0.8197573340784567,2.525900311857944,0.06769254384602783,0.026543707181349022,"(0.5000000000000001, 0.8660254037844386)"
1.6500000000000001,0.564119792933454,0.8216338748470658,2.5271168940178903,0.06498573877546253,0.024331643198926,"(0.5000000000000001, 0.8660254037844386)"
1.7000000000000002,0.5615710462081132,0.823432275443643,2.528232090927288,0.06238703254909506,0.022303938187950845,"(0.5000000000000001, 0.8660254037844386)"
1.75,0.5591223016695331,0.8251560270762165,2.529254352139057,0.0598921347291126,0.02044522423538031,"(0.5000000000000001, 0.8660254037844386)"
1.8,0.5567697972438106,0.8268084381797624,2.5301914228970324,0.05749692001547826,0.01874141515951222,"(0.5000000000000001, 0.8660254037844386)"
1.85,0.5545098919529339,0.8283926467554823,2.531050402869669,0.0551974228931643,0.017179599452735728,"(0.5000000000000001, 0.8660254037844386)"
1.9000000000000001,0.5523390647558545,0.8299116316420011,2.5318377999797868,0.052989832251300495,0.015747942202347653,"(0.5000000000000001, 0.8660254037844386)"
1.9500000000000002,0.5502539129633865,0.8313682228244202,2.532559579741196,0.050870486022184816,0.014435595228182718,"(0.5000000000000001, 0.8660254037844386)"
2.0,0.5482511503064733,0.8327651108764835,2.533221210478315,0.04883586587713309,0.013232614742378912,"(0.5000000000000001, 0.8660254037844386)"
2.0500000000000003,0.546327604725579,0.8341048556214049,2.5338277047731474,0.04688259200736454,0.012129885896651205,"(0.5000000000000001, 0.8660254037844386)"
2.1,0.5444802159388968,0.8353898940881076,2.53438365745501,0.045007418011098456,0.011119053637250742,"(0.5000000000000001, 0.8660254037844386)"
2.15,0.5427060328384489,0.8366225478316813,2.5348932804218753,0.04320722590244181,0.010192459337304838,"(0.5000000000000001, 0.8660254037844386)"
2.2,0.5410022107557745,0.8378050296797015,2.535360434557958,0.04147902125318881,0.009343082721646747,"(0.5000000000000001, 0.8660254037844386)"
0.0,0.5309795844589065,0.8447539697697213,2.5578640035012956,0.24391868010577186,0.4500713788667532,"(0.25881904510252074, 0.9659258262890683)"
0.05,0.5211709892579158,0.8512326516667338,2.5784709058213573,0.23510156013057376,0.41213804640123364,"(0.25881904510252074, 0.9659258262890683)"
0.1,0.5115965321852738,0.8572770722612274,2.5973441361528513,0.22645551312255965,0.3774646066298837,"(0.25881904510252074, 0.9659258262890683)"
0.15000000000000002,0.5022710248576078,0.8629210509581374,2.6146319610541564,0.21800879106084373,0.34575649802610076,"(0.25881904510252074, 0.9659258262890683)"
0.2,0.4932048922227432,0.8681961037102934,2.6304694131452835,0.20978173656539767,0.3167490418225416,"(0.25881904510252074, 0.9659258262890683)"
0.25,0.4844049439769021,0.8731314167512817,2.6449795981318327,0.20178840793467914,0.29020369973098653,"(0.25881904510252074, 0.9659258262890683)"
0.30000000000000004,0.4758750257313992,0.8777538888809581,2.6582748451527385,0.19403788688253426,0.2659049404181168,"(0.25881904510252074, 0.9659258262890683)"
0.35000000000000003,0.46761656618912745,0.8820882192224102,2.6704577247788834,0.18653533018725701,0.24365759252289895,"(0.25881904510252074, 0.9659258262890683)"
0.4,0.4596290352354739,0.886157023519719,2.681621954267326,0.17928281473177768,0.22328458976884624,"(0.25881904510252074, 0.9659258262890683)"
0.45,0.45191032626161237,0.8899809667044837,2.691853206003683,0.17228001590837896,0.20462503472714277,"(0.25881904510252074, 0.9659258262890683)"
0.5,0.44445707440725485,0.8935789029647876,2.7012298321915194,0.16552475166897954,0.18753252375672602,"(0.25881904510252074, 0.9659258262890683)"
0.55,0.437264920843761,0.8969680171710762,2.709823516584149,0.15901341828178445,0.17187368785258839,"(0.25881904510252074, 0.9659258262890683)"
0.6000000000000001,0.43032873177534714,0.9001639634589118,2.7176998622595203,0.15274133882811694,0.15752691350742531,"(0.25881904510252074, 0.9659258262890683)"
0.65,0.42364277954237417,0.9031809982014185,2.7249189230058346,0.1467030414123564,0.14438121492628686,"(0.25881904510252074, 0.9659258262890683)"
0.7000000000000001,0.41720089207304467,0.9060321056498161,2.7315356847330596,0.14089248077851732,0.13233523454449617,"(0.25881904510252074, 0.9659258262890683)"
0.75,0.4109965759434635,0.9087291152748842,2.737600502391671,0.1353032143793952,0.1212963531722222,"(0.25881904510252074, 0.9659258262890683)"
0.8,0.4050231174597935,0.9112828103788777,2.743159497117423,0.12992854180708627,0.11117989451504218,"(0.25881904510252074, 0.9659258262890683)"
0.8500000000000001,0.39927366545608206,0.913703027922072,2.748254917693345,0.12476161476891467,0.10190841151843766,"(0.25881904510252074, 0.9659258262890683)"
0.9,0.3937412988922716,0.915998749763003,2.7529254698994308,0.11979552340099385,0.09341104412171286,"(0.25881904510252074, 0.9659258262890683)"
0.9500000000000001,0.3884190818242864,0.9181781856784108,2.7572066168849525,0.1150233635886599,0.08562293971043466,"(0.25881904510252074, 0.9659258262890683)"
1.0,0.3833001078882579,0.920248848631878,2.7611308533310814,0.11043828905701168,0.07848472892257985,"(0.25881904510252074, 0.9659258262890683)"
1.05,0.3783775360815918,0.9222176228170778,2.76472795585942,0.10603355126391473,0.07194205056677781,"(0.25881904510252074, 0.9659258262890683)"
1.1,0.37364461932380433,0.9240908250258192,2.7680252118748125,0.10180252953827658,0.0659451203078465,"(0.25881904510252074, 0.9659258262890683)"
1.1500000000000001,0.369094727030405,0.9258742598925931,2.7710476288002948,0.09773875343088619,0.060448338509648813,"(0.25881904510252074, 0.9659258262890683)"
1.2000000000000002,0.3647213627254461,0.9275732695534304,2.7738181254618786,0.09383591886161277,0.05540993323167265,"(0.25881904510252074, 0.9659258262890683)"
1.25,0.3605181775457748,0.9291927782329374,2.776357707205887,0.09008789933749561,0.050791634880175136,"(0.25881904510252074, 0.9659258262890683)"
1.3,0.3564789803466642,0.9307373322432742,2.7786856261777726,0.08648875326688552,0.04655837943771002,"(0.25881904510252074, 0.9659258262890683)"
1.35,0.35259774499943264,0.9322111358454005,2.78081952805538,0.08303272819374378,0.04267803755214627,"(0.25881904510252074, 0.9659258262890683)"
1.4000000000000001,0.3488686153727824,0.9336180833881053,2.78277558640891,0.07971426261412287,0.03912116707060154,"(0.25881904510252074, 0.9659258262890683)"
1.4500000000000002,0.34528590840744444,0.9349617881055461,2.7845686257521427,0.07652798590621293,0.035860786864652106,"(0.25881904510252074, 0.9659258262890683)"
1.5,0.3418441156254575,0.9362456079201927,2.786212234253077,0.07346871680005516,0.03287217001868292,"(0.25881904510252074, 0.9659258262890683)"
1.55,0.33853790335865297,0.9374726685657857,2.7877188669855437,0.07053146072819427,0.03013265464933967,"(0.25881904510252074, 0.9659258262890683)"
1.6,0.33536211193369503,0.9386458843145721,2.7890999405253214,0.06771140633020953,0.02762147079555244,"(0.25881904510252074, 0.9659258262890683)"
1.6500000000000001,0.3323117540117063,0.9397679765648526,2.790365919623808,0.06500392132903547,0.02531958196973383,"(0.25881904510252074, 0.9659258262890683)"
1.7000000000000002,0.329382012247741,0.9408414905188485,2.7915263966285213,0.06240454795268151,0.023209540094261127,"(0.25881904510252074, 0.9659258262890683)"
1.75,0.3265682364080344,0.9418688101570668,2.7925901642618296,0.05990899803931172,0.021275352666161318,"(0.25881904510252074, 0.9659258262890683)"
1.8,0.323865940060137,0.9428521716936418,2.7935652823167745,0.057513147934970636,0.01950236109890202,"(0.25881904510252074, 0.9659258262890683)"
1.85,0.3212707969319669,0.943793675677462,2.794459138781033,0.05521303327019028,0.017877129285170934,"(0.25881904510252074, 0.9659258262890683)"
1.9000000000000001,0.31877863701985554,0.944695297886131,2.7952785058565253,0.05300484368319671,0.016387341509846998,"(0.25881904510252074, 0.9659258262890683)"
1.9500000000000002,0.3163854425122989,0.9455588991438222,2.7960295913024926,0.0508849175425693,0.015021708919344954,"(0.25881904510252074, 0.9659258262890683)"
2.0,0.3140873435849212,0.9463862341797336,2.7967180854936426,0.04884973671028772,0.013769883823002704,"(0.25881904510252074, 0.9659258262890683)"
2.0500000000000003,0.31188061411275747,0.9471789596309925,2.7973492045519013,0.04689592137655359,0.01262238116517489,"(0.25881904510252074, 0.9659258262890683)"
2.1,0.30976166733806587,0.9479386412823643,2.797927729880088,0.045020224990138594,0.011570506563731708,"(0.25881904510252074, 0.9659258262890683)"
2.15,0.3077270515252435,0.948666760624856,2.798458044398221,0.043219529301913424,0.010606290362663584,"(0.25881904510252074, 0.9659258262890683)"
2.2,0.3057734456288374,0.9493647208061637,2.7989441657579013,0.041490839534353785,0.0097224271936025,"(0.25881904510252074, 0.9659258262890683)"
0.0,0.2942822459745319,0.9534638566278297,2.8212617138510527,0.24400867523887462,0.44635096186303236,"(6.123233995736766e-17, 1.0)"
0.05,0.2831217602497886,0.9571664228627002,2.8416986198399545,0.2351726500559128,0.4087381197780371,"(6.123233995736766e-17, 1.0)"
0.1,0.27230167482362194,0.960512211272727,2.86041642168531,0.2265114113807199,0.3743560369071075,"(6.123233995736766e-17, 1.0)"
0.15000000000000002,0.2618271994208412,0.9635375356601784,2.8775620789493903,0.21805249149025274,0.34291314528160816,"(6.123233995736766e-17, 1.0)"
0.2,0.2516999649229372,0.9662753525473631,2.8932694478128815,0.20981565230772534,0.31414737726982667,"(6.123233995736766e-17, 1.0)"
0.25,0.24191876457355652,0.9687554400958014,2.907660572151148,0.20181448364539564,0.2878224867653345,"(6.123233995736766e-17, 1.0)"
0.30000000000000004,0.23248016296692178,0.9710046103092758,2.920846820461616,0.19405768929671188,0.2637249662093544,"(6.123233995736766e-17, 1.0)"
0.35000000000000003,0.2233789942974365,0.9730469369616125,2.932929892471386,0.18655012120635628,0.24166144019539537,"(6.123233995736766e-17, 1.0)"
0.4,0.21460876844785254,0.9749039871418358,2.9440027146436396,0.17929361039878483,0.22145644344507498,"(6.123233995736766e-17, 1.0)"
0.45,0.2061620007675626,0.9765950482943712,2.9541502402139983,0.17228763399200128,0.20295051140717835,"(6.123233995736766e-17, 1.0)"
0.5,0.19803047892838666,0.9781373455181711,2.9634501665789763,0.1655298500543466,0.185998527299559,"(6.123233995736766e-17, 1.0)"
0.55,0.19020547807466104,0.9795462459567584,2.9719735806447978,0.1590165259420012,0.17046828131642822,"(6.123233995736766e-17, 1.0)"
0.6000000000000001,0.18267793360740708,0.9808354485739447,2.9797855409882823,0.15274288080908466,0.1562392068696872,"(6.123233995736766e-17, 1.0)"
0.65,0.17543857934101356,0.9820171586275798,2.9869456042780205,0.14670335898705597,0.14320126579476344,"(6.123233995736766e-17, 1.0)"
0.7000000000000001,0.1684780574186613,0.9831022468461067,2.993508302274559,0.14089184770387908,0.1312539599307727,"(6.123233995736766e-17, 1.0)"
0.75,0.1617870052398878,0.9841003937693712,2.999523574812438,0.13530185000877426,0.12030545075757848,"(6.123233995736766e-17, 1.0)"
0.8,0.15535612371051513,0.9850202200024203,3.0050371634185056,0.12992662166597246,0.11027177212135086,"(6.123233995736766e-17, 1.0)"
0.8500000000000001,0.14917623034374364,0.9858694032979053,3.0100909696044837,0.12475927908415824,0.10107612371956232,"(6.123233995736766e-17, 1.0)"
0.9,0.14323830009634744,0.9866547834651785,3.0147233813598944,0.11979288397912245,0.09264823510821585,"(6.123233995736766e-17, 1.0)"
0.9500000000000001,0.13753349629341136,0.9873824561285327,3.0189695709430002,0.11502050936243846,0.08492379166211705,"(6.123233995736766e-17, 1.0)"
1.0,0.132053193559751,0.9880578563423759,3.022861766705877,0.11043529055772794,0.07784391525753387,"(6.123233995736766e-17, 1.0)"
1.05,0.1267889943197131,0.9886858330312176,3.0264295013822817,0.10603046422711586,0.07135469352809844,"(6.123233995736766e-17, 1.0)"
1.1,0.12173274013566328,0.9892707151669916,3.0296998390035172,0.10179939781053518,0.06540675242471039,"(6.123233995736766e-17, 1.0)"
1.1500000000000001,0.11687651891758437,0.9898163705323909,3.0326975823800955,0.09773561131278387,0.059954867531563094,"(6.123233995736766e-17, 1.0)"
1.2000000000000002,0.11221266884221492,0.9903262578513653,3.035445462889406,0.09383279299599787,0.05495761018621148,"(6.123233995736766e-17, 1.0)"
1.25,0.10773377966209614,0.9908034730000123,3.0379643141367856,0.09008481023098902,0.05037702494758545,"(6.123233995736766e-17, 1.0)"
1.3,0.1034326919562003,0.9912507899449565,3.040273230905383,0.08648571651560173,0.04617833537194249,"(6.123233995736766e-17, 1.0)"
1.35,0.09930249476908722,0.9916706969933365,3.042389714675817,0.0830297554704725,0.042329675408689926,"(6.123233995736766e-17, 1.0)"
1.4000000000000001,0.09533652200034984,0.9920654288795104,3.044329806877203,0.07971136246314892,0.038801844027718246,"(6.123233995736766e-17, 1.0)"
1.4500000000000002,0.09152834783684483,0.9924369951589741,3.0461082109245696,0.0765251643830226,0.035568080947330216,"(6.123233995736766e-17, 1.0)"
1.5,0.08787178146389696,0.9927872053298945,3.0477384040022795,0.07346597798597435,0.03260386155419792,"(6.123233995736766e-17, 1.0)"
1.55,0.08436086124590536,0.9931176910570517,3.0492327394673038,0.07052880714419275,0.0298867093004862,"(6.123233995736766e-17, 1.0)"
1.6,0.0809898485295946,0.9934299258317025,3.0506025406689368,0.06770883926941935,0.027396024032655394,"(6.123233995736766e-17, 1.0)"
1.6500000000000001,0.07775322119294412,0.993725242363677,3.0518581869117276,0.06500144112374899,0.025112924855815733,"(6.123233995736766e-17, 1.0)"
1.7000000000000002,0.07464566703829034,0.994004847968631,3.053009192225204,0.06240215418854595,0.023020106269524554,"(6.123233995736766e-17, 1.0)"
1.75,0.07166207710816637,0.9942698381834941,3.054064277546628,0.05990668972697582,0.021101706428471312,"(6.123233995736766e-17, 1.0)"
1.8,0.06879753898626428,0.9945212088164807,3.0550314368709435,0.0575109236474546,0.019343186486313616,"(6.123233995736766e-17, 1.0)"
1.85,0.06604733013277085,0.9947598666142711,3.0559179978746926,0.055210891252649885,0.01773122007498462,"(6.123233995736766e-17, 1.0)"
1.9000000000000001,0.06340691129267273,0.9949866387078469,3.056730677477506,0.053002781940459945,0.01625359205626564,"(6.123233995736766e-17, 1.0)"
1.9500000000000002,0.060871920006986845,0.9952022809797016,3.057475632765439,0.05088293390878354,0.014899105758657827,"(6.123233995736766e-17, 1.0)"
2.0,0.05843816424987101,0.9954074854785174,3.05815850766451,0.04884782890417434,0.013657497981423017,"(6.123233995736766e-17, 1.0)"
2.0500000000000003,0.05610161620890266,0.9956028869926573,3.058784475720013,0.04689408704508996,0.012519361110057135,"(6.123233995736766e-17, 1.0)"
2.1,0.05385840622123193,0.9957890688807821,3.0593582793072143,0.045018461742940157,0.01147607174402765,"(6.123233995736766e-17, 1.0)"
2.15,0.051704816874616914,0.9959665682463613,3.059884265571667,0.043217834738148136,0.010519725289058758,"(6.123233995736766e-17, 1.0)"
2.2,0.04963727727936978,0.9961358805326491,3.060366419372321,0.04148921126366548,0.009643076013076126,"(6.123233995736766e-17, 1.0)"
0.0,0.037477972419873495,0.997125712907906,3.082723214650849,0.24399054309319157,0.4471359055705643,"(-0.25881904510252063, 0.9659258262890683)"
0.05,0.025740417465892382,0.9978174955170289,3.1031959876406274,0.23515846527481118,0.4094554597955608,"(-0.25881904510252063, 0.9659258262890683)"
0.1,0.014423745026348612,0.9982522316737595,3.1219465834092266,0.2265003934918422,0.3750119153719861,"(-0.25881904510252063, 0.9659258262890683)"
0.15000000000000002,0.0035236483352561396,0.9984664032935059,3.139122237104653,0.21804401148196648,0.3435130739085352,"(-0.25881904510252063, 0.9659258262890683)"
0.2,-0.006966779821699909,0.998492319072882,-3.128328254187498,0.20980920336713252,0.3146963177487067,"(-0.25881904510252063, 0.9659258262890683)"
0.25,-0.017056375030154856,0.9983584788026604,-3.113912008295564,0.20180965753740332,0.28832491783868486,"(-0.25881904510252063, 0.9659258262890683)"
0.30000000000000004,-0.026755365937181252,0.9980899358846637,-3.100702761288665,0.19405415729984957,0.2641849401379792,"(-0.25881904510252063, 0.9659258262890683)"
0.35000000000000003,-0.036074950347448426,0.9977086465550165,-3.0885986297536365,0.1865476187282998,0.2420826307005708,"(-0.25881904510252063, 0.9659258262890683)"
0.4,-0.04502696158512062,0.9972337988593958,-3.077506520416283,0.17929192456264792,0.22184218674707323,"(-0.25881904510252063, 0.9659258262890683)"
0.45,-0.05362360765382559,0.9966821175900913,-3.0673413283350537,0.17228659362060872,0.20330384162458914,"(-0.25881904510252063, 0.9659258262890683)"
0.5,-0.06187726886229741,0.996068143559543,-3.0580252179749183,0.16552931758987025,0.1863222072027093,"(-0.25881904510252063, 0.9659258262890683)"
0.55,-0.06980034222253861,0.995404487031519,-3.049486976513895,0.15901639092741698,0.17076482922046665,"(-0.25881904510252063, 0.9659258262890683)"
0.6000000000000001,-0.07740512312553327,0.994702056065782,-3.0416614304992575,0.1527430546298959,0.15651092029275168,"(-0.25881904510252063, 0.9659258262890683)"
0.65,-0.08470371661532723,0.9939702611059068,-3.0344889183801174,0.1467037706298807,0.14345024238280102,"(-0.25881904510252063, 0.9659258262890683)"
0.7000000000000001,-0.09170797207241656,0.9932171974624885,-3.0279148125774085,0.1408924403354616,0.13148211605417903,"(-0.25881904510252063, 0.9659258262890683)"
0.75,-0.09842943633382045,0.992449807494468,-3.0218890856719347,0.1353025782168962,0.12051453810947299,"(-0.25881904510252063, 0.9659258262890683)"
0.8,-0.10487932126593523,0.991674024326412,-3.016365916042531,0.129927449234348,0.11046339258806825,"(-0.25881904510252063, 0.9659258262890683)"
0.8500000000000001,-0.11106848260699431,0.9908948988996713,-3.0113033289051727,0.12476017719810169,0.10125174274716707,"(-0.25881904510252063, 0.9659258262890683)"
0.9,-0.1170074075424445,0.9901167120688161,-3.0066628692175925,0.11979382977871339,0.09280919375160734,"(-0.25881904510252063, 0.9659258262890683)"
0.9500000000000001,-0.12270620899710469,0.9893430733414041,-3.0024093033439163,0.11502148477599959,0.08507131747352402,"(-0.25881904510252063, 0.9659258262890683)"
1.0,-0.12817462504613097,0.9885770077325337,-2.9985103467365524,0.11043628136141197,0.07797913214727781,"(-0.25881904510252063, 0.9659258262890683)"
1.05,-0.13342202218198349,0.9878210320749183,-2.994936415201002,0.10603145928687367,0.07147863071100269,"(-0.25881904510252063, 0.9659258262890683)"
1.1,-0.1384574014426951,0.9870772219963316,-2.991660397573516,0.10180038847118798,0.06552035254972055,"(-0.25881904510252063, 0.9659258262890683)"
1.1500000000000001,-0.14328940662077785,0.986347270652972,-2.9886574478695627,0.09773659090574219,0.06005899407906412,"(-0.25881904510252063, 0.9659258262890683)"
1.2000000000000002,-0.14792633394263552,0.9856325401917732,-2.985904795159229,0.09383375644266981,0.05505305420668072,"(-0.25881904510252063, 0.9659258262890683)"
1.25,-0.15237614274395236,0.984934106808058,-2.9833815695989188,0.09008575372335988,0.05046451120620188,"(-0.25881904510252063, 0.9659258262890683)"
1.3,-0.15664646677412294,0.9842528001676294,-2.9810686432011124,0.08648663725904614,0.04625852795613005,"(-0.25881904510252063, 0.9659258262890683)"
1.35,-0.16074462584796897,0.9835892378743314,-2.978948484058657,0.08303065147674943,0.04240318284910338,"(-0.25881904510252063, 0.9659258262890683)"
1.4000000000000001,-0.16467763763025675,0.982943855584962,-2.9770050228597746,0.07971223238385973,0.038869223977652245,"(-0.25881904510252063, 0.9659258262890683)"
1.4500000000000002,-0.16845222939150262,0.9823169333026208,-2.975223530636737,0.0765260073756921,0.0356298444607539,"(-0.25881904510252063, 0.9659258262890683)"
1.5,-0.17207484961513994,0.9817086183165169,-2.973590506786812,0.07346679360643062,0.03266047699850505,"(-0.25881904510252063, 0.9659258262890683)"
1.55,-0.17555167936864863,0.9811189452002764,-2.9720935764899923,0.07052959526014588,0.029938605936391527,"(-0.25881904510252063, 0.9659258262890683)"
1.6,-0.17888864337658344,0.9805478532312008,-2.9707213967254638,0.0677095999911243,0.0274435952905705,"(-0.25881904510252063, 0.9659258262890683)"
1.6500000000000001,-0.182091420753071,0.9799952015491037,-2.9694635701587058,0.06500217474843531,0.025156531335160937,"(-0.25881904510252063, 0.9659258262890683)"
1.7000000000000002,-0.18516545536647025,0.9794607823346835,-2.968310566234455,0.06240286115593793,0.023060078485016566,"(-0.25881904510252063, 0.9659258262890683)"
1.75,-0.18811596582045767,0.9789443322533045,-2.967253648868197,0.05990737058374531,0.02113834732516695,"(-0.25881904510252063, 0.9659258262890683)"
1.8,-0.190947955044564,0.9784455423800573,-2.966284810181035,0.05751157901886622,0.019376773743232656,"(-0.25881904510252063, 0.9659258262890683)"
1.85,-0.19366621949375673,0.9779640667955731,-2.965396709770268,0.05521152181999511,0.017762008215344016,"(-0.25881904510252063, 0.9659258262890683)"
1.9000000000000001,-0.19627535796151135,0.9774995300188578,-2.9645826190512286,0.05300338842314893,0.016281814380786352,"(-0.25881904510252063, 0.9659258262890683)"
1.9500000000000002,-0.19877978001432367,0.977051533423025,-2.963836370245383,0.05088351705018209,0.014924976116910129,"(-0.25881904510252063, 0.9659258262890683)"
2.0,-0.20118371405808694,0.97661966076189,-2.9631523096256367,0.0488483894604509,0.013681212394925923,"(-0.25881904510252063, 0.9659258262890683)"
2.0500000000000003,-0.20349121504842843,0.9762034829196601,-2.962525254662656,0.04689462577647955,0.012541099259611999,"(-0.25881904510252063, 0.9659258262890683)"
2.1,-0.20570617185815837,0.9758025619821438,-2.96195045474602,0.045018979406947934,0.011495998332728963,"(-0.25881904510252063, 0.9659258262890683)"
2.15,-0.2078323143155763,0.9754164547157806,-2.9614235551814483,0.04321833208430715,0.010537991291431625,"(-0.25881904510252063, 0.9659258262890683)"
2.2,-0.20987321992762373,0.9750447155301505,-2.9609405641904543,0.04148968902953881,0.00965981981987607,"(-0.25881904510252063, 0.9659258262890683)"
0.0,-0.22187441426340543,0.9728527778999986,-2.9385919941718632,0.2439944721174435,0.4469714003718228,"(-0.4999999999999998, 0.8660254037844387)"
0.05,-0.23339105230607593,0.9704822402648007,-2.918126738005704,0.23516156189800688,0.40930512332317925,"(-0.4999999999999998, 0.8660254037844387)"
0.1,-0.24443459628281775,0.9679724680079351,-2.899383014996567,0.226502821481378,0.3748744601827436,"(-0.4999999999999998, 0.8660254037844387)"
0.15000000000000002,-0.2550186574326646,0.9653575705038302,-2.882213647759963,0.21804590285595576,0.3433873447320778,"(-0.4999999999999998, 0.8660254037844387)"
0.2,-0.265158276419697,0.9626669545574346,-2.866484584028691,0.20981066452703181,0.3145812746254429,"(-0.4999999999999998, 0.8660254037844387)"
0.25,-0.27486936895949526,0.959925850188733,-2.85207360292607,0.20181077421846388,0.28821962205242024,"(-0.4999999999999998, 0.8660254037844387)"
0.30000000000000004,-0.2841683029835364,0.9571557992526921,-2.8388691758073272,0.19405499856662387,0.26408854237484847,"(-0.4999999999999998, 0.8660254037844387)"
0.35000000000000003,-0.29307157988818433,0.9543751023683625,-2.826769457757525,0.1865482401989984,0.24199436099604507,"(-0.4999999999999998, 0.8660254037844387)"
0.4,-0.30159559766467087,0.9515992229216053,-2.8156813904634688,0.1792923710109144,0.22176134588112292,"(-0.4999999999999998, 0.8660254037844387)"
0.45,-0.309756478070123,0.9488411490080276,-2.8055199007784837,0.1722869010747486,0.20322979369969962,"(-0.4999999999999998, 0.8660254037844387)"
0.5,-0.3175699435860097,0.9461117154597787,-2.7962071821186676,0.1655295150264832,0.18625437319632066,"(-0.4999999999999998, 0.8660254037844387)"
0.55,-0.3250512328320042,0.9434198888122195,-2.7876720480513164,0.1590165016377137,0.1707026813470247,"(-0.4999999999999998, 0.8660254037844387)"
0.6000000000000001,-0.3322150454667284,0.940773018399207,-2.7798493491991083,0.15274309732189595,0.1564539770441642,"(-0.4999999999999998, 0.8660254037844387)"
0.65,-0.33907550950784093,0.9381770568492533,-2.772679445992005,0.14670376031750013,0.1433980641420629,"(-0.4999999999999998, 0.8660254037844387)"
0.7000000000000001,-0.34564616552560073,0.9356367531802398,-2.766107730932146,0.140892389055658,0.13143430119718968,"(-0.4999999999999998, 0.8660254037844387)"
0.75,-0.35193996337702166,0.9331558215205815,-2.760084194955853,0.1353024956080929,0.12047071952585031,"(-0.4999999999999998, 0.8660254037844387)"
0.8,-0.35796926811108354,0.9307370882625866,-2.7545630332276425,0.12992734300294473,0.11042323456421754,"(-0.4999999999999998, 0.8660254037844387)"
0.8500000000000001,-0.36374587243796297,0.9283826202078703,-2.7495022863194096,0.12476005349470148,0.10121493816465765,"(-0.4999999999999998, 0.8660254037844387)"
0.9,-0.3692810137568153,0.926093836013768,-2.7448635132413233,0.11979369350151783,0.09277546156172489,"(-0.4999999999999998, 0.8660254037844387)"
0.9500000000000001,-0.37458539420972853,0.9238716030054841,-2.7406114932205665,0.11502133981545239,0.08504040041513729,"(-0.4999999999999998, 0.8660254037844387)"
1.0,-0.37966920260029996,0.921716321188242,-2.7367139534865603,0.11043613079745038,0.07795079468012722,"(-0.4999999999999998, 0.8660254037844387)"
1.05,-0.3845421373049556,0.9196279960807288,-2.733141320629527,0.10603130554795194,0.0714526571406604,"(-0.4999999999999998, 0.8660254037844387)"
1.1,-0.38921342953054777,0.9176063017972986,-2.7298664933633394,0.10180023346246622,0.06549654532375881,"(-0.4999999999999998, 0.8660254037844387)"
1.1500000000000001,-0.3936918664464408,0.9156506356319596,-2.726864634751504,0.09773643611240426,0.06003717223670657,"(-0.4999999999999998, 0.8660254037844387)"
1.2000000000000002,-0.39798581385399595,0.913760165241491,-2.7241129821531778,0.09383360301318207,0.055033051966526525,"(-0.4999999999999998, 0.8660254037844387)"
1.25,-0.40210323815965315,0.9119338693870037,-2.721590673319256,0.09008560253655125,0.05044617667844142,"(-0.4999999999999998, 0.8660254037844387)"
1.3,-0.4060517274964763,0.9101705730714602,-2.719278587220889,0.08648648897814085,0.046241721967339444,"(-0.4999999999999998, 0.8660254037844387)"
1.35,-0.4098385118984593,0.9084689778036092,-2.717159198327439,0.08303050659287776,0.04238777786900072,"(-0.4999999999999998, 0.8660254037844387)"
1.4000000000000001,-0.41347048247633056,0.90682768762496,-2.715216443170518,0.07971209125108376,0.038855103138421,"(-0.4999999999999998, 0.8660254037844387)"
1.4500000000000002,-0.41695420957640467,0.9052452314543592,-2.7134355981374947,0.07652587023918976,0.035616900660463406,"(-0.4999999999999998, 0.8660254037844387)"
1.5,-0.42029595992785185,0.9037200822330909,-2.7118031675334393,0.07346666062516376,0.03264861208111092,"(-0.4999999999999998, 0.8660254037844387)"
1.55,-0.42350171280066107,0.9022506732909455,-2.7103067810363655,0.07052946652508103,0.029927729941480186,"(-0.4999999999999998, 0.8660254037844387)"
1.6,-0.4265771752081963,0.9008354122992738,-2.7089350997480293,0.06770947553986903,0.027433625766725145,"(-0.4999999999999998, 0.8660254037844387)"
1.6500000000000001,-0.42952779619585413,0.8994726931296476,-2.70767773011246,0.06500205457698482,0.02514739271138433,"(-0.4999999999999998, 0.8660254037844387)"
1.7000000000000002,-0.43235878026192265,0.8981609058955001,-2.706525145037701,0.06240274522809391,0.023051701495185872,"(-0.4999999999999998, 0.8660254037844387)"
1.75,-0.4350750999590861,0.896898445418215,-2.7054686116136533,0.05990725883865861,0.02113066848095535,"(-0.4999999999999998, 0.8660254037844387)"
1.8,-0.43768150772571485,0.8956837183278996,-2.7045001248710867,0.0575114713770687,0.019369734851333312,"(-0.4999999999999998, 0.8660254037844387)"
1.85,-0.4401825469955895,0.8945151489818917,-2.7036123470743254,0.05521141818821455,0.01775555593522604,"(-0.4999999999999998, 0.8660254037844387)"
1.9000000000000001,-0.44258256263338214,0.8933911843603853,-2.702798552083349,0.05300328869814461,0.016275899819527817,"(-0.4999999999999998, 0.8660254037844387)"
1.9500000000000002,-0.44488571074132766,0.8923102980779712,-2.70205257436045,0.05088342112179196,0.014919554457978322,"(-0.4999999999999998, 0.8660254037844387)"
2.0,-0.44709596788026895,0.8912709936319456,-2.701368762232549,0.048848297214004965,0.013676242558021688,"(-0.4999999999999998, 0.8660254037844387)"
2.0500000000000003,-0.4492171397458005,0.8902718069926266,-2.7007419350531006,0.04689453709470368,0.012536543588967941,"(-0.4999999999999998, 0.8660254037844387)"
2.1,-0.4512528693376839,0.8893113086273065,-2.7001673439375273,0.045018894171458324,0.011491822311461286,"(-0.4999999999999998, 0.8660254037844387)"
2.15,-0.4532066446581411,0.8883881050376101,-2.6996406357735396,0.04321825017677606,0.010534163279756203,"(-0.4999999999999998, 0.8660254037844387)"
2.2,-0.4550818059721147,0.887500839879693,-2.6991578202327795,0.041489610332597036,0.009656310815198134,"(-0.4999999999999998, 0.8660254037844387)"
0.0,-0.4661068047857839,0.8822776538326027,-2.6768075176034265,0.243993664937372,0.4470060525870567,"(-0.7071067811865475, 0.7071067811865476)"
0.05,-0.47661753292981124,0.8770073359528321,-2.6563406780537617,0.23516092929862173,0.40933679099329545,"(-0.7071067811865475, 0.7071067811865476)"
0.1,-0.48663524903360733,0.8717249476054055,-2.637595507329135,0.22650232898518619,0.37490341449254005,"(-0.7071067811865475, 0.7071067811865476)"
0.15000000000000002,-0.49618192767479646,0.866459916568646,-2.620424815877782,0.21804552267467292,0.3434138290270561,"(-0.7071067811865475, 0.7071067811865476)"
0.2,-0.5052797074227996,0.8612367578945881,-2.6046945404796236,0.20981037426930343,0.31460550796317377,"(-0.7071067811865475, 0.7071067811865476)"
0.25,-0.5139504913373146,0.8560757253006513,-2.5902824503713564,0.20181055584670504,0.28824180216534107,"(-0.7071067811865475, 0.7071067811865476)"
0.30000000000000004,-0.5222156649267148,0.8509933926193507,-2.577077007963146,0.1940548375550934,0.26410884816420627,"(-0.7071067811865475, 0.7071067811865476)"
0.35000000000000003,-0.5300959038721872,0.8460031680373334,-2.5649763602306828,0.18654812485437614,0.24201295464926886,"(-0.7071067811865475, 0.7071067811865476)"
0.4,-0.5376110497469198,0.841115745675806,-2.5538874414964723,0.17929229192407334,0.2217783746842128,"(-0.7071067811865475, 0.7071067811865476)"
0.45,-0.5447800367194512,0.8363394999661088,-2.543725171916448,0.17228685067842742,0.20324539160048616,"(-0.7071067811865475, 0.7071067811865476)"
0.5,-0.5516208560255775,0.8316808285799224,-2.5344117388083225,0.16552948723842814,0.1862686621625098,"(-0.7071067811865475, 0.7071067811865476)"
0.55,-0.5581505480001718,0.8271444496057603,-2.5258759501806365,0.15901649157279443,0.17071577255372228,"(-0.7071067811865475, 0.7071067811865476)"
0.6000000000000001,-0.5643852138297398,0.8227336583732162,-2.5180526515847106,0.15274310105987757,0.1564659719185213,"(-0.7071067811865475, 0.7071067811865476)"
0.65,-0.5703400410447079,0.8184505489151847,-2.5108821988203505,0.1467037747157222,0.14340905528719916,"(-0.7071067811865475, 0.7071067811865476)"
0.7000000000000001,-0.576029338221222,0.8142962045924279,-2.504309980159686,0.14089241159794613,0.13144437321328753,"(-0.7071067811865475, 0.7071067811865476)"
0.75,-0.5814665754901536,0.8102708619269329,-2.4982859826725354,0.1353025242829012,0.12047994974300869,"(-0.7071067811865475, 0.7071067811865476)"
0.8,-0.5866644283242031,0.8063740512265775,-2.4927643979875858,0.1299273762050804,0.11043169369899575,"(-0.7071067811865475, 0.7071067811865476)"
0.8500000000000001,-0.5916348227469991,0.8026047171487568,-2.4877032634420755,0.12476008994607382,0.10122269091020764,"(-0.7071067811865475, 0.7071067811865476)"
0.9,-0.5963889806243182,0.7989613219525297,-2.483064135086088,0.11979373218723378,0.09278256711975796,"(-0.7071067811865475, 0.7071067811865476)"
0.9500000000000001,-0.6009374640913988,0.7954419338304954,-2.4788117894372563,0.11502137993229171,0.0850469129766307,"(-0.7071067811865475, 0.7071067811865476)"
1.0,-0.6052902184689218,0.7920443023929877,-2.474913951244223,0.11043617171232638,0.07795676386066817,"(-0.7071067811865475, 0.7071067811865476)"
1.05,-0.6094566132449624,0.7887659230964637,-2.4713410448254525,0.10603134676442698,0.07145812837540677,"(-0.7071067811865475, 0.7071067811865476)"
1.1,-0.6134454808678186,0.7856040921623775,-2.4680659668141356,0.10180027459376416,0.06550156022633424,"(-0.7071067811865475, 0.7071067811865476)"
1.1500000000000001,-0.6172651532182267,0.7825559533191034,-2.4650638783678467,0.09773647685966258,0.06004176892578261,"(-0.7071067811865475, 0.7071067811865476)"
1.2000000000000002,-0.6209234957193139,0.7796185375142212,-2.4623120150996813,0.09383364314793043,0.055037265363305776,"(-0.7071067811865475, 0.7071067811865476)"
1.25,-0.6244279391066968,0.7767887965843957,-2.459789513160785,0.09008564188659814,0.050450038777919426,"(-0.7071067811865475, 0.7071067811865476)"
1.3,-0.6277855089256138,0.7740636317320639,-2.4574772500564923,0.08648652741620905,0.046245262085857775,"(-0.7071067811865475, 0.7071067811865476)"
1.35,-0.6310028528516823,0.7714399175393347,-2.455357698912976,0.08303054402745602,0.04239102287032392,"(-0.7071067811865475, 0.7071067811865476)"
1.4000000000000001,-0.6340862659505229,0.7689145221473626,-2.453414795030961,0.0797121276190658,0.038858077640304696,"(-0.7071067811865475, 0.7071067811865476)"
1.4500000000000002,-0.6370417140019502,0.7664843241416881,-2.451633813669785,0.07652590549995435,0.03561962722352429,"(-0.7071067811865475, 0.7071067811865476)"
1.5,-0.6398748550189032,0.7641462266086669,-2.450001258100708,0.07346669475581616,0.032651111381543085,"(-0.7071067811865475, 0.7071067811865476)"
1.55,-0.6425910590914478,0.7618971687633774,-2.4485047570542524,0.070529499516631,0.02993002092910424,"(-0.7071067811865475, 0.7071067811865476)"
1.6,-0.6451954266833306,0.759734135493811,-2.4471329707637715,0.06770950739416348,0.02743572580961806,"(-0.7071067811865475, 0.7071067811865476)"
1.6500000000000001,-0.6476928055036434,0.7576541651183957,-2.445875504877357,0.06500208530424878,0.02514931772829132,"(-0.7071067811865475, 0.7071067811865476)"
1.7000000000000002,-0.6500878060699199,0.7556543556128645,-2.444722831573519,0.06240277484496139,0.023053466076754514,"(-0.7071067811865475, 0.7071067811865476)"
1.75,-0.6523848160719589,0.753731869527195,-2.443666217273481,0.05990728736659798,0.021132286000764555,"(-0.7071067811865475, 0.7071067811865476)"
1.8,-0.654588013638256,0.7518839377829889,-2.4426976563951017,0.05751149884112613,0.019371217567583088,"(-0.7071067811865475, 0.7071067811865476)"
1.85,-0.6567013795994148,0.7501078625155289,-2.4418098106409065,0.055211444616013086,0.017756915083902976,"(-0.7071067811865475, 0.7071067811865476)"
1.9000000000000001,-0.6587287088355043,0.7484010191022323,-2.4409959533559196,0.05300331411908927,0.016277145699737927,"(-0.7071067811865475, 0.7071067811865476)"
1.9500000000000002,-0.6606736207871751,0.7467608574998192,-2.440249918530412,0.050883445566440345,0.014920696510155596,"(-0.7071067811865475, 0.7071067811865476)"
2.0,-0.6625395692035273,0.7451849029957639,-2.439566054058633,0.048848320713570925,0.013677289435581885,"(-0.7071067811865475, 0.7071067811865476)"
2.0500000000000003,-0.6643298511933113,0.743670756465152,-2.438939178897435,0.04689455968066786,0.012537503223954971,"(-0.7071067811865475, 0.7071067811865476)"
2.1,-0.6660476156400501,0.7422160942115754,-2.438364543798699,0.04501891587526448,0.011492701974725739,"(-0.7071067811865475, 0.7071067811865476)"
2.15,-0.667695871036126,0.7408186674599081,-2.4378377953168937,0.04321827102959626,0.010534969636104563,"(-0.7071067811865475, 0.7071067811865476)"
2.2,-0.6692774927857673,0.7394763015594717,-2.4373549428181978,0.041489630365151936,0.009657049973915699,"(-0.7071067811865475, 0.7071067811865476)"
0.0,-0.6785749428643649,0.7315775735627345,-2.41500500372836,0.24399383757009693,0.44699878179675023,"(-0.8660254037844387, 0.49999999999999994)"
0.05,-0.6873634486508261,0.7237664288012844,-2.394538496407017,0.2351610651812838,0.4093301464268573,"(-0.8660254037844387, 0.49999999999999994)"
0.1,-0.6956726190509287,0.7160712309275575,-2.375793629444562,0.22650243535445702,0.3748973392490962,"(-0.8660254037844387, 0.49999999999999994)"
0.15000000000000002,-0.7035312963642747,0.7085147167886774,-2.358623215842206,0.21804560536401127,0.34340827204712543,"(-0.8660254037844387, 0.49999999999999994)"
0.2,-0.710967209732036,0.7011148355666202,-2.3428931946780316,0.20981043798000695,0.3146004232834876,"(-0.8660254037844387, 0.49999999999999994)"
0.25,-0.7180067578589285,0.6938854813592026,-2.3284813372631734,0.20181060436671158,0.28823714829716685,"(-0.8660254037844387, 0.49999999999999994)"
0.30000000000000004,-0.7246748870857581,0.6868371278025426,-2.315276107884671,0.19405487393557516,0.26410458757004984,"(-0.8660254037844387, 0.49999999999999994)"
0.35000000000000003,-0.7309950387700094,0.6799773745411666,-2.3031756552197415,0.1865481515522496,0.24200905329858857,"(-0.8660254037844387, 0.49999999999999994)"
0.4,-0.7369891461246185,0.6733114155774232,-2.2920869151360845,0.17929231091699258,0.221774801673138,"(-0.8660254037844387, 0.49999999999999994)"
0.45,-0.7426776654958758,0.6668424391708279,-2.2819248091948943,0.17228686355756495,0.20324211882380203,"(-0.8660254037844387, 0.49999999999999994)"
0.5,-0.7480796308063422,0.6605719682709351,-2.272611525993459,0.1655294952833295,0.18626566402870748,"(-0.8660254037844387, 0.49999999999999994)"
0.55,-0.7532127227754907,0.6545001496235365,-2.2640758747066676,0.1590164958117654,0.17071302573582692,"(-0.8660254037844387, 0.49999999999999994)"
0.6000000000000001,-0.7580933467443176,0.6486259987964158,-2.2562527019499226,0.15274310231869814,0.15646345513489757,"(-0.8660254037844387, 0.49999999999999994)"
0.65,-0.7627367146185133,0.6429476074927228,-2.249082364494538,0.1467037736569415,0.1434067491076896,"(-0.8660254037844387, 0.49999999999999994)"
0.7000000000000001,-0.7671569277255038,0.6374623186945785,-2.2425102515001916,0.14089240875257728,0.13144225988693248,"(-0.8660254037844387, 0.49999999999999994)"
0.75,-0.7713670583464214,0.6321668744259554,-2.236486350847978,0.1353025200759853,0.12047801304426953,"(-0.8660254037844387, 0.49999999999999994)"
0.8,-0.7753792284073959,0.627057540249778,-2.230964854908478,0.1299273709763044,0.11042991879000374,"(-0.8660254037844387, 0.49999999999999994)"
0.8500000000000001,-0.7792046843520564,0.6221302100199559,-2.225903801697631,0.1247600839663973,0.10122106421693533,"(-0.8660254037844387, 0.49999999999999994)"
0.9,-0.7828538676127174,0.6173804938909399,-2.221264747886611,0.11979372567229749,0.09278107622040399,"(-0.8660254037844387, 0.49999999999999994)"
0.9500000000000001,-0.7863364803853898,0.612803792139324,-2.2170124705615732,0.11502137305322872,0.0850455465007538,"(-0.8660254037844387, 0.49999999999999994)"
1.0,-0.7896615466197041,0.6083953569669763,-2.213114694991681,0.11043616460447933,0.07795551139784473,"(-0.8660254037844387, 0.49999999999999994)"
1.05,-0.7928374682792451,0.6041503441258775,-2.2095418459720633,0.10603133953437531,0.07145698039235704,"(-0.8660254037844387, 0.49999999999999994)"
1.1,-0.795872077026121,0.6000638559242573,-2.2062668205724822,0.10180026732498851,0.06550050799162153,"(-0.8660254037844387, 0.49999999999999994)"
1.1500000000000001,-0.7987726815476598,0.5961309769351871,-2.203264780350418,0.09773646961711024,0.0600408044412859,"(-0.8660254037844387, 0.49999999999999994)"
1.2000000000000002,-0.801546110781955,0.5923468035266052,-2.200512961285328,0.0938336359816939,0.05503638130180066,"(-0.8660254037844387, 0.49999999999999994)"
1.25,-0.8041987533194247,0.5887064681605414,-2.19799049986402,0.0900856348348792,0.05044922842616595,"(-0.8660254037844387, 0.49999999999999994)"
1.3,-0.8067365932647852,0.5852051592644917,-2.195678273899387,0.08648652050770554,0.046244519292656376,"(-0.8660254037844387, 0.49999999999999994)"
1.35,-0.8091652428417855,0.5818381373554431,-2.1935587567994332,0.08303053728328416,0.042390341999076764,"(-0.8660254037844387, 0.49999999999999994)"
1.4000000000000001,-0.8114899720146201,0.5786007479935632,-2.1916158841231494,0.07971212105430726,0.03885745352567249,"(-0.8660254037844387, 0.49999999999999994)"
1.4500000000000002,-0.8137157353873287,0.5754884320550866,-2.1898349313665593,0.07652589912490079,0.03561905513180142,"(-0.8660254037844387, 0.49999999999999994)"
1.5,-0.8158471966272965,0.5724967337399688,-2.188202402017838,0.07346668857697049,0.032650586974420914,"(-0.8660254037844387, 0.49999999999999994)"
1.55,-0.8178887506423803,0.5696213066673168,-2.186705925006313,0.07052949353751178,0.029929540230503312,"(-0.8660254037844387, 0.49999999999999994)"
1.6,-0.8198445437240288,0.56685791835865,-2.185334160747546,0.06770950161595096,0.027435285175337883,"(-0.8660254037844387, 0.49999999999999994)"
1.6500000000000001,-0.8217184918516657,0.5642024533641927,-2.184076715056634,0.06500207972630331,0.02514891381823814,"(-0.8660254037844387, 0.49999999999999994)"
1.7000000000000002,-0.8235142973369499,0.561650915249378,-2.1829240602651594,0.062402769465238754,0.023053095829496106,"(-0.8660254037844387, 0.49999999999999994)"
1.75,-0.8252354639706112,0.5591994276264743,-2.1818674629346475,0.05990728218198234,0.02113194661023443,"(-0.8660254037844387, 0.49999999999999994)"
1.8,-0.8268853108195389,0.5568442343888467,-2.18089891761156,0.05751149384769564,0.019370906461748664,"(-0.8660254037844387, 0.49999999999999994)"
1.85,-0.8284669848077871,0.5545816992820637,-2.1800110861163,0.055211439809252305,0.017756629905207877,"(-0.8660254037844387, 0.49999999999999994)"
1.9000000000000001,-0.8299834722021779,0.552408304926232,-2.179197241901939,0.05300330949405773,0.016276884287211857,"(-0.8660254037844387, 0.49999999999999994)"
1.9500000000000002,-0.8314376091112502,0.5503206513870468,-2.1784512190577896,0.05088344111790686,0.01492045688298971,"(-0.8660254037844387, 0.49999999999999994)"
2.0,-0.8328320910953849,0.5483154543786379,-2.1777673655688847,0.04884831643611946,0.013677069778100792,"(-0.8660254037844387, 0.49999999999999994)"
2.0500000000000003,-0.8341694819760002,0.5463895431689944,-2.1771405004752924,0.04689455556878133,0.012537301871846651,"(-0.8660254037844387, 0.49999999999999994)"
2.1,-0.8354522219226911,0.5445398582482367,-2.176565874605172,0.04501891192339002,0.011492517402408309,"(-0.8660254037844387, 0.49999999999999994)"
2.15,-0.8366826348890412,0.5427634488110231,-2.176039134582914,0.04321826723219629,0.010534800445155534,"(-0.8660254037844387, 0.49999999999999994)"
2.2,-0.8378629354604789,0.5410574700966775,-2.17555628983879,0.041489626716743534,0.009656894882477118,"(-0.8660254037844387, 0.49999999999999994)"
0.0,-0.8447992477291375,0.5310215341482111,-2.153206274241324,0.24399380176559046,0.4470003119493249,"(-0.9659258262890682, 0.258819045102521)"
0.05,-0.8512666251063138,0.5212019204451969,-2.1327396970018535,0.235161037091807,0.4093315447894019,"(-0.9659258262890682, 0.258819045102521)"
0.1,-0.8573010086807941,0.5116183630090911,-2.1139947661120284,0.22650241345742259,0.37489861779649797,"(-0.9659258262890682, 0.258819045102521)"
0.15000000000000002,-0.8629361427417654,0.5022853591677902,-2.0968242940357813,0.21804558843219862,0.3434094415249439,"(-0.9659258262890682, 0.258819045102521)"
0.2,-0.8682034572163415,0.49321306980135526,-2.0810942193675426,0.20981042502450267,0.3146014933647756,"(-0.9659258262890682, 0.258819045102521)"
0.25,-0.8731320473980531,0.48440808320037076,-2.0666823129818774,0.20181059459084877,0.28823812771330504,"(-0.9659258262890682, 0.258819045102521)"
0.30000000000000004,-0.8777487204242796,0.475874059624611,-2.0534770387708337,0.19405486669775884,0.2641054842208751,"(-0.9659258262890682, 0.258819045102521)"
0.35000000000000003,-0.882078085885266,0.4676122727743786,-2.041376545053539,0.18654814633595698,0.2420098743458954,"(-0.9659258262890682, 0.258819045102521)"
0.4,-0.8861426739874403,0.4596220630019168,-2.0302877673725037,0.17929230730656587,0.22177555362070556,"(-0.9659258262890682, 0.258819045102521)"
0.45,-0.8899630692665519,0.4519012154912608,-2.0201256269931824,0.1722868612186807,0.20324280758642843,"(-0.9659258262890682, 0.258819045102521)"
0.5,-0.8935580512856951,0.44444627500202066,-2.0108123122435737,0.16552949394724137,0.18626629499217673,"(-0.9659258262890682, 0.258819045102521)"
0.55,-0.8969447363233789,0.4372528072103694,-2.0022766320531065,0.15901649526259276,0.17071360380934653,"(-0.9659258262890682, 0.258819045102521)"
0.6000000000000001,-0.9001387159636617,0.4303156152444837,-1.9944534328132448,0.15274310238317165,0.15646398479723045,"(-0.9659258262890682, 0.258819045102521)"
0.65,-0.9031541899039109,0.42362891872645986,-1.9872830710908473,0.146703774196132,0.1434072344479509,"(-0.9659258262890682, 0.258819045102521)"
0.7000000000000001,-0.9060040913192005,0.41718650150392067,-1.9807109358588049,0.1408924096552243,0.1314427046408495,"(-0.9659258262890682, 0.258819045102521)"
0.75,-0.9087002038601677,0.4109818332766853,-1.9746870148274778,0.1353025212531162,0.1204784206265408,"(-0.9659258262890682, 0.258819045102521)"
0.8,-0.9112532698853757,0.40500816948552276,-1.9691655002113133,0.12992737235689486,0.1104302923232875,"(-0.9659258262890682, 0.258819045102521)"
0.8500000000000001,-0.9136730898946145,0.39925863311691157,-1.9641044298834176,0.12476008549387198,0.10122140655791367,"(-0.9659258262890682, 0.258819045102521)"
0.9,-0.9159686133775863,0.39372628147486866,-1.9594653603842542,0.11979372730170795,0.09278138998326912,"(-0.9659258262890682, 0.258819045102521)"
0.9500000000000001,-0.9181480214543128,0.38840416046365883,-1.9552130686803322,0.11502137474897825,0.08504583407844213,"(-0.9659258262890682, 0.258819045102521)"
1.0,-0.9202188017828861,0.3832853484999655,-1.9513152799312699,0.11043616633848855,0.07795577498124762,"(-0.9659258262890682, 0.258819045102521)"
1.05,-0.9221878162644387,0.37836299181764693,-1.947742418831881,0.10603134128460348,0.07145722198777404,"(-0.9659258262890682, 0.258819045102521)"
1.1,-0.9240613620975685,0.3736303326317207,-1.944467382360051,0.10180026907424178,0.06550072943660334,"(-0.9659258262890682, 0.258819045102521)"
1.1500000000000001,-0.9258452267346248,0.3690807313813307,-1.9414653319890982,0.09773647135208113,0.060041007419052154,"(-0.9659258262890682, 0.258819045102521)"
1.2000000000000002,-0.9275447372774434,0.364707684066103,-1.9387135036213792,0.0938336376921876,0.05503656735438012,"(-0.9659258262890682, 0.258819045102521)"
1.25,-0.9291648048255516,0.3605048355196368,-1.9361910336730603,0.09008563651318993,0.050449398966376235,"(-0.9659258262890682, 0.258819045102521)"
1.3,-0.9307099642593737,0.3564659893221119,-1.9338787998923088,0.08648652214811492,0.0462446756150281,"(-0.9659258262890682, 0.258819045102521)"
1.35,-0.9321844099072866,0.35258511493625544,-1.9317592756278168,0.08303053888165693,0.04239048528984213,"(-0.9659258262890682, 0.258819045102521)"
1.4000000000000001,-0.9335920275104568,0.34885635255312697,-1.9298163963842223,0.07971212260776614,0.03885758487188973,"(-0.9659258262890682, 0.258819045102521)"
1.4500000000000002,-0.9349364228645612,0.34527401605294405,-1.9280354376077378,0.07652590063156502,0.035619175529689184,"(-0.9659258262890682, 0.258819045102521)"
1.5,-0.9362209474836807,0.34183259441866315,-1.9264029027408884,0.07346669003574538,0.032650697336985,"(-0.9659258262890682, 0.258819045102521)"
1.55,-0.9374487215994328,0.3385267518838907,-1.9249064206711626,0.07052949494792003,0.029929641394518258,"(-0.9659258262890682, 0.258819045102521)"
1.6,-0.9386226547781416,0.33535132704999127,-1.9235346517757759,0.06770950297799685,0.027435377907734648,"(-0.9659258262890682, 0.258819045102521)"
1.6500000000000001,-0.9397454644107058,0.33230133116836025,-1.9222772018346785,0.06500208104036423,0.025148998821944435,"(-0.9659258262890682, 0.258819045102521)"
1.7000000000000002,-0.9408196923039089,0.32937194575141115,-1.9211245431472386,0.06240277073197803,0.023053173748798228,"(-0.9659258262890682, 0.258819045102521)"
1.75,-0.9418477195781807,0.32655851964878185,-1.9200679422454547,0.0599072834022796,0.02113201803567444,"(-0.9659258262890682, 0.258819045102521)"
1.8,-0.9428317800552274,0.3238565657026813,-1.919099393648724,0.05751149502259127,0.0193709719346169,"(-0.9659258262890682, 0.258819045102521)"
1.85,-0.9437739722993735,0.32126175707742166,-1.9182115591526412,0.055211440939903045,0.017756689921656355,"(-0.9659258262890682, 0.258819045102521)"
1.9000000000000001,-0.9446762704587905,0.31876992334238563,-1.9173977121875403,0.05300331058170155,0.01627693930202012,"(-0.9659258262890682, 0.258819045102521)"
1.9500000000000002,-0.9455405340368863,0.31637704637444974,-1.916651686821889,0.05088344216383497,0.014920507313024856,"(-0.9659258262890682, 0.258819045102521)"
2.0,-0.9463685167098567,0.3140792561347928,-1.9159678310216153,0.04884831744165447,0.013677116005474943,"(-0.9659258262890682, 0.258819045102521)"
2.0500000000000003,-0.9471618742936156,0.3118728263657114,-1.9153409638092744,0.046894556535259715,0.012537344246818516,"(-0.9659258262890682, 0.258819045102521)"
2.1,-0.9479221719518937,0.3097541702452448,-1.9147663359969724,0.045018912852148874,0.011492556246039953,"(-0.9659258262890682, 0.258819045102521)"
2.15,-0.9486508907270919,0.30771983603084196,-1.914239594194385,0.04321826812456275,0.010534836051747097,"(-0.9659258262890682, 0.258819045102521)"
2.2,-0.9493494334663909,0.3057665027177714,-1.9137567478182953,0.04148962757402678,0.009656927521793923,"(-0.9659258262890682, 0.258819045102521)"
0.0,-0.9534519036229451,0.2942772822855842,-1.891406748285058,0.24399380936802903,0.4469999906647443,"(-1.0, 1.2246467991473532e-16)"
0.05,-0.9571574059705663,0.28311838257290256,-1.870940185726226,0.23516104307126418,0.4093312511766428,"(-1.0, 1.2246467991473532e-16)"
0.1,-0.9605057644598518,0.2722995629063117,-1.8521952682591658,0.22650241813365524,0.3748983493412056,"(-1.0, 1.2246467991473532e-16)"
0.15000000000000002,-0.9635333257395704,0.2618260929348667,-1.8350248084606218,0.21804559206295543,0.3434091959708824,"(-1.0, 1.2246467991473532e-16)"
0.2,-0.966273078601384,0.25169965262700966,-1.8192947450265766,0.20981042781750184,0.314601268680903,"(-1.0, 1.2246467991473532e-16)"
0.25,-0.9687548321005602,0.2419190753468119,-1.8048828489232616,0.20181059671344745,0.2882379220663022,"(-1.0, 1.2246467991473532e-16)"
0.30000000000000004,-0.971005427274024,0.23248095841981223,-1.7916775841256605,0.19405486828475685,0.2641052959520207,"(-1.0, 1.2246467991473532e-16)"
0.35000000000000003,-0.9730489648051713,0.22338016270217484,-1.7795770990280888,0.1865481474958946,0.242009701951435,"(-1.0, 1.2246467991473532e-16)"
0.4,-0.9749070364606705,0.21461021976583686,-1.7684883292413365,0.17929230812680538,0.22177539573504712,"(-1.0, 1.2246467991473532e-16)"
0.45,-0.9765989521275841,0.20616366258423824,-1.7583261960929542,0.1722868617695066,0.2032426629676476,"(-1.0, 1.2246467991473532e-16)"
0.5,-0.9781419571788773,0.1980322931357725,-1.7490128879674829,0.1655294942851681,0.18626616250942585,"(-1.0, 1.2246467991473532e-16)"
0.55,-0.9795514369735545,0.19020739816792107,-1.7404772138458906,0.15901649543303337,0.17071348243184403,"(-1.0, 1.2246467991473532e-16)"
0.6000000000000001,-0.9808411067678786,0.18267992248441314,-1.7326540201666618,0.15274310242259045,0.15646387358457525,"(-1.0, 1.2246467991473532e-16)"
0.65,-0.982023186337201,0.17544060751305507,-1.725483663539584,0.14670377413378097,0.14340713254155646,"(-1.0, 1.2246467991473532e-16)"
0.7000000000000001,-0.9831085593043488,0.16848010155664503,-1.7189115329767677,0.14089240951454376,0.13144261125632883,"(-1.0, 1.2246467991473532e-16)"
0.75,-0.9841069176301018,0.16178904699390592,-1.712887616224422,0.1353025210528645,0.12047833504691186,"(-1.0, 1.2246467991473532e-16)"
0.8,-0.9850268920106668,0.1553581487519052,-1.7073661055297775,0.12992737211205932,0.11043021389288865,"(-1.0, 1.2246467991473532e-16)"
0.8500000000000001,-0.9858761690954341,0.1491782275880634,-1.7023050387959309,0.12476008521640372,0.1012213346769325,"(-1.0, 1.2246467991473532e-16)"
0.9,-0.9866615965218277,0.1432402610733454,-1.6976659725907906,0.11979372700111447,0.09278132410280417,"(-1.0, 1.2246467991473532e-16)"
0.9500000000000001,-0.9873892767891517,0.13753541463636096,-1.6934136839059881,0.11502137443280105,0.08504577369605026,"(-1.0, 1.2246467991473532e-16)"
1.0,-0.9880646509791741,0.1320550645916643,-1.6895158979241425,0.11043616601268826,0.07795571963691184,"(-1.0, 1.2246467991473532e-16)"
1.05,-0.9886925732916032,0.12679081471815493,-1.6859430393611308,0.10603134095387058,0.07145717126023354,"(-1.0, 1.2246467991473532e-16)"
1.1,-0.9892773773074662,0.12173450766131842,-1.6826680052141294,0.10180026874224665,0.06550068294002842,"(-1.0, 1.2246467991473532e-16)"
1.1500000000000001,-0.9898229348296702,0.11687823219452353,-1.6796659569741283,0.09773647102167592,0.060040964800019414,"(-1.0, 1.2246467991473532e-16)"
1.2000000000000002,-0.9903327080825636,0.11221432718007833,-1.6769141305596729,0.09383363736556871,0.055036528289111875,"(-1.0, 1.2246467991473532e-16)"
1.25,-0.9908097959844147,0.10773538291226098,-1.6743916624017616,0.09008563619202904,0.05044936315822368,"(-1.0, 1.2246467991473532e-16)"
1.3,-0.9912569751405811,0.10343424039549842,-1.6720794302621527,0.08648652183366434,0.04624464279218088,"(-1.0, 1.2246467991473532e-16)"
1.35,-0.9916767361421409,0.09930398900585671,-1.669959907501991,0.08303053857483453,0.04239045520323004,"(-1.0, 1.2246467991473532e-16)"
1.4000000000000001,-0.9920713156957138,0.09533796289859219,-1.668017029637328,0.07971212230922377,0.03885755729326368,"(-1.0, 1.2246467991473532e-16)"
1.4500000000000002,-0.9924427250555382,0.09152973645505959,-1.6662360721248344,0.0765259003417434,0.035619150249874276,"(-1.0, 1.2246467991473532e-16)"
1.5,-0.992792775178734,0.08787311900581579,-1.6646035384166207,0.07346668975491844,0.03265067416427514,"(-1.0, 1.2246467991473532e-16)"
1.55,-0.9931230989790263,0.08436214902087268,-1.6631070574089597,0.07052949467623025,0.02992962015321898,"(-1.0, 1.2246467991473532e-16)"
1.6,-0.9934351710128796,0.08099108792076903,-1.661735289487119,0.067709502715484,0.027435358436814213,"(-1.0, 1.2246467991473532e-16)"
1.6500000000000001,-0.9937303248947479,0.07775441363184013,-1.6604778404384286,0.06500208078698806,0.025148980973807026,"(-1.0, 1.2246467991473532e-16)"
1.7000000000000002,-0.9940097687047164,0.07464681398445921,-1.6593251825690203,0.062402770487636774,0.023053157388167045,"(-1.0, 1.2246467991473532e-16)"
1.75,-0.9942745986218924,0.07166318003304295,-1.6582685824170926,0.05990728316682454,0.021132003038554226,"(-1.0, 1.2246467991473532e-16)"
1.8,-0.9945258109901954,0.06879859936038928,-1.6573000345077251,0.057511494795838516,0.019370958187350795,"(-1.0, 1.2246467991473532e-16)"
1.85,-0.9947643129994062,0.06604834941574766,-1.6564122006417217,0.05521144072164292,0.017756677320067138,"(-1.0, 1.2246467991473532e-16)"
1.9000000000000001,-0.9949909321431804,0.06340789092533856,-1.6555983542541908,0.05300331037170599,0.0162769277506164,"(-1.0, 1.2246467991473532e-16)"
1.9500000000000002,-0.9952064245969504,0.06087286140537553,-1.6548523294179767,0.05088344196186347,0.01492049672428053,"(-1.0, 1.2246467991473532e-16)"
2.0,-0.9954114826419789,0.05843906880062466,-1.6541684741030187,0.04884831724745873,0.013677106299159747,"(-1.0, 1.2246467991473532e-16)"
2.0500000000000003,-0.9956067412470723,0.056102485265853416,-1.6535416073355493,0.04689455634858732,0.01253733534938628,"(-1.0, 1.2246467991473532e-16)"
2.1,-0.9957927839063995,0.053859241102927474,-1.6529669799310454,0.04501891267274612,0.011492548090080157,"(-1.0, 1.2246467991473532e-16)"
2.15,-0.995970147820308,0.051705618862605725,-1.652440238502272,0.04321826795217701,0.010534828575464172,"(-1.0, 1.2246467991473532e-16)"
2.2,-0.9961393284958161,0.04963804761709665,-1.6519573924688447,0.0414896274084081,0.00965692066854984,"(-1.0, 1.2246467991473532e-16)"
0.0,-0.9971283816985272,0.037478515580344374,-1.629607389556676,0.24399380778257312,0.4470000582433731,"(-0.9659258262890683, -0.2588190451025208)"
0.05,-0.9978194866850053,0.025740791657871093,-1.6091408239099354,0.23516104182669065,0.4093313129348125,"(-0.9659258262890683, -0.2588190451025208)"
0.1,-0.9982536363424186,0.01442399544488081,-1.5903959036195463,0.22650241716271666,0.3748984058077825,"(-0.9659258262890683, -0.2588190451025208)"
0.15000000000000002,-0.998467302727959,0.003523809831709435,-1.5732254412385243,0.21804559131144854,0.34340924762044034,"(-0.9659258262890683, -0.2588190451025208)"
0.2,-0.9984927853798604,-0.006966680580223835,-1.5574953754414917,0.20981042724174775,0.31460131594064966,"(-0.9659258262890683, -0.2588190451025208)"
0.25,-0.9983585756910486,-0.01705631782270653,-1.543083477175399,0.20181059627825768,0.28823796532185586,"(-0.9659258262890683, -0.2588190451025208)"
0.30000000000000004,-0.9980897194391358,-0.026755335595913164,-1.5298782103977853,0.19405486796179136,0.26410533555227544,"(-0.9659258262890683, -0.2588190451025208)"
0.35000000000000003,-0.9977081659917665,-0.03607493564550365,-1.5177777234871508,0.18654814726233704,0.2420097382126879,"(-0.9659258262890683, -0.2588190451025208)"
0.4,-0.9972330972446884,-0.04502695435211156,-1.506688952039924,0.17929230796429416,0.22177542894453506,"(-0.9659258262890683, -0.2588190451025208)"
0.45,-0.9966812325105635,-0.05362360207489734,-1.4965268173705943,0.17228686166327212,0.20324269338659495,"(-0.9659258262890683, -0.2588190451025208)"
0.5,-0.9960671077388206,-0.06187726092472365,-1.4872135078518096,0.16552949422333707,0.18626619037569458,"(-0.9659258262890683, -0.2588190451025208)"
0.55,-0.9954033288915143,-0.06980032928047689,-1.4786778324536973,0.15901649540606727,0.17071350796224793,"(-0.9659258262890683, -0.2588190451025208)"
0.6000000000000001,-0.9947008002335213,-0.0774051035591178,-1.4708546376048515,0.15274310242283282,0.15646389697691723,"(-0.9659258262890683, -0.2588190451025208)"
0.65,-0.9939689288682939,-0.08470368956485418,-1.46368427990603,0.14670377415509211,0.1434071539764309,"(-0.9659258262890683, -0.2588190451025208)"
0.7000000000000001,-0.9932158071723262,-0.09170793723212638,-1.4571121483610938,0.14089240955200594,0.131442630898721,"(-0.9659258262890683, -0.2588190451025208)"
0.75,-0.9924483749315206,-0.09842939379283801,-1.4510882307087123,0.1353025211025445,0.12047835304763221,"(-0.9659258262890683, -0.2588190451025208)"
0.8,-0.9916725630174635,-0.10487927138640844,-1.4455667191892199,0.12992737217081674,0.1104302303898491,"(-0.9659258262890683, -0.2588190451025208)"
0.8500000000000001,-0.9908934204015007,-0.11106842593147807,-1.440505651699405,0.12476008528173635,0.10122134979629548,"(-0.9659258262890683, -0.2588190451025208)"
0.9,-0.9901152262178587,-0.11700734472419355,-1.4358665848014036,0.11979372707103374,0.09278133796002619,"(-0.9659258262890683, -0.2588190451025208)"
0.9500000000000001,-0.9893415884736362,-0.12270614074823966,-1.431614295481563,0.11502137450573155,0.08504578639681404,"(-0.9659258262890683, -0.2588190451025208)"
1.0,-0.9885755308768545,-0.1281745520996849,-1.427716508917664,0.11043616608738671,0.07795573127797718,"(-0.9659258262890683, -0.2588190451025208)"
1.05,-0.9878195691230166,-0.13342194526467127,-1.4241436498211537,0.10603134102936045,0.0714571819302068,"(-0.9659258262890683, -0.2588190451025208)"
1.1,-0.9870757778517433,-0.1384573212559157,-1.4208686151851504,0.10180026881776562,0.06550069272006463,"(-0.9659258262890683, -0.2588190451025208)"
1.1500000000000001,-0.9863458493617614,-0.14328932382789045,-1.4178665664969274,0.09773647109663347,0.06004097376445916,"(-0.9659258262890683, -0.2588190451025208)"
1.2000000000000002,-0.9856311450570138,-0.14792624916097483,-1.4151147396716246,0.09383363743951176,0.05503653650605789,"(-0.9659258262890683, -0.2588190451025208)"
1.25,-0.9849327404900502,-0.15237605654038414,-1.412592271137121,0.09008563626461465,0.050449370690070494,"(-0.9659258262890683, -0.2588190451025208)"
1.3,-0.9842514647715733,-0.15664637966320716,-1.410280038652316,0.08648652190463743,0.046244649696102764,"(-0.9659258262890683, -0.2588190451025208)"
1.35,-0.9835879350269788,-0.1607445382920092,-1.4081605155757353,0.08303053864401007,0.04239046153161563,"(-0.9659258262890683, -0.2588190451025208)"
1.4000000000000001,-0.9829425865015902,-0.16467755004068005,-1.4062176374210291,0.0797121223764723,0.03885756309412125,"(-0.9659258262890683, -0.2588190451025208)"
1.4500000000000002,-0.9823156988455134,-0.16845214213114573,-1.404436679642669,0.07652590040697958,0.035619155567200855,"(-0.9659258262890683, -0.2588190451025208)"
1.5,-0.9817074190459975,-0.1720747630011196,-1.4028041456907494,0.07346668981809176,0.03265067903839458,"(-0.9659258262890683, -0.2588190451025208)"
1.55,-0.981117781419211,-0.17555159367557457,-1.4013076644596951,0.07052949473731757,0.02992962462108617,"(-0.9659258262890683, -0.2588190451025208)"
1.6,-0.980546725023778,-0.17888855883993493,-1.3999358963330801,0.06770950277448348,0.027435362532301503,"(-0.9659258262890683, -0.2588190451025208)"
1.6500000000000001,-0.9799941088146011,-0.1820913375726063,-1.3986784470966822,0.06500208084391448,0.025148984727960122,"(-0.9659258262890683, -0.2588190451025208)"
1.7000000000000002,-0.9794597248168421,-0.18516537370957578,-1.3975257890552102,0.06240277054251759,0.02305316082943987,"(-0.9659258262890683, -0.2588190451025208)"
1.75,-0.9789433095658584,-0.18811588582537261,-1.396469188745559,0.05990728321969682,0.02113200619302591,"(-0.9659258262890683, -0.2588190451025208)"
1.8,-0.9784445540288982,-0.1909478768234374,-1.3955006406916124,0.05751149484674652,0.01937096107892944,"(-0.9659258262890683, -0.2588190451025208)"
1.85,-0.9779631121979684,-0.19366614313551106,-1.3946128066930792,0.05521144077063609,0.017756679970665212,"(-0.9659258262890683, -0.2588190451025208)"
1.9000000000000001,-0.977498608520093,-0.1962752835344987,-1.393798960184063,0.053003310418837435,0.01627693018032228,"(-0.9659258262890683, -0.2588190451025208)"
1.9500000000000002,-0.977050644310792,-0.1987797075687694,-1.3930529352364878,0.050883442007188716,0.01492049895150338,"(-0.9659258262890683, -0.2588190451025208)"
2.0,-0.9766188032787062,-0.20118364362832278,-1.3923690798194492,0.048848317291034726,0.013677108340769961,"(-0.9659258262890683, -0.2588190451025208)"
2.0500000000000003,-0.9762026562735648,-0.20349114665492093,-1.3917422129584063,0.046894556390471714,0.012537337220857038,"(-0.9659258262890683, -0.2588190451025208)"
2.1,-0.9758017653558918,-0.205706105509342,-1.3911675854681267,0.04501891271299664,0.011492549805591223,"(-0.9659258262890683, -0.2588190451025208)"
2.15,-0.9754156872747225,-0.20783225000950262,-1.390640843960726,0.043218267990850975,0.010534830148014039,"(-0.9659258262890683, -0.2588190451025208)"
2.2,-0.9750439764289672,-0.2098731576534387,-1.3901579978552236,0.04148962744556211,0.009656922110050094,"(-0.9659258262890683, -0.2588190451025208)"
0.0,-0.9728522099056011,-0.22187434949036117,-1.3678079956528177,0.2439938081177992,0.447000044048117,"(-0.8660254037844388, -0.4999999999999997)"
0.05,-0.9704818194904636,-0.23339099130003102,-1.347341430654709,0.2351610420902332,0.40933129996217565,"(-0.8660254037844388, -0.4999999999999997)"
0.1,-0.967972173405031,-0.2444345432291224,-1.3285965109573752,0.22650241736870294,0.3748983939466727,"(-0.8660254037844388, -0.4999999999999997)"
0.15000000000000002,-0.9653573835998059,-0.2550186149491471,-1.3114260491188166,0.21804559147126593,0.3434092367711717,"(-0.8660254037844388, -0.4999999999999997)"
0.2,-0.9626668591949421,-0.2651582459584144,-1.2956959838181423,0.20981042736457334,0.31460130601348446,"(-0.8660254037844388, -0.4999999999999997)"
0.25,-0.9599258322754468,-0.27486935111931854,-1.2812840860063526,0.20181059637148502,0.2882379562357929,"(-0.8660254037844388, -0.4999999999999997)"
0.30000000000000004,-0.9571558465273415,-0.2841682977517055,-1.2680788196446513,0.1940548680313757,0.2641053272340266,"(-0.8660254037844388, -0.4999999999999997)"
0.35000000000000003,-0.9543752041857889,-0.2930715868255936,-1.2559783331148606,0.18654814731307331,0.2420097305958141,"(-0.8660254037844388, -0.4999999999999997)"
0.4,-0.9515993700578523,-0.3015956160468092,-1.2448895620164255,0.17929230800004156,0.2217754219687007,"(-0.8660254037844388, -0.4999999999999997)"
0.45,-0.9488413334853141,-0.3097565069932406,-1.2347274276665792,0.17228686168713533,0.20324268699692893,"(-0.8660254037844388, -0.4999999999999997)"
0.5,-0.9461119303904874,-0.31756998204615494,-1.2254141184404674,0.16552949423781238,0.18626618452223295,"(-0.8660254037844388, -0.4999999999999997)"
0.55,-0.9434201282606305,-0.32505127978300563,-1.216878443310495,0.1590164954131605,0.17071350259944718,"(-0.8660254037844388, -0.4999999999999997)"
0.6000000000000001,-0.9407732772594972,-0.33221509986192926,-1.2090552487073336,0.1527431024241544,0.1564638920632283,"(-0.8660254037844388, -0.4999999999999997)"
0.65,-0.93817733073822,-0.339075570329377,-1.2018848912336377,0.1467037741519338,0.14340714947391753,"(-0.8660254037844388, -0.4999999999999997)"
0.7000000000000001,-0.9356370383432224,-0.34564623180419757,-1.1953127598950013,0.14089240954540277,0.13144262677272867,"(-0.8660254037844388, -0.4999999999999997)"
0.75,-0.9331561147491314,-0.3519400342046393,-1.1892888424316772,0.13530252109332472,0.12047834926648236,"(-0.8660254037844388, -0.4999999999999997)"
0.8,-0.9307373868225316,-0.35796934264822233,-1.1837673310854486,0.1299273721596419,0.11043022692457216,"(-0.8660254037844388, -0.4999999999999997)"
0.8500000000000001,-0.928382921776542,-0.36374594991703657,-1.1787062637544292,0.12476008526913396,0.10122134662038984,"(-0.8660254037844388, -0.4999999999999997)"
0.9,-0.9260941386252751,-0.36928109348267674,-1.1740671970019672,0.11979372705742322,0.09278133504924067,"(-0.8660254037844388, -0.4999999999999997)"
0.9500000000000001,-0.9238719050030354,-0.3745854755581819,-1.1698149078155196,0.11502137449144563,0.08504578372894979,"(-0.8660254037844388, -0.4999999999999997)"
1.0,-0.9217166211826336,-0.37966928501523284,-1.1659171213738841,0.11043616607268825,0.07795572883270818,"(-0.8660254037844388, -0.4999999999999997)"
1.05,-0.9196282929142136,-0.3845422202945719,-1.1623442623894382,0.10603134101445613,0.07145717968892074,"(-0.8660254037844388, -0.4999999999999997)"
1.1,-0.9176065945121494,-0.38921351266306115,-1.1590692278561525,0.10180026880281717,0.06550069066571462,"(-0.8660254037844388, -0.4999999999999997)"
1.1500000000000001,-0.9156509234431234,-0.39369194934549473,-1.1560671792620811,0.09773647108176643,0.06004097188142876,"(-0.8660254037844388, -0.4999999999999997)"
1.2000000000000002,-0.9137604475128062,-0.39798589619400415,-1.153315352523079,0.09383363742482279,0.055036534780043556,"(-0.8660254037844388, -0.4999999999999997)"
1.25,-0.9119341456105204,-0.40210331966119883,-1.1507928840676807,0.09008563625017715,0.05044936910796605,"(-0.8660254037844388, -0.4999999999999997)"
1.3,-0.910170842849461,-0.4060518079218668,-1.1484806516553858,0.08648652189050633,0.04624464824589669,"(-0.8660254037844388, -0.4999999999999997)"
1.35,-0.9084692408329814,-0.40983859104749937,-1.1463611286452706,0.0830305386302255,0.04239046020230286,"(-0.8660254037844388, -0.4999999999999997)"
1.4000000000000001,-0.9068279436836141,-0.41347056018235423,-1.1444182505514897,0.0797121223630627,0.038857561875619284,"(-0.8660254037844388, -0.4999999999999997)"
1.4500000000000002,-0.9052454803894295,-0.4169542857025877,-1.1426372928289763,0.07652590039396406,0.03561915445026654,"(-0.8660254037844388, -0.4999999999999997)"
1.5,-0.903720323950687,-0.42029603436381274,-1.1410047589282484,0.07346668980548209,0.03265067801455911,"(-0.8660254037844388, -0.4999999999999997)"
1.55,-0.902250907747254,-0.4235017854593503,-1.139508277744119,0.07052949472511968,0.029929623682586337,"(-0.8660254037844388, -0.4999999999999997)"
1.6,-0.9008356394928365,-0.42657724602306557,-1.1381365096605178,0.06770950276269884,0.02743536167202243,"(-0.8660254037844388, -0.4999999999999997)"
1.6500000000000001,-0.8994729130946645,-0.42952786511829383,-1.1368790604635488,0.06500208083254096,0.02514898393938203,"(-0.8660254037844388, -0.4999999999999997)"
1.7000000000000002,-0.8981611186960239,-0.4323588472589525,-1.1357264024582197,0.06240277053155039,0.023053160106583648,"(-0.8660254037844388, -0.4999999999999997)"
1.75,-0.8968986511431234,-0.435075165011282,-1.134669802181699,0.059907283209129115,0.021132005530415388,"(-0.8660254037844388, -0.4999999999999997)"
1.8,-0.8956839170865454,-0.43768157082535464,-1.133701254158122,0.05751149483656991,0.019370960471540303,"(-0.8660254037844388, -0.4999999999999997)"
1.85,-0.8945153409003419,-0.44018260814499977,-1.1328134201874271,0.05521144076084101,0.017756679413894475,"(-0.8660254037844388, -0.4999999999999997)"
1.9000000000000001,-0.8933913695781757,-0.44258262184346886,-1.1319995737039297,0.05300331040941359,0.01627692966995053,"(-0.8660254037844388, -0.4999999999999997)"
1.9500000000000002,-0.8923104767453075,-0.44488576803027413,-1.1312535487797464,0.05088344199812525,0.01492049848366539,"(-0.8660254037844388, -0.4999999999999997)"
2.0,-0.8912711659072958,-0.4470960232723847,-1.1305696933841503,0.04884831728232042,0.013677107911924113,"(-0.8660254037844388, -0.4999999999999997)"
2.0500000000000003,-0.890271973040653,-0.4492171932705069,-1.1299428265427627,0.046894556382095165,0.012537336827750378,"(-0.8660254037844388, -0.4999999999999997)"
2.1,-0.8893114686170934,-0.4512529210286223,-1.1293681990705007,0.04501891270494641,0.011492549445240587,"(-0.8660254037844388, -0.4999999999999997)"
2.15,-0.8883882591411498,-0.4532066945523908,-1.128841457579616,0.04321826798311573,0.01053482981769327,"(-0.8660254037844388, -0.4999999999999997)"
2.2,-0.8875009882705951,-0.45508185410950913,-1.1283586114892532,0.04148962743813062,0.009656921807256191,"(-0.8660254037844388, -0.4999999999999997)"
0.0,-0.8822777673864576,-0.46610684433669347,-1.1060086091376038,0.2439938080476637,0.44700004703298657,"(-0.7071067811865479, -0.7071067811865471)"
0.05,-0.8770074198448512,-0.47661756391331317,-1.0855420440031058,0.23516104203515803,0.40933130268996143,"(-0.7071067811865479, -0.7071067811865471)"
0.1,-0.8717250063237573,-0.48663527173637067,-1.066797124181069,0.2265024173257177,0.37489839644073625,"(-0.7071067811865479, -0.7071067811865471)"
0.15000000000000002,-0.8664599539952682,-0.496181942561434,-1.0496266622284454,0.21804559143797653,0.3434092390524729,"(-0.7071067811865479, -0.7071067811865471)"
0.2,-0.861236777379742,-0.5052797150686749,-1.0338965968234006,0.20981042733905028,0.31460130810089276,"(-0.7071067811865479, -0.7071067811865471)"
0.25,-0.8560757297304813,-0.5139504923788191,-1.0194846989160835,0.2018105963521741,0.28823795814634073,"(-0.7071067811865479, -0.7071067811865471)"
0.30000000000000004,-0.850993384476315,-0.5222156600250447,-1.0062794324669273,0.19405486801702504,0.2641053289831244,"(-0.7071067811865479, -0.7071067811865471)"
0.35000000000000003,-0.8460031494537362,-0.53009589368748,-0.9941789458570557,0.18654814730267502,0.24200973219743266,"(-0.7071067811865479, -0.7071067811865471)"
0.4,-0.8411157184808729,-0.5376110349202808,-0.9830901746852794,0.17929230799278453,0.2217754234355268,"(-0.7071067811865479, -0.7071067811865471)"
0.45,-0.8363394657271545,-0.5447800178609423,-0.9729280402682542,0.17228686168236718,0.2032426883405003,"(-0.7071067811865479, -0.7071067811865471)"
0.5,-0.8316807886382013,-0.5516208337066661,-0.9636147309806015,0.16552949423500846,0.18626618575305456,"(-0.7071067811865479, -0.7071067811865471)"
0.55,-0.8271444051075846,-0.558150522749481,-0.9550790557942466,0.15901649541189938,0.17071350372709682,"(-0.7071067811865479, -0.7071067811865471)"
0.6000000000000001,-0.8227336102969031,-0.564385186131205,-0.9472558611394245,0.15274310242409783,0.1564638930964407,"(-0.7071067811865479, -0.7071067811865471)"
0.65,-0.8184504980943487,-0.570340011337458,-0.9400855036183909,0.1467037741528105,0.14340715042067131,"(-0.7071067811865479, -0.7071067811865471)"
0.7000000000000001,-0.8142961517360892,-0.5760293069006637,-0.9335133722363754,0.14089240954699545,0.13144262764031106,"(-0.7071067811865479, -0.7071067811865471)"
0.75,-0.810270807636861,-0.581466542909867,-0.9274894547332978,0.13530252109545948,0.12047835006155333,"(-0.7071067811865479, -0.7071067811865471)"
0.8,-0.8063739960122426,-0.5866643947983554,-0.9219679433506366,0.12992737216217995,0.11043022765322374,"(-0.7071067811865479, -0.7071067811865471)"
0.8500000000000001,-0.8026046614402138,-0.5916347885530573,-0.9169068759862269,0.12476008527196471,0.10122134728819454,"(-0.7071067811865479, -0.7071067811865471)"
0.9,-0.7989612661115203,-0.5963889460059024,-0.912267809203162,0.11979372706045872,0.09278133566129804,"(-0.7071067811865479, -0.7071067811865471)"
0.9500000000000001,-0.7954418781600144,-0.6009374292611614,-0.9080155199886656,0.11502137449461626,0.08504578428992715,"(-0.7071067811865479, -0.7071067811865471)"
1.0,-0.7920442471455278,-0.6052901836113722,-0.9041177335213214,0.110436166075939,0.0779557293468805,"(-0.7071067811865479, -0.7071067811865471)"
1.05,-0.7887658684811222,-0.609456578519182,-0.9005448745133113,0.10603134101774386,0.0714571801602007,"(-0.7071067811865479, -0.7071067811865471)"
1.1,-0.7856040383509848,-0.6134454464100308,-0.897269839958427,0.10180026880610801,0.0655006910976874,"(-0.7071067811865479, -0.7071067811865471)"
1.1500000000000001,-0.7825559004515081,-0.6172651191442011,-0.894267791344558,0.09773647108503425,0.06004097227737898,"(-0.7071067811865479, -0.7071067811865471)"
1.2000000000000002,-0.7796184857028506,-0.6209234621265929,-0.8915159645874091,0.09383363742804746,0.05503653514297713,"(-0.7071067811865479, -0.7071067811865471)"
1.25,-0.776788745918192,-0.6244279060766432,-0.8889934961153773,0.09008563625334351,0.050449369440637444,"(-0.7071067811865479, -0.7071067811865471)"
1.3,-0.7740635822798815,-0.6277854765252805,-0.8866812636878356,0.08648652189360304,0.04624464855083277,"(-0.7071067811865479, -0.7071067811865471)"
1.35,-0.7714398693528745,-0.63100282113551,-0.8845617406637447,0.08303053863324426,0.04239046048181816,"(-0.7071067811865479, -0.7071067811865471)"
1.4000000000000001,-0.7689144752637057,-0.6340862349618753,-0.882618862557153,0.07971212236599783,0.03885756213183377,"(-0.7071067811865479, -0.7071067811865471)"
1.4500000000000002,-0.766484278585485,-0.6370416837744962,-0.8808379048228967,0.07652590039681173,0.03561915468512672,"(-0.7071067811865479, -0.7071067811865471)"
1.5,-0.7641461823940275,-0.6398748255778557,-0.8792053709114045,0.07346668980823991,0.03265067822984413,"(-0.7071067811865479, -0.7071067811865471)"
1.55,-0.7618971258955043,-0.6425910304546723,-0.8777088897174081,0.07052949472778663,0.029929623879927925,"(-0.7071067811865479, -0.7071067811865471)"
1.6,-0.7597340939704091,-0.6451953988623329,-0.8763371216247623,0.06770950276527486,0.027435361852916895,"(-0.7071067811865479, -0.7071067811865471)"
1.6500000000000001,-0.7576541249308902,-0.6476927785044481,-0.8750796724195025,0.06500208083502665,0.025148984105197725,"(-0.7071067811865479, -0.7071067811865471)"
1.7000000000000002,-0.755654316747451,-0.6500877798938486,-0.8739270144065734,0.06240277053394686,0.023053160258580674,"(-0.7071067811865479, -0.7071067811865471)"
1.75,-0.7537318319657454,-0.6523847907163196,-0.8728704141230863,0.05990728321143797,0.021132005669741993,"(-0.7071067811865479, -0.7071067811865471)"
1.8,-0.7518839015038329,-0.654587989096951,-0.8719018660931235,0.05751149483879309,0.019370960599256193,"(-0.7071067811865479, -0.7071067811865471)"
1.85,-0.7501078274941255,-0.6567013558634761,-0.871014032116575,0.05521144076298064,0.017756679530968877,"(-0.7071067811865479, -0.7071067811865471)"
1.9000000000000001,-0.748400985311749,-0.6587286858935643,-0.8702001856277116,0.05300331041147189,0.0162769297772683,"(-0.7071067811865479, -0.7071067811865471)"
1.9500000000000002,-0.7467608249116278,-0.6606735986258787,-0.8694541606986097,0.05088344200010471,0.014920498582039476,"(-0.7071067811865479, -0.7071067811865471)"
2.0,-0.7451848715798667,-0.6625395478078935,-0.8687703052985049,0.04884831728422355,0.013677108002097815,"(-0.7071067811865479, -0.7071067811865471)"
2.0500000000000003,-0.7436707261905465,-0.6643298305470475,-0.8681434384529845,0.04689455638392446,0.012537336910408148,"(-0.7071067811865479, -0.7071067811865471)"
2.1,-0.7422160650465653,-0.6660475957258266,-0.8675688109769338,0.04501891270670442,0.011492549521011919,"(-0.7071067811865479, -0.7071067811865471)"
2.15,-0.7408186393723684,-0.6676958518358141,-0.8670420694825761,0.04321826798480491,0.01053482988715132,"(-0.7071067811865479, -0.7071067811865471)"
2.2,-0.7394762745170737,-0.6692774742806452,-0.8665592233890298,0.041489627439753395,0.009656921870926649,"(-0.7071067811865479, -0.7071067811865471)"
0.0,-0.7315775531225303,-0.6785749280322607,-0.8442092210687374,0.2439938080624567,0.44700004640584684,"(-0.5000000000000004, -0.8660254037844384)"
0.05,-0.7237664139116559,-0.6873634372044505,-0.8237426559628954,0.23516104204678473,0.4093313021168365,"(-0.5000000000000004, -0.8660254037844384)"
0.1,-0.7160712206913011,-0.6956726106860719,-0.8049977361670596,0.22650241733480223,0.3748983959167171,"(-0.5000000000000004, -0.8660254037844384)"
0.15000000000000002,-0.7085147104416666,-0.7035312907736369,-0.7878272742384018,0.21804559144502186,0.3434092385731566,"(-0.5000000000000004, -0.8660254037844384)"
0.2,-0.7011148324589663,-0.7109672066148304,-0.7720972088552861,0.20981042734446204,0.31460130766231464,"(-0.5000000000000004, -0.8660254037844384)"
0.25,-0.6938854809387923,-0.7180067569273113,-0.7576853109680399,0.20181059635627874,0.2882379577449226,"(-0.5000000000000004, -0.8660254037844384)"
0.30000000000000004,-0.686837129600763,-0.7246748880689006,-0.7444800445372586,0.19405486802008567,0.2641053286156281,"(-0.5000000000000004, -0.8660254037844384)"
0.35000000000000003,-0.6799773781605989,-0.7309950414164386,-0.7323795579442124,0.1865481473049035,0.24200973186092323,"(-0.5000000000000004, -0.8660254037844384)"
0.4,-0.6733114206812811,-0.7369891502033044,-0.7212907867878454,0.17929230799435128,0.22177542312733858,"(-0.5000000000000004, -0.8660254037844384)"
0.45,-0.6668424454739238,-0.7426776707964279,-0.711128652384935,0.17228686168340926,0.2032426880582086,"(-0.5000000000000004, -0.8660254037844384)"
0.5,-0.6605719755319718,-0.7480796371385889,-0.7018153431102123,0.16552949423563632,0.18626618549445195,"(-0.5000000000000004, -0.8660254037844384)"
0.55,-0.6545001576385417,-0.7532127299686447,-0.6932796679357037,0.1590164954122015,0.17071350349017134,"(-0.5000000000000004, -0.8660254037844384)"
0.6000000000000001,-0.6486260073931575,-0.7580933546458797,-0.6854564732917359,0.15274310242414538,0.15646389287935714,"(-0.5000000000000004, -0.8660254037844384)"
0.65,-0.6429476165259619,-0.7627367230930241,-0.6782861157806482,0.1467037741526605,0.14340715022175346,"(-0.5000000000000004, -0.8660254037844384)"
0.7000000000000001,-0.6374623280420353,-0.7671569366532252,-0.6717139844077469,0.1408924095466937,0.13144262745802687,"(-0.5000000000000004, -0.8660254037844384)"
0.75,-0.6321668839848836,-0.7713670676220031,-0.6656900669130217,0.13530252109504248,0.1204783498945028,"(-0.5000000000000004, -0.8660254037844384)"
0.8,-0.6270575499340534,-0.7753792379385679,-0.6601685555380153,0.129927372161677,0.1104302275001276,"(-0.5000000000000004, -0.8660254037844384)"
0.8500000000000001,-0.622130219757602,-0.7792046940583721,-0.6551074881806211,0.12476008527139905,0.10122134714788344,"(-0.5000000000000004, -0.8660254037844384)"
0.9,-0.6173805036220241,-0.7828538774243672,-0.6504684214039862,0.11979372705984898,0.09278133553269952,"(-0.5000000000000004, -0.8660254037844384)"
0.9500000000000001,-0.6128038018141684,-0.7863364902420917,-0.6462161321953832,0.11502137449397701,0.08504578417206032,"(-0.5000000000000004, -0.8660254037844384)"
1.0,-0.6083953665446333,-0.7896615564696784,-0.6423183457334407,0.11043616607528178,0.07795572923884775,"(-0.5000000000000004, -0.8660254037844384)"
1.05,-0.6041503535728321,-0.7928374780782731,-0.6387454867303817,0.10603134101707783,0.07145718006118074,"(-0.5000000000000004, -0.8660254037844384)"
1.1,-0.6000638652133199,-0.795872086736687,-0.6354704521800353,0.10180026880544037,0.0655006910069278,"(-0.5000000000000004, -0.8660254037844384)"
1.1500000000000001,-0.5961309860445497,-0.7987726911381727,-0.632468403570326,0.09773647108437053,0.06004097219418664,"(-0.5000000000000004, -0.8660254037844384)"
1.2000000000000002,-0.5923468124390345,-0.8015461202260457,-0.6297165768169899,0.09383363742739194,0.055036535066720904,"(-0.5000000000000004, -0.8660254037844384)"
1.25,-0.5887064768626901,-0.8041987625953134,-0.6271941083484528,0.0900856362526994,0.050449369370741126,"(-0.5000000000000004, -0.8660254037844384)"
1.3,-0.5852051677463086,-0.8067366023547158,-0.6248818759241146,0.08648652189297276,0.04624464848676402,"(-0.5000000000000004, -0.8660254037844384)"
1.35,-0.5818381456096696,-0.8091652517315187,-0.6227623529029601,0.08303053863262957,0.04239046042308985,"(-0.5000000000000004, -0.8660254037844384)"
1.4000000000000001,-0.5786007560153014,-0.8114899806929823,-0.6208194747990601,0.07971212236539986,0.03885756207800156,"(-0.5000000000000004, -0.8660254037844384)"
1.4500000000000002,-0.5754884398414292,-0.8137157438458106,-0.6190385170672711,0.07652590039623133,0.03561915463578036,"(-0.5000000000000004, -0.8660254037844384)"
1.5,-0.5724967412896825,-0.8158472048596977,-0.6174059831580405,0.07346668980767773,0.032650678184610316,"(-0.5000000000000004, -0.8660254037844384)"
1.55,-0.5696213139805708,-0.8178887586444937,-0.6159095019661174,0.07052949472724289,0.029929623838465536,"(-0.5000000000000004, -0.8660254037844384)"
1.6,-0.5668579254367828,-0.8198445514933622,-0.6145377338753717,0.06770950276474953,0.027435361814911186,"(-0.5000000000000004, -0.8660254037844384)"
1.6500000000000001,-0.564202460209513,-0.8217184993871962,-0.6132802846718537,0.06500208083451968,0.02514898407036087,"(-0.5000000000000004, -0.8660254037844384)"
1.7000000000000002,-0.5616509218649934,-0.8235143046389078,-0.6121276266605213,0.062402770533458,0.02305316022664594,"(-0.5000000000000004, -0.8660254037844384)"
1.75,-0.5591994340161449,-0.8252354710402896,-0.6110710263784978,0.059907283210966895,0.021132005640470963,"(-0.5000000000000004, -0.8660254037844384)"
1.8,-0.5568442405568594,-0.8268853176591272,-0.6101024783498765,0.05751149483833943,0.019370960572424878,"(-0.5000000000000004, -0.8660254037844384)"
1.85,-0.5545817052331252,-0.8284669914202248,-0.6092146443745577,0.05521144076254398,0.01775667950637494,"(-0.5000000000000004, -0.8660254037844384)"
1.9000000000000001,-0.5524083106653769,-0.8299834785910272,-0.6084007978868217,0.05300331041105183,0.01627692975472217,"(-0.5000000000000004, -0.8660254037844384)"
1.9500000000000002,-0.550320656919559,-0.8314376152805839,-0.6076547729587531,0.05088344199970066,0.014920498561371565,"(-0.5000000000000004, -0.8660254037844384)"
2.0,-0.5483154597099844,-0.8328320970496902,-0.6069709175595955,0.04884831728383499,0.013677107983152414,"(-0.5000000000000004, -0.8660254037844384)"
2.0500000000000003,-0.546389548304768,-0.8341694877200938,-0.6063440507149435,0.04689455638355097,0.012537336893041486,"(-0.5000000000000004, -0.8660254037844384)"
2.1,-0.5445398631941085,-0.8354522274616464,-0.6057694232396889,0.04501891270634544,0.011492549505092986,"(-0.5000000000000004, -0.8660254037844384)"
2.15,-0.5427634535727012,-0.8366826402281248,-0.6052426817460611,0.04321826798445997,0.010534829872555216,"(-0.5000000000000004, -0.8660254037844384)"
2.2,-0.5410574746798729,-0.8378629406050965,-0.6047598356531839,0.04148962743942199,0.009656921857543743,"(-0.5000000000000004, -0.8660254037844384)"
0.0,-0.53102153758891,-0.8447992517741907,-0.5824098333262993,0.24399380805935625,0.44700004653769365,"(-0.25881904510252063, -0.9659258262890683)"
0.05,-0.5212019229410347,-0.8512666281669556,-0.5619432682144329,0.23516104204434954,0.40933130223732794,"(-0.25881904510252063, -0.9659258262890683)"
0.1,-0.5116183647254915,-0.8573010108672335,-0.5431983484130887,0.22650241733290113,0.37489839602688435,"(-0.25881904510252063, -0.9659258262890683)"
0.15000000000000002,-0.5022853602430393,-0.862936144157622,-0.5260278864793924,0.21804559144354918,0.34340923867392614,"(-0.25881904510252063, -0.9659258262890683)"
0.2,-0.4932130703509411,-0.8682034579577209,-0.5102978210916663,0.20981042734333247,0.31460130775451983,"(-0.25881904510252063, -0.9659258262890683)"
0.25,-0.48440808332066787,-0.8731320475531376,-0.4958859232002006,0.2018105963554237,0.2882379578293147,"(-0.25881904510252063, -0.9659258262890683)"
0.30000000000000004,-0.47587405939599425,-0.8777487200732773,-0.48268065676555616,0.19405486801944985,0.2641053286928888,"(-0.25881904510252063, -0.9659258262890683)"
0.35000000000000003,-0.467612272263844,-0.8820780851006036,-0.4705801701689727,0.18654814730444227,0.24200973193166928,"(-0.25881904510252063, -0.9659258262890683)"
0.4,-0.4596220622652805,-0.8861426728341162,-0.4594913990093662,0.17929230799402893,0.22177542319212942,"(-0.25881904510252063, -0.9659258262890683)"
0.45,-0.45190121457500054,-0.8899630678025862,-0.44932926460348843,0.17228686168319693,0.20324268811755503,"(-0.25881904510252063, -0.9659258262890683)"
0.5,-0.44444627394481506,-0.893558049562633,-0.4400159553260476,0.16552949423551072,0.18626618554881777,"(-0.25881904510252063, -0.9659258262890683)"
0.55,-0.43725280604438266,-0.8969447343868158,-0.4314802801490486,0.15901649541214422,0.17071350353998024,"(-0.25881904510252063, -0.9659258262890683)"
0.6000000000000001,-0.4303156139964381,-0.9001387138537682,-0.4236570855027988,0.15274310242414135,0.15646389292499563,"(-0.25881904510252063, -0.9659258262890683)"
0.65,-0.42362891741852987,-0.9031541876559435,-0.41648672798962016,0.1467037741526978,0.14340715026357265,"(-0.25881904510252063, -0.9659258262890683)"
0.7000000000000001,-0.4171865001544787,-0.9060040889639869,-0.4099145966148027,0.14089240954676263,0.1314426274963498,"(-0.25881904510252063, -0.9659258262890683)"
0.75,-0.4109818319009238,-0.9087002014245635,-0.40389067911832144,0.13530252109513544,0.12047834992962414,"(-0.25881904510252063, -0.9659258262890683)"
0.8,-0.40500816809597295,-0.9112532673926869,-0.39836916774170567,0.1299273721617878,0.11043022753231588,"(-0.25881904510252063, -0.9659258262890683)"
0.8500000000000001,-0.3992586317238769,-0.9136730873649861,-0.39330810038283653,0.12476008527152281,0.10122134717738276,"(-0.25881904510252063, -0.9659258262890683)"
0.9,-0.39372628008678645,-0.915968610828357,-0.3886690336048497,0.1197937270599818,0.0927813355597365,"(-0.25881904510252063, -0.9659258262890683)"
0.9500000000000001,-0.38840415908740306,-0.9181480189003369,-0.38441674439500767,0.11502137449411581,0.08504578419684104,"(-0.25881904510252063, -0.9659258262890683)"
1.0,-0.38328534714109974,-0.9202187992368235,-0.3805189579319297,0.1104361660754242,0.07795572926155958,"(-0.25881904510252063, -0.9659258262890683)"
1.05,-0.3783629904806365,-0.9221878137370162,-0.3769460989278298,0.1060313410172219,0.07145718008199757,"(-0.25881904510252063, -0.9659258262890683)"
1.1,-0.37363033132011036,-0.9240613595978137,-0.37367106437652947,0.10180026880558463,0.06550069102600671,"(-0.25881904510252063, -0.9659258262890683)"
1.1500000000000001,-0.3690807300978938,-0.9258452242700747,-0.37066901576594574,0.09773647108451378,0.06004097221167501,"(-0.25881904510252063, -0.9659258262890683)"
1.2000000000000002,-0.3647076828129669,-0.9275447348543305,-0.36791718901180814,0.0938336374275333,0.055036535082751976,"(-0.25881904510252063, -0.9659258262890683)"
1.25,-0.3605048342983882,-0.9291648024489698,-0.3653947205425364,0.09008563625283816,0.0504493693854352,"(-0.25881904510252063, -0.9659258262890683)"
1.3,-0.35646598813388547,-0.9307099619334243,-0.36308248811752475,0.08648652189310846,0.04624464850023269,"(-0.25881904510252063, -0.9659258262890683)"
1.35,-0.35258511378180885,-0.9321844076352085,-0.360962965095753,0.08303053863276187,0.042390460435434985,"(-0.25881904510252063, -0.9659258262890683)"
1.4000000000000001,-0.34885635143290356,-0.9335920252947414,-0.3590200869912871,0.07971212236552858,0.03885756208931751,"(-0.25881904510252063, -0.9659258262890683)"
1.4500000000000002,-0.3452740149671264,-0.9349364207070534,-0.35723912925897944,0.07652590039635626,0.03561915464615359,"(-0.25881904510252063, -0.9659258262890683)"
1.5,-0.3418325933672178,-0.9362209453856682,-0.35560659534927347,0.07346668980779873,0.032650678194119515,"(-0.25881904510252063, -0.9659258262890683)"
1.55,-0.3385267508666062,-0.937448719561725,-0.3541101141569144,0.07052949472735992,0.029929623847180786,"(-0.25881904510252063, -0.9659258262890683)"
1.6,-0.3353513260665104,-0.9386226528011382,-0.35273834606576954,0.06770950276486258,0.02743536182289702,"(-0.25881904510252063, -0.9659258262890683)"
1.6500000000000001,-0.3323013302182071,-0.9397454624944576,-0.35148089686188544,0.0650020808346287,0.025148984077682374,"(-0.25881904510252063, -0.9659258262890683)"
1.7000000000000002,-0.32937194483401416,-0.9408196904481704,-0.3503282388502176,0.06240277053356312,0.02305316023335724,"(-0.25881904510252063, -0.9659258262890683)"
1.75,-0.3265585187634931,-0.941847717782457,-0.3492716385678866,0.05990728321106821,0.021132005646620766,"(-0.25881904510252063, -0.9659258262890683)"
1.8,-0.32385656484879316,-0.9428317783188146,-0.34830309053898345,0.057511494838436955,0.019370960578063284,"(-0.25881904510252063, -0.9659258262890683)"
1.85,-0.3212617562541805,-0.9437739706213941,-0.3474152565634065,0.055211440762637884,0.01775667951154039,"(-0.25881904510252063, -0.9659258262890683)"
1.9000000000000001,-0.3187699225490037,-0.9446762688382241,-0.34660141007543355,0.053003310411142174,0.016276929759458936,"(-0.25881904510252063, -0.9659258262890683)"
1.9500000000000002,-0.31637704561011487,-0.9455405324725963,-0.3458553851471479,0.050883441999787574,0.014920498565712398,"(-0.25881904510252063, -0.9659258262890683)"
2.0,-0.3140792553986768,-0.9463685152006138,-0.34517152974779136,0.0488483172839186,0.013677107987129927,"(-0.25881904510252063, -0.9659258262890683)"
2.0500000000000003,-0.31187282565697694,-0.947161872838118,-0.3445446629029569,0.046894556383631346,0.012537336896689538,"(-0.25881904510252063, -0.9659258262890683)"
2.1,-0.30975416956305146,-0.9479221705487839,-0.343970035427535,0.045018912706422665,0.01149254950843781,"(-0.25881904510252063, -0.9659258262890683)"
2.15,-0.3077198353743509,-0.9486508893749724,-0.3434432939337539,0.04321826798453415,0.010534829875622487,"(-0.25881904510252063, -0.9659258262890683)"
2.2,-0.30576650208614947,-0.9493494321638367,-0.342960447840736,0.04148962743949327,0.009656921860357881,"(-0.25881904510252063, -0.9659258262890683)"
0.0,-0.2942772818255719,-0.9534519026065084,-0.3206104455152363,0.2439938080600085,0.4470000465099936,"(-1.8369701987210297e-16, -1.0)"
0.05,-0.28311838225062025,-0.9571574052060496,-0.30014388040463563,0.235161042044862,0.4093313022120138,"(-1.8369701987210297e-16, -1.0)"
0.1,-0.2722995626941584,-0.9605057639158194,-0.2813989606044487,0.22650241733330134,0.37489839600373964,"(-1.8369701987210297e-16, -1.0)"
0.15000000000000002,-0.2618260928103987,-0.963533325387406,-0.2642284986718109,0.21804559144385938,0.3434092386527559,"(-1.8369701987210297e-16, -1.0)"
0.2,-0.25169965257200827,-0.966273078415242,-0.24849843328505347,0.20981042734357047,0.3146013077351487,"(-1.8369701987210297e-16, -1.0)"
0.25,-0.24191907534651183,-0.9687548320572484,-0.23408653539447422,0.20181059635560397,0.28823795781158523,"(-1.8369701987210297e-16, -1.0)"
0.30000000000000004,-0.23248095846226582,-0.9710054273528438,-0.22088126896064128,0.194054868019584,0.2641053286766582,"(-1.8369701987210297e-16, -1.0)"
0.35000000000000003,-0.22338016277772982,-0.9730489649877362,-0.20878078236480097,0.18654814730453975,0.2420097319168063,"(-1.8369701987210297e-16, -1.0)"
0.4,-0.21461021986670842,-0.9749070367307135,-0.197692011205875,0.17929230799409715,0.2217754231785185,"(-1.8369701987210297e-16, -1.0)"
0.45,-0.20616366270415926,-0.9765989524707671,-0.18752987680062067,0.17228686168324206,0.2032426881050872,"(-1.8369701987210297e-16, -1.0)"
0.5,-0.19803229326970803,-0.9781419575826039,-0.17821656752375079,0.1655294942355376,0.18626618553739735,"(-1.8369701987210297e-16, -1.0)"
0.55,-0.19020739831183575,-0.9795514374267933,-0.16968089234727493,0.1590164954121567,0.17071350352951753,"(-1.8369701987210297e-16, -1.0)"
0.6000000000000001,-0.1826799226350818,-0.9808411072609982,-0.1618576977015045,0.15274310242414266,0.15646389291540952,"(-1.8369701987210297e-16, -1.0)"
0.65,-0.1754406076679087,-0.9820231868618172,-0.154687340188765,0.1467037741526904,0.14340715025478984,"(-1.8369701987210297e-16, -1.0)"
0.7000000000000001,-0.16848010171364577,-0.9831085598531857,-0.14811520881434992,0.14089240954674856,0.13144262748830104,"(-1.8369701987210297e-16, -1.0)"
0.75,-0.16178904715144538,-0.9841069181968646,-0.1420912913182375,0.1353025210951163,0.12047834992224835,"(-1.8369701987210297e-16, -1.0)"
0.8,-0.155358148908722,-0.9850268925899276,-0.13656977994195968,0.12992737216176492,0.11043022752555642,"(-1.8369701987210297e-16, -1.0)"
0.8500000000000001,-0.1491782277431763,-0.9858761696825296,-0.13150871258340027,0.1247600852714972,0.10122134717118826,"(-1.8369701987210297e-16, -1.0)"
0.9,-0.1432402612259991,-0.9866615971127671,-0.12686964580569732,0.11979372705995427,0.09278133555405937,"(-1.8369701987210297e-16, -1.0)"
0.9500000000000001,-0.13753541478598214,-0.9873892773805347,-0.12261735659611538,0.11502137449408698,0.08504578419163883,"(-1.8369701987210297e-16, -1.0)"
1.0,-0.13205506473782588,-0.9880646515681183,-0.11871957013327579,0.11043616607539462,0.07795572925679166,"(-1.8369701987210297e-16, -1.0)"
1.05,-0.12679081486054733,-0.9886925738756794,-0.11514671112939441,0.10603134101719196,0.07145718007762758,"(-1.8369701987210297e-16, -1.0)"
1.1,-0.12173450779972612,-0.9892773778846411,-0.1118716765782943,0.10180026880555462,0.06550069102200201,"(-1.8369701987210297e-16, -1.0)"
1.1500000000000001,-0.11687823232880613,-0.9898229353982556,-0.10886962796789405,0.09773647108448397,0.06004097220800502,"(-1.8369701987210297e-16, -1.0)"
1.2000000000000002,-0.11221432731015522,-0.990332708641172,-0.10611780121392464,0.09383363742750388,0.05503653507938824,"(-1.8369701987210297e-16, -1.0)"
1.25,-0.10773538303809897,-0.9908097965319198,-0.10359533274480709,0.09008563625280928,0.050449369382351075,"(-1.8369701987210297e-16, -1.0)"
1.3,-0.10343424051710169,-0.9912569756760833,-0.10128310031993676,0.0864865218930802,0.046244648497406685,"(-1.8369701987210297e-16, -1.0)"
1.35,-0.09930398912325872,-0.9916767366649366,-0.09916357729829448,0.08303053863273432,0.042390460432845806,"(-1.8369701987210297e-16, -1.0)"
1.4000000000000001,-0.09533796301184906,-0.9920713162052687,-0.0972206991939472,0.07971212236550175,0.03885756208694539,"(-1.8369701987210297e-16, -1.0)"
1.4500000000000002,-0.09152973656424493,-0.9924427255514637,-0.09543974146174825,0.07652590039633024,0.035619154643978905,"(-1.8369701987210297e-16, -1.0)"
1.5,-0.08787311911101633,-0.9927927756607668,-0.09380720755214199,0.07346668980777352,0.03265067819212507,"(-1.8369701987210297e-16, -1.0)"
1.55,-0.08436214912218491,-0.9931230994470103,-0.09231072635987433,0.07052949472733551,0.029929623845352943,"(-1.8369701987210297e-16, -1.0)"
1.6,-0.08099108801829641,-0.99343517146675,-0.09093895826881321,0.06770950276483899,0.027435361821222387,"(-1.8369701987210297e-16, -1.0)"
1.6500000000000001,-0.07775441372569086,-0.9937303253345173,-0.08968150906500585,0.06500208083460596,0.025148984076147074,"(-1.8369701987210297e-16, -1.0)"
1.7000000000000002,-0.07464681407474451,-0.9940097691304631,-0.08852885105340835,0.06240277053354122,0.023053160231949928,"(-1.8369701987210297e-16, -1.0)"
1.75,-0.07166318011987559,-0.9942745990337497,-0.08747225077114168,0.05990728321104711,0.021132005645333428,"(-1.8369701987210297e-16, -1.0)"
1.8,-0.0687985994438825,-0.9945258113883425,-0.08650370274229768,0.05751149483841665,0.019370960576879925,"(-1.8369701987210297e-16, -1.0)"
1.85,-0.0660483494960143,-0.9947643133840601,-0.08561586876677489,0.05521144076261832,0.017756679510455807,"(-1.8369701987210297e-16, -1.0)"
1.9000000000000001,-0.06340789100249031,-0.9949909325145893,-0.08480202227885154,0.053003310411123356,0.01627692975846695,"(-1.8369701987210297e-16, -1.0)"
1.9500000000000002,-0.06087286147952244,-0.9952064249553872,-0.08405599735061128,0.05088344199976948,0.014920498564805276,"(-1.8369701987210297e-16, -1.0)"
2.0,-0.05843906887187472,-0.9954114829877366,-0.08337214195129625,0.04884831728390118,0.013677107986300662,"(-1.8369701987210297e-16, -1.0)"
2.0500000000000003,-0.05610248533431223,-0.9956067415804591,-0.08274527510649979,0.046894556383614595,0.012537336895929244,"(-1.8369701987210297e-16, -1.0)"
2.1,-0.053859241168698044,-0.9957927842277353,-0.08217064763111286,0.04501891270640659,0.011492549507738647,"(-1.8369701987210297e-16, -1.0)"
2.15,-0.05170561892578827,-0.9959701481299208,-0.08164390613736378,0.04321826798451872,0.010534829874981645,"(-1.8369701987210297e-16, -1.0)"
2.2,-0.04963804767778851,-0.9961393287940392,-0.08116106004437522,0.041489627439478455,0.009656921859771234,"(-1.8369701987210297e-16, -1.0)"
0.0,-0.037478515621649,-0.9971283819294214,-0.05881105771858511,0.24399380805987173,0.44700004651580205,"(0.2588190451025203, -0.9659258262890684)"
0.05,-0.025740791684806,-0.9978194868573448,-0.038344492607719,0.23516104204475452,0.40933130221732195,"(0.2588190451025203, -0.9659258262890684)"
0.1,-0.014423995461340093,-0.9982536364640765,-0.019599572807289332,0.2265024173332174,0.37489839600859337,"(0.2588190451025203, -0.9659258262890684)"
0.15000000000000002,-0.003523809840694324,-0.9984673028059566,-0.002429110874429582,0.21804559144379435,0.34340923865719497,"(0.2588190451025203, -0.9659258262890684)"
0.2,0.006966680576418527,-0.9984927854204277,0.013300954512530948,0.2098104273435206,0.31460130773921063,"(0.2588190451025203, -0.9659258262890684)"
0.25,0.01705631782234232,-0.99835857569969,0.027712852403296108,0.20181059635556622,0.2882379578153032,"(0.2588190451025203, -0.9659258262890684)"
0.30000000000000004,0.026755335597687634,-0.9980897194206971,0.04091811883729918,0.19405486801955593,0.2641053286800613,"(0.2588190451025203, -0.9659258262890684)"
0.35000000000000003,0.03607493564845441,-0.9977081659504999,0.05301860543329531,0.18654814730451935,0.24200973191992273,"(0.2588190451025203, -0.9659258262890684)"
0.4,0.04502695435553988,-0.9972330971843151,0.06410737659236394,0.1792923079940829,0.2217754231813726,"(0.2588190451025203, -0.9659258262890684)"
0.45,0.053623602078307644,-0.9966812324343308,0.07426951099774906,0.17228686168323265,0.2032426881077024,"(0.2588190451025203, -0.9659258262890684)"
0.5,0.06187726092777573,-0.996067107649556,0.08358282027473872,0.16552949423553204,0.18626618553979313,"(0.2588190451025203, -0.9659258262890684)"
0.55,0.06980032928294833,-0.9954033287916736,0.09211849545132433,0.15901649541215412,0.1707135035317121,"(0.2588190451025203, -0.9659258262890684)"
0.6000000000000001,0.07740510356087454,-0.9947008001252322,0.09994169009719535,0.15274310242414244,0.15646389291742024,"(0.2588190451025203, -0.9659258262890684)"
0.65,0.0847036895658276,-0.9939689287533959,0.1071120476100269,0.14670377415269203,0.14340715025663117,"(0.2588190451025203, -0.9659258262890684)"
0.7000000000000001,0.09170793723229548,-0.9932158070524051,0.1136841789845263,0.14089240954675158,0.13144262748998792,"(0.2588190451025203, -0.9659258262890684)"
0.75,0.09842939379221564,-0.9924483748079399,0.11970809648071601,0.13530252109512036,0.12047834992379411,"(0.2588190451025203, -0.9659258262890684)"
0.8,0.10487927138503089,-0.9916725628913922,0.12522960785706463,0.12992737216176978,0.11043022752697237,"(0.2588190451025203, -0.9659258262890684)"
0.8500000000000001,0.11106842592939697,-0.9908934202739375,0.13029067521568896,0.12476008527150262,0.10122134717248585,"(0.2588190451025203, -0.9659258262890684)"
0.9,0.11700734472146992,-0.9901152260896535,0.1349297419934514,0.11979372705996008,0.09278133555524877,"(0.2588190451025203, -0.9659258262890684)"
0.9500000000000001,0.12270614074493942,-0.9893415883455094,0.1391820312030878,0.11502137449409308,0.08504578419272837,"(0.2588190451025203, -0.9659258262890684)"
1.0,0.1281745520958756,-0.9885755307494137,0.14307981766597733,0.11043616607540085,0.0779557292577903,"(0.2588190451025203, -0.9659258262890684)"
1.05,0.1334219452604198,-0.9878195689967711,0.14665267666990447,0.10603134101719827,0.07145718007854317,"(0.2588190451025203, -0.9659258262890684)"
1.1,0.13845732125128657,-0.9870757777271169,0.1499277112210465,0.10180026880556094,0.06550069102284055,"(0.2588190451025203, -0.9659258262890684)"
1.1500000000000001,0.14328932382294468,-0.9863458492391038,0.15292975983148513,0.09773647108449021,0.06004097220877226,"(0.2588190451025203, -0.9659258262890684)"
1.2000000000000002,0.14792624915576938,-0.9856311449366107,0.15568158658548964,0.09383363742751004,0.055036535080090626,"(0.2588190451025203, -0.9659258262890684)"
1.25,0.15237605653497144,-0.9849327403721316,0.15820405505463947,0.09008563625281535,0.0504493693829966,"(0.2588190451025203, -0.9659258262890684)"
1.3,0.15664637965763503,-0.9842514646563213,0.16051628747953936,0.08648652189308612,0.04624464849799802,"(0.2588190451025203, -0.9659258262890684)"
1.35,0.16074453828632077,-0.9835879349145341,0.16263581050120876,0.0830305386327401,0.0423904604333878,"(0.2588190451025203, -0.9659258262890684)"
1.4000000000000001,0.16467755003491394,-0.982942586392058,0.16457868860558078,0.07971212236550737,0.03885756208744054,"(0.2588190451025203, -0.9659258262890684)"
1.4500000000000002,0.16845214212533624,-0.9823156987389684,0.16635964633780245,0.07652590039633568,0.035619154644433576,"(0.2588190451025203, -0.9659258262890684)"
1.5,0.17207476299529698,-0.9817074189424883,0.16799218024742954,0.07346668980777879,0.03265067819254161,"(0.2588190451025203, -0.9659258262890684)"
1.55,0.17555159366976528,-0.9811177813187639,0.16948866143971628,0.07052949472734062,0.02992962384573465,"(0.2588190451025203, -0.9659258262890684)"
1.6,0.17888855883416194,-0.9805467249264005,0.17086042953079494,0.06770950276484389,0.027435361821573148,"(0.2588190451025203, -0.9659258262890684)"
1.6500000000000001,0.18209133756688936,-0.9799941087202846,0.17211787873461834,0.0650020808346107,0.02514898407646786,"(0.2588190451025203, -0.9659258262890684)"
1.7000000000000002,0.18516537370393182,-0.9794597247255645,0.1732705367462306,0.062402770533545815,0.02305316023224556,"(0.2588190451025203, -0.9659258262890684)"
1.75,0.1881158858198159,-0.9789433094775866,0.17432713702851083,0.05990728321105154,0.021132005645604635,"(0.2588190451025203, -0.9659258262890684)"
1.8,0.19094787681797984,-0.9784445539435895,0.17529568505736726,0.057511494838420926,0.019370960577128754,"(0.2588190451025203, -0.9659258262890684)"
1.85,0.1936661431301625,-0.9779631121155726,0.1761835190329015,0.05521144076262244,0.017756679510684756,"(0.2588190451025203, -0.9659258262890684)"
1.9000000000000001,0.1962752835292671,-0.9774986084405537,0.17699736552083514,0.053003310411127325,0.016276929758673037,"(0.2588190451025203, -0.9659258262890684)"
1.9500000000000002,0.19877970756366112,-0.977050644234048,0.17774339044908471,0.05088344199977329,0.014920498564991655,"(0.2588190451025203, -0.9659258262890684)"
2.0,0.20118364362334268,-0.976618803204692,0.17842724584840838,0.04884831728390487,0.013677107986473437,"(0.2588190451025203, -0.9659258262890684)"
2.0500000000000003,0.20349114665007262,-0.976202656202212,0.17905411269321278,0.046894556383618134,0.012537336896088075,"(0.2588190451025203, -0.9659258262890684)"
2.1,0.20570610550462795,-0.9758017652871299,0.17962874016860708,0.04501891270640999,0.011492549507885821,"(0.2588190451025203, -0.9659258262890684)"
2.15,0.20783225000492433,-0.9754156872084796,0.1801554816623629,0.043218267984521976,0.010534829875116156,"(0.2588190451025203, -0.9659258262890684)"
2.2,0.2098731576489969,-0.9750439763651704,0.18063832775535765,0.04148962743948159,0.009656921859895334,"(0.2588190451025203, -0.9659258262890684)"
0.0,0.2218743494856673,-0.9728522098565374,0.20298833008108702,0.2439938080599011,0.44700004651458747,"(0.5000000000000001, -0.8660254037844386)"
0.05,0.23339099129562602,-0.9704818194540772,0.2234548951918976,0.23516104204477772,0.4093313022162116,"(0.5000000000000001, -0.8660254037844386)"
0.1,0.24443454322536798,-0.9679721733795099,0.24219981499227644,0.22650241733323567,0.3748983960075776,"(0.5000000000000001, -0.8660254037844386)"
0.15000000000000002,0.25501861494627004,-0.9653573835835603,0.25937027692508974,0.2180455914438086,0.34340923865626544,"(0.5000000000000001, -0.8660254037844386)"
0.2,0.26515824595654097,-0.962666859186581,0.2751003423120077,0.20981042734353164,0.31460130773835965,"(0.5000000000000001, -0.8660254037844386)"
0.25,0.2748693511185016,-0.9599258322737573,0.28951224020273386,0.2018105963555747,0.28823795781452377,"(0.5000000000000001, -0.8660254037844386)"
0.30000000000000004,0.28416829775194513,-0.9571558465312681,0.3027175066367013,0.19405486801956237,0.264105328679348,"(0.5000000000000001, -0.8660254037844386)"
0.35000000000000003,0.2930715868268532,-0.9543752041944151,0.31481799323266474,0.18654814730452415,0.24200973191926947,"(0.5000000000000001, -0.8660254037844386)"
0.4,0.30159561604902746,-0.9515993700703842,0.3259067643917034,0.1792923079940864,0.2217754231807735,"(0.5000000000000001, -0.8660254037844386)"
0.45,0.3097565069963409,-0.9488413335010647,0.3360688987970611,0.1722868616832351,0.2032426881071538,"(0.5000000000000001, -0.8660254037844386)"
0.5,0.3175699820500518,-0.9461119304088639,0.3453822080740256,0.16552949423553365,0.18626618553928997,"(0.5000000000000001, -0.8660254037844386)"
0.55,0.32505127978761,-0.9434201282811218,0.35391788325058815,0.15901649541215515,0.17071350353125125,"(0.5000000000000001, -0.8660254037844386)"
0.6000000000000001,0.332215099867152,-0.9407732772816637,0.36174107789643806,0.1527431024241429,0.15646389291699744,"(0.5000000000000001, -0.8660254037844386)"
0.65,0.3390755703351313,-0.9381773307616842,0.36891143540925025,0.14670377415269206,0.14340715025624381,"(0.5000000000000001, -0.8660254037844386)"
0.7000000000000001,0.3456462318104009,-0.9356370383676611,0.37548356678373185,0.1408924095467513,0.1314426274896324,"(0.5000000000000001, -0.8660254037844386)"
0.75,0.35194003421121434,-0.9331561147742683,0.3815074842799052,0.1353025210951199,0.12047834992346781,"(0.5000000000000001, -0.8660254037844386)"
0.8,0.35796934265509756,-0.9307373868481312,0.38702899565623894,0.1299273721617691,0.1104302275266743,"(0.5000000000000001, -0.8660254037844386)"
0.8500000000000001,0.3637459499241467,-0.9283829218024043,0.3920900630148496,0.12476008527150184,0.10122134717221301,"(0.5000000000000001, -0.8660254037844386)"
0.9,0.3692810934899627,-0.9260941386512307,0.3967291297925995,0.11979372705995919,0.09278133555499822,"(0.5000000000000001, -0.8660254037844386)"
0.9500000000000001,0.37458547556559063,-0.9238719050289416,0.4009814190022244,0.1150213744940921,0.08504578419249773,"(0.5000000000000001, -0.8660254037844386)"
1.0,0.37966928502271713,-0.9217166212083708,0.4048792054651033,0.11043616607539983,0.07795572925757958,"(0.5000000000000001, -0.8660254037844386)"
1.05,0.3845422203020901,-0.919628292939682,0.4084520644690208,0.10603134101719729,0.07145718007835074,"(0.5000000000000001, -0.8660254037844386)"
1.1,0.38921351267057674,-0.9176065945372665,0.4117270990201541,0.10180026880555994,0.06550069102266493,"(0.5000000000000001, -0.8660254037844386)"
1.1500000000000001,0.3936919493529759,-0.9156509234678213,0.41472914763058466,0.0977364710844892,0.060040972208611904,"(0.5000000000000001, -0.8660254037844386)"
1.2000000000000002,0.39798589620142344,-0.9137604475370301,0.41748097438458187,0.09383363742750903,0.05503653507994394,"(0.5000000000000001, -0.8660254037844386)"
1.25,0.4021033196685327,-0.9119341456342266,0.420003442853725,0.09008563625281434,0.05044936938286143,"(0.5000000000000001, -0.8660254037844386)"
1.3,0.40605180792909534,-0.9101708428726151,0.4223156752786187,0.08648652189308513,0.0462446484978736,"(0.5000000000000001, -0.8660254037844386)"
1.35,0.40983859105460585,-0.9084692408555571,0.42443519830028237,0.08303053863273913,0.04239046043327352,"(0.5000000000000001, -0.8660254037844386)"
1.4000000000000001,0.4134705601893248,-0.9068279437055924,0.42637807640464914,0.07971212236550644,0.038857562087336324,"(0.5000000000000001, -0.8660254037844386)"
1.4500000000000002,0.41695428570941107,-0.9052454804107971,0.428159034136866,0.0765259003963348,0.0356191546443381,"(0.5000000000000001, -0.8660254037844386)"
1.5,0.42029603437047985,-0.9037203239714356,0.42979156804648877,0.0734666898077779,0.03265067819245543,"(0.5000000000000001, -0.8660254037844386)"
1.55,0.42350178546585404,-0.9022509077673798,0.4312880492387715,0.07052949472733974,0.029929623845654924,"(0.5000000000000001, -0.8660254037844386)"
1.6,0.4265772460294006,-0.9008356395123392,0.43265981732984643,0.06770950276484307,0.02743536182149814,"(0.5000000000000001, -0.8660254037844386)"
1.6500000000000001,0.4295278651244564,-0.899472913113547,0.43391726653366636,0.0650020808346099,0.025148984076397568,"(0.5000000000000001, -0.8660254037844386)"
1.7000000000000002,0.43235884726494017,-0.8981611187142917,0.43506992454527527,0.062402770533545,0.023053160232178044,"(0.5000000000000001, -0.8660254037844386)"
1.75,0.4350751650170935,-0.8968986511607842,0.4361265248275524,0.05990728321105075,0.02113200564554149,"(0.5000000000000001, -0.8660254037844386)"
1.8,0.4376815708309896,-0.8956839171036084,0.437095072856406,0.05751149483842018,0.01937096057707297,"(0.5000000000000001, -0.8660254037844386)"
1.85,0.44018260815045873,-0.894515340916818,0.43798290683193764,0.055211440762621716,0.017756679510633616,"(0.5000000000000001, -0.8660254037844386)"
1.9000000000000001,0.44258262184875313,-0.8933913695940766,0.43879675331986917,0.05300331041112663,0.016276929758629186,"(0.5000000000000001, -0.8660254037844386)"
1.9500000000000002,0.44488576803538554,-0.8923104767606462,0.43954277824811677,0.05088344199977262,0.014920498564952173,"(0.5000000000000001, -0.8660254037844386)"
2.0,0.4470960232773256,-0.891271165922086,0.4402266336474386,0.048848317283904215,0.013677107986435899,"(0.5000000000000001, -0.8660254037844386)"
2.0500000000000003,0.4492171932752802,-0.8902719730549087,0.4408535004922413,0.04689455638361751,0.012537336896053936,"(0.5000000000000001, -0.8660254037844386)"
2.1,0.4512529210332311,-0.8893114686308291,0.44142812796763403,0.04501891270640939,0.011492549507853972,"(0.5000000000000001, -0.8660254037844386)"
2.15,0.45320669455683865,-0.8883882591543802,0.44195486946138846,0.043218267984521413,0.010534829875087498,"(0.5000000000000001, -0.8660254037844386)"
2.2,0.45508185411379964,-0.8875009882833351,0.4424377155543819,0.04148962743948104,0.009656921859868134,"(0.5000000000000001, -0.8660254037844386)"
0.0,0.4661068443402374,-0.8822777673961935,0.4647877178801243,0.24399380805989432,0.44700004651484815,"(0.7071067811865474, -0.7071067811865477)"
0.05,0.47661756391611243,-0.8770074198520295,0.4852542829909468,0.23516104204477226,0.4093313022164499,"(0.7071067811865474, -0.7071067811865477)"
0.1,0.4866352717384502,-0.8717250063287652,0.5039992027913366,0.22650241733323134,0.37489839600779573,"(0.7071067811865474, -0.7071067811865477)"
0.15000000000000002,0.4961819425628341,-0.8664599539984408,0.5211696647241598,0.21804559144380511,0.34340923865646517,"(0.7071067811865474, -0.7071067811865477)"
0.2,0.5052797150694455,-0.8612367773813683,0.5368997301110869,0.20981042734352892,0.3146013077385426,"(0.7071067811865474, -0.7071067811865477)"
0.25,0.5139504923790152,-0.8560757297308103,0.5513116280018215,0.2018105963555725,0.28823795781469186,"(0.7071067811865474, -0.7071067811865477)"
0.30000000000000004,0.5222156600247237,-0.8509933844755608,0.5645168944357966,0.19405486801956054,0.2641053286795014,"(0.7071067811865474, -0.7071067811865477)"
0.35000000000000003,0.5300958936866991,-0.8460031494520829,0.5766173810317671,0.1865481473045227,0.24200973191941033,"(0.7071067811865474, -0.7071067811865477)"
0.4,0.5376110349190955,-0.8411157184784781,0.5877061521908122,0.17929230799408524,0.221775423180903,"(0.7071067811865474, -0.7071067811865477)"
0.45,0.5447800178594052,-0.8363394657241535,0.5978682865961759,0.17228686168323418,0.20324268810727183,"(0.7071067811865474, -0.7071067811865477)"
0.5,0.5516208337048268,-0.8316807886347098,0.6071815958731458,0.16552949423553287,0.18626618553939792,"(0.7071067811865474, -0.7071067811865477)"
0.55,0.5581505227473852,-0.8271444051037016,0.6157172710497133,0.15901649541215446,0.1707135035313495,"(0.7071067811865474, -0.7071067811865477)"
0.6000000000000001,0.5643851861288947,-0.8227336102927129,0.6235404656955675,0.15274310242414232,0.15646389291708668,"(0.7071067811865474, -0.7071067811865477)"
0.65,0.5703400113349711,-0.8184504980899231,0.6307108232083838,0.14670377415269162,0.14340715025632553,"(0.7071067811865474, -0.7071067811865477)"
0.7000000000000001,0.5760293068980344,-0.8142961517314894,0.6372829545828692,0.14089240954675092,0.13144262748970792,"(0.7071067811865474, -0.7071067811865477)"
0.75,0.5814665429071261,-0.810270807632139,0.643306872079046,0.1353025210951196,0.12047834992353652,"(0.7071067811865474, -0.7071067811865477)"
0.8,0.5866643947955301,-0.8063739960074422,0.6488283834553827,0.12992737216176886,0.11043022752673687,"(0.7071067811865474, -0.7071067811865477)"
0.8500000000000001,0.5916347885501716,-0.8026046614353722,0.6538894508139963,0.1247600852715016,0.10122134717227088,"(0.7071067811865474, -0.7071067811865477)"
0.9,0.5963889460029775,-0.7989612661066685,0.6585285175917489,0.119793727059959,0.09278133555505247,"(0.7071067811865474, -0.7071067811865477)"
0.9500000000000001,0.6009374292582158,-0.7954418781551785,0.6627808068013763,0.11502137449409193,0.08504578419254782,"(0.7071067811865474, -0.7071067811865477)"
1.0,0.6052901836084219,-0.7920442471407296,0.6666785932642575,0.11043616607539966,0.07795572925762467,"(0.7071067811865474, -0.7071067811865477)"
1.05,0.6094565785162407,-0.7887658684763798,0.6702514522681772,0.10603134101719705,0.0714571800783928,"(0.7071067811865474, -0.7071067811865477)"
1.1,0.6134454464071104,-0.7856040383463129,0.6735264868193123,0.10180026880555976,0.06550069102270212,"(0.7071067811865474, -0.7071067811865477)"
1.1500000000000001,0.6172651191413117,-0.7825559004469188,0.6765285354297446,0.09773647108448909,0.060040972208645904,"(0.7071067811865474, -0.7071067811865477)"
1.2000000000000002,0.6209234621237429,-0.7796184856983536,0.6792803621837433,0.09383363742750894,0.05503653507997641,"(0.7071067811865474, -0.7071067811865477)"
1.25,0.6244279060738399,-0.7767887459137948,0.6818028306528878,0.09008563625281428,0.05044936938289113,"(0.7071067811865474, -0.7071067811865477)"
1.3,0.6277854765225296,-0.77406358227559,0.6841150630777828,0.08648652189308506,0.046244648497900664,"(0.7071067811865474, -0.7071067811865477)"
1.35,0.6310028211328164,-0.7714398693486931,0.6862345860994478,0.0830305386327391,0.04239046043329919,"(0.7071067811865474, -0.7071067811865477)"
1.4000000000000001,0.6340862349592428,-0.7689144752596376,0.6881774642038158,0.07971212236550636,0.038857562087359354,"(0.7071067811865474, -0.7071067811865477)"
1.4500000000000002,0.6370416837719276,-0.7664842785815323,0.6899584219360336,0.0765259003963347,0.035619154644357935,"(0.7071067811865474, -0.7071067811865477)"
1.5,0.6398748255753534,-0.7641461823901915,0.6915909558456573,0.07346668980777783,0.03265067819247319,"(0.7071067811865474, -0.7071067811865477)"
1.55,0.6425910304522379,-0.7618971258917853,0.6930874370379408,0.07052949472733967,0.029929623845670883,"(0.7071067811865474, -0.7071067811865477)"
1.6,0.6451953988599675,-0.7597340939668069,0.6944592051290166,0.067709502764843,0.02743536182151618,"(0.7071067811865474, -0.7071067811865477)"
1.6500000000000001,0.6476927785021521,-0.757654124927404,0.6957166543328374,0.06500208083460984,0.025148984076414638,"(0.7071067811865474, -0.7071067811865477)"
1.7000000000000002,0.6500877798916224,-0.7556543167440796,0.6968693123444473,0.062402770533544955,0.02305316023219595,"(0.7071067811865474, -0.7071067811865477)"
1.75,0.6523847907141629,-0.7537318319624873,0.6979259126267251,0.059907283211050696,0.021132005645556895,"(0.7071067811865474, -0.7071067811865477)"
1.8,0.6545879890948634,-0.7518839015006861,0.6988944606555795,0.057511494838420156,0.01937096057708726,"(0.7071067811865474, -0.7071067811865477)"
1.85,0.6567013558614567,-0.750107827491088,0.699782294631112,0.05521144076262169,0.017756679510649295,"(0.7071067811865474, -0.7071067811865477)"
1.9000000000000001,0.6587286858916123,-0.7484009853088183,0.7005961411190441,0.05300331041112661,0.016276929758643477,"(0.7071067811865474, -0.7071067811865477)"
1.9500000000000002,0.660673598623993,-0.7467608249088014,0.7013421660472925,0.050883441999772606,0.014920498564966744,"(0.7071067811865474, -0.7071067811865477)"
2.0,0.6625395478060728,-0.7451848715771421,0.702026021446615,0.048848317283904236,0.013677107986448946,"(0.7071067811865474, -0.7071067811865477)"
2.0500000000000003,0.6643298305452906,-0.743670726187921,0.7026528882914184,0.04689455638361754,0.01253733689606712,"(0.7071067811865474, -0.7071067811865477)"
2.1,0.6660475957241319,-0.742216065044036,0.7032275157668119,0.045018912706409425,0.011492549507868266,"(0.7071067811865474, -0.7071067811865477)"
2.15,0.66769585183418,-0.7408186393699325,0.703754257260567,0.04321826798452147,0.010534829875101792,"(0.7071067811865474, -0.7071067811865477)"
2.2,0.6692774742790701,-0.7394762745147284,0.7042371033535609,0.04148962743948112,0.009656921859880208,"(0.7071067811865474, -0.7071067811865477)"
0.0,0.6785749280310013,-0.7315775531207542,0.7265871056793002,0.2439938080598957,0.4470000465147858,"(0.8660254037844384, -0.5000000000000004)"
0.05,0.6873634372034819,-0.7237664139103585,0.7470536707901199,0.23516104204477334,0.4093313022163936,"(0.8660254037844384, -0.5000000000000004)"
0.1,0.695672610685368,-0.7160712206904051,0.765798590590507,0.22650241733323215,0.3748983960077443,"(0.8660254037844384, -0.5000000000000004)"
0.15000000000000002,0.7035312907731712,-0.708514710441106,0.7829690525233279,0.21804559144380573,0.3434092386564186,"(0.8660254037844384, -0.5000000000000004)"
0.2,0.7109672066145771,-0.7011148324586853,0.7986991179102529,0.2098104273435294,0.31460130773849987,"(0.8660254037844384, -0.5000000000000004)"
0.25,0.7180067569272457,-0.6938854809387432,0.8131110158009857,0.20181059635557289,0.28823795781465295,"(0.8660254037844384, -0.5000000000000004)"
0.30000000000000004,0.7246748880689993,-0.6868371296009055,0.826316282234959,0.19405486801956087,0.26410532867946623,"(0.8660254037844384, -0.5000000000000004)"
0.35000000000000003,0.7309950414166799,-0.6799773781608986,0.8384167688309279,0.18654814730452296,0.24200973191937758,"(0.8660254037844384, -0.5000000000000004)"
0.4,0.7369891502036685,-0.6733114206817092,0.8495055399899716,0.17929230799408544,0.22177542318087357,"(0.8660254037844384, -0.5000000000000004)"
0.45,0.7426776707968968,-0.6668424454744556,0.8596676743953339,0.17228686168323432,0.20324268810724522,"(0.8660254037844384, -0.5000000000000004)"
0.5,0.7480796371391463,-0.6605719755325865,0.8689809836723026,0.165529494235533,0.18626618553937407,"(0.8660254037844384, -0.5000000000000004)"
0.55,0.7532127299692757,-0.6545001576392219,0.877516658848869,0.1590164954121546,0.1707135035313284,"(0.8660254037844384, -0.5000000000000004)"
0.6000000000000001,0.7580933546465711,-0.6486260073938881,0.8853398534947223,0.15274310242414246,0.15646389291706725,"(0.8660254037844384, -0.5000000000000004)"
0.65,0.7627367230937645,-0.6429476165267305,0.8925102110075377,0.1467037741526917,0.1434071502563078,"(0.8660254037844384, -0.5000000000000004)"
0.7000000000000001,0.7671569366540042,-0.6374623280428313,0.8990823423820223,0.14089240954675106,0.13144262748969213,"(0.8660254037844384, -0.5000000000000004)"
0.75,0.7713670676228117,-0.6321668839856983,0.9051062598781985,0.13530252109511964,0.12047834992352179,"(0.8660254037844384, -0.5000000000000004)"
0.8,0.7753792379393981,-0.6270575499348792,0.9106277712545348,0.12992737216176897,0.11043022752672271,"(0.8660254037844384, -0.5000000000000004)"
0.8500000000000001,0.7792046940592171,-0.6221302197584326,0.9156888386131475,0.12476008527150172,0.10122134717225728,"(0.8660254037844384, -0.5000000000000004)"
0.9,0.782853877425221,-0.6173805036228546,0.9203279053908995,0.11979372705995907,0.09278133555503942,"(0.8660254037844384, -0.5000000000000004)"
0.9500000000000001,0.786336490242949,-0.6128038018149943,0.9245801946005263,0.11502137449409205,0.085045784192537,"(0.8660254037844384, -0.5000000000000004)"
1.0,0.7896615564705348,-0.6083953665454511,0.9284779810634072,0.11043616607539976,0.07795572925761607,"(0.8660254037844384, -0.5000000000000004)"
1.05,0.7928374780791247,-0.6041503535736389,0.9320508400673264,0.10603134101719713,0.07145718007838366,"(0.8660254037844384, -0.5000000000000004)"
1.1,0.7958720867375307,-0.6000638652141134,0.9353258746184612,0.10180026880555987,0.06550069102269435,"(0.8660254037844384, -0.5000000000000004)"
1.1500000000000001,0.7987726911390058,-0.596130986045328,0.9383279232288931,0.0977364710844892,0.060040972208638965,"(0.8660254037844384, -0.5000000000000004)"
1.2000000000000002,0.8015461202268659,-0.592346812439796,0.9410797499828916,0.09383363742750907,0.055036535079968085,"(0.8660254037844384, -0.5000000000000004)"
1.25,0.8041987625961189,-0.5887064768634337,0.9436022184520357,0.09008563625281438,0.05044936938288336,"(0.8660254037844384, -0.5000000000000004)"
1.3,0.8067366023555049,-0.5852051677470336,0.9459144508769304,0.08648652189308523,0.046244648497893726,"(0.8660254037844384, -0.5000000000000004)"
1.35,0.8091652517322903,-0.5818381456103753,0.948033973898595,0.08303053863273928,0.042390460433292254,"(0.8660254037844384, -0.5000000000000004)"
1.4000000000000001,0.8114899806937355,-0.5786007560159873,0.9499768520029627,0.0797121223655066,0.03885756208735352,"(0.8660254037844384, -0.5000000000000004)"
1.4500000000000002,0.8137157438465447,-0.575488439842095,0.9517578097351803,0.07652590039633493,0.0356191546443535,"(0.8660254037844384, -0.5000000000000004)"
1.5,0.8158472048604121,-0.5724967412903281,0.9533903436448038,0.07346668980777803,0.03265067819247042,"(0.8660254037844384, -0.5000000000000004)"
1.55,0.817888758645188,-0.5696213139811962,0.9548868248370872,0.0705294947273399,0.02992962384566894,"(0.8660254037844384, -0.5000000000000004)"
1.6,0.8198445514940362,-0.5668579254373881,0.9562585929281628,0.06770950276484325,0.027435361821512017,"(0.8660254037844384, -0.5000000000000004)"
1.6500000000000001,0.8217184993878499,-0.5642024602100985,0.9575160421319835,0.06500208083461007,0.025148984076412695,"(0.8660254037844384, -0.5000000000000004)"
1.7000000000000002,0.8235143046395412,-0.5616509218655593,0.9586687001435932,0.06240277053354515,0.023053160232193726,"(0.8660254037844384, -0.5000000000000004)"
1.75,0.8252354710409028,-0.5591994340166915,0.959725300425871,0.059907283211050905,0.021132005645557728,"(0.8660254037844384, -0.5000000000000004)"
1.8,0.8268853176597204,-0.556844240557387,0.9606938484547254,0.05751149483842033,0.019370960577086982,"(0.8660254037844384, -0.5000000000000004)"
1.85,0.8284669914207984,-0.5545817052336343,0.9615816824302578,0.05521144076262181,0.017756679510647633,"(0.8660254037844384, -0.5000000000000004)"
1.9000000000000001,0.8299834785915813,-0.5524083106658678,0.9623955289181898,0.05300331041112667,0.016276929758641256,"(0.8660254037844384, -0.5000000000000004)"
1.9500000000000002,0.8314376152811189,-0.5503206569200323,0.963141553846438,0.05088344199977264,0.014920498564963969,"(0.8660254037844384, -0.5000000000000004)"
2.0,0.8328320970502066,-0.5483154597104405,0.9638254092457602,0.04884831728390422,0.013677107986444505,"(0.8660254037844384, -0.5000000000000004)"
2.0500000000000003,0.834169487720592,-0.5463895483052074,0.9644522760905632,0.046894556383617496,0.01253733689605907,"(0.8660254037844384, -0.5000000000000004)"
2.1,0.8354522274621268,-0.5445398631945316,0.9650269035659562,0.045018912706409335,0.011492549507859384,"(0.8660254037844384, -0.5000000000000004)"
2.15,0.8366826402285878,-0.5427634535731086,0.9655536450597109,0.04321826798452135,0.010534829875093188,"(0.8660254037844384, -0.5000000000000004)"
2.2,0.8378629406055427,-0.5410574746802651,0.9660364911527045,0.04148962743948102,0.009656921859873824,"(0.8660254037844384, -0.5000000000000004)"
0.0,0.844799251774542,-0.5310215375892039,0.9883864934784444,0.24399380805989537,0.44700004651479747,"(0.9659258262890681, -0.25881904510252157)"
0.05,0.8512666281672219,-0.5212019229412472,1.0088530585892646,0.23516104204477317,0.4093313022164044,"(0.9659258262890681, -0.25881904510252157)"
0.1,0.8573010108674242,-0.5116183647256368,1.0275979783896523,0.22650241733323198,0.374898396007754,"(0.9659258262890681, -0.25881904510252157)"
0.15000000000000002,0.862936144157746,-0.5022853602431294,1.0447684403224735,0.21804559144380564,0.34340923865642636,"(0.9659258262890681, -0.25881904510252157)"
0.2,0.8682034579577866,-0.49321307035098605,1.060498505709399,0.20981042734352928,0.31460130773850736,"(0.9659258262890681, -0.25881904510252157)"
0.25,0.8731320475531527,-0.4844080833206759,1.074910403600132,0.20181059635557283,0.2882379578146588,"(0.9659258262890681, -0.25881904510252157)"
0.30000000000000004,0.8777487200732487,-0.4758740593959723,1.0881156700341057,0.19405486801956087,0.264105328679472,"(0.9659258262890681, -0.25881904510252157)"
0.35000000000000003,0.8820780851005375,-0.46761227226379787,1.1002161566300748,0.18654814730452296,0.24200973191938313,"(0.9659258262890681, -0.25881904510252157)"
0.4,0.8861426728340183,-0.459622062265215,1.1113049277891187,0.1792923079940854,0.22177542318087884,"(0.9659258262890681, -0.25881904510252157)"
0.45,0.8899630678024614,-0.45190121457491966,1.1214670621944811,0.17228686168323432,0.20324268810724969,"(0.9659258262890681, -0.25881904510252157)"
0.5,0.8935580495624857,-0.4444462739447221,1.13078037147145,0.16552949423553304,0.18626618553937768,"(0.9659258262890681, -0.25881904510252157)"
0.55,0.89694473438665,-0.4372528060442804,1.1393160466480166,0.15901649541215462,0.1707135035313312,"(0.9659258262890681, -0.25881904510252157)"
0.6000000000000001,0.9001387138535875,-0.43031561399632884,1.1471392412938701,0.1527431024241425,0.1564638929170703,"(0.9659258262890681, -0.25881904510252157)"
0.65,0.9031541876557507,-0.4236289174184156,1.1543095988066856,0.14670377415269176,0.14340715025631057,"(0.9659258262890681, -0.25881904510252157)"
0.7000000000000001,0.9060040889637848,-0.41718650015436093,1.1608817301811702,0.14089240954675109,0.13144262748969512,"(0.9659258262890681, -0.25881904510252157)"
0.75,0.9087002014243545,-0.41098183190080384,1.1669056476773465,0.1353025210951197,0.12047834992352568,"(0.9659258262890681, -0.25881904510252157)"
0.8,0.9112532673924729,-0.40500816809585194,1.1724271590536828,0.12992737216176892,0.11043022752672715,"(0.9659258262890681, -0.25881904510252157)"
0.8500000000000001,0.9136730873647689,-0.39925863172375564,1.177488226412296,0.1247600852715017,0.10122134717226283,"(0.9659258262890681, -0.25881904510252157)"
0.9,0.9159686108281382,-0.3937262800866657,1.1821272931900482,0.11979372705995908,0.09278133555504386,"(0.9659258262890681, -0.25881904510252157)"
0.9500000000000001,0.9181480189001177,-0.38840415908728343,1.1863795823996752,0.11502137449409201,0.08504578419254116,"(0.9659258262890681, -0.25881904510252157)"
1.0,0.9202187992366049,-0.3832853471409817,1.190277368862556,0.11043616607539979,0.07795572925761884,"(0.9659258262890681, -0.25881904510252157)"
1.05,0.9221878137367991,-0.37836299048052047,1.1938502278664753,0.10603134101719718,0.07145718007838642,"(0.9659258262890681, -0.25881904510252157)"
1.1,0.9240613595975989,-0.37363033131999657,1.19712526241761,0.10180026880555988,0.06550069102269684,"(0.9659258262890681, -0.25881904510252157)"
1.1500000000000001,0.9258452242698629,-0.36908073009778253,1.2001273110280422,0.09773647108448918,0.0600409722086409,"(0.9659258262890681, -0.25881904510252157)"
1.2000000000000002,0.9275447348541224,-0.3647076828128583,1.2028791377820407,0.09383363742750903,0.05503653507997086,"(0.9659258262890681, -0.25881904510252157)"
1.25,0.9291648024487656,-0.36050483429828245,1.205401606251185,0.09008563625281435,0.05044936938288669,"(0.9659258262890681, -0.25881904510252157)"
1.3,0.9307099619332244,-0.35646598813378266,1.2077138386760797,0.08648652189308516,0.046244648497897334,"(0.9659258262890681, -0.25881904510252157)"
1.35,0.9321844076350133,-0.352585113781709,1.2098333616977446,0.08303053863273918,0.04239046043329531,"(0.9659258262890681, -0.25881904510252157)"
1.4000000000000001,0.933592025294551,-0.3488563514328067,1.2117762398021124,0.07971212236550645,0.03885756208735658,"(0.9659258262890681, -0.25881904510252157)"
1.4500000000000002,0.934936420706868,-0.3452740149670325,1.21355719753433,0.07652590039633483,0.03561915464435516,"(0.9659258262890681, -0.25881904510252157)"
1.5,0.936220945385488,-0.3418325933671269,1.2151897314439535,0.07346668980777796,0.03265067819247125,"(0.9659258262890681, -0.25881904510252157)"
1.55,0.93744871956155,-0.33852675086651834,1.216686212636237,0.07052949472733981,0.029929623845670328,"(0.9659258262890681, -0.25881904510252157)"
1.6,0.9386226528009682,-0.33535132606642554,1.2180579807273126,0.06770950276484315,0.02743536182151396,"(0.9659258262890681, -0.25881904510252157)"
1.6500000000000001,0.9397454624942928,-0.3323013302181252,1.2193154299311333,0.06500208083461,0.025148984076412417,"(0.9659258262890681, -0.25881904510252157)"
1.7000000000000002,0.9408196904480108,-0.3293719448339351,1.220468087942743,0.062402770533545114,0.02305316023219317,"(0.9659258262890681, -0.25881904510252157)"
1.75,0.9418477177823026,-0.3265585187634169,1.2215246882250208,0.05990728321105087,0.021132005645554952,"(0.9659258262890681, -0.25881904510252157)"
1.8,0.9428317783186653,-0.32385656484871966,1.222493236253875,0.05751149483842029,0.01937096057708476,"(0.9659258262890681, -0.25881904510252157)"
1.85,0.9437739706212498,-0.3212617562541097,1.2233810702294072,0.05521144076262181,0.017756679510643747,"(0.9659258262890681, -0.25881904510252157)"
1.9000000000000001,0.9446762688380846,-0.3187699225489355,1.2241949167173392,0.05300331041112671,0.01627692975863626,"(0.9659258262890681, -0.25881904510252157)"
1.9500000000000002,0.9455405324724617,-0.3163770456100492,1.224940941645587,0.05088344199977272,0.014920498564956475,"(0.9659258262890681, -0.25881904510252157)"
2.0,0.9463685152004839,-0.3140792553986136,1.225624797044909,0.048848317283904326,0.013677107986438952,"(0.9659258262890681, -0.25881904510252157)"
2.0500000000000003,0.9471618728379927,-0.3118728256569161,1.2262516638897116,0.046894556383617614,0.01253733689605352,"(0.9659258262890681, -0.25881904510252157)"
2.1,0.9479221705486631,-0.30975416956299295,1.2268262913651042,0.04501891270640949,0.011492549507852168,"(0.9659258262890681, -0.25881904510252157)"
2.15,0.948650889374856,-0.30771983537429465,1.2273530328588587,0.04321826798452149,0.01053482987508847,"(0.9659258262890681, -0.25881904510252157)"
2.2,0.9493494321637245,-0.3057665020860954,1.227835878951852,0.04148962743948115,0.009656921859866885,"(0.9659258262890681, -0.25881904510252157)"
0.0,0.9534519026064208,-0.2942772818255326,1.250185881277592,0.24399380805989612,0.4470000465148005,"(1.0, -2.4492935982947064e-16)"
0.05,0.9571574052059837,-0.28311838225059277,1.2706524463884123,0.23516104204477378,0.40933130221640746,"(1.0, -2.4492935982947064e-16)"
0.1,0.9605057639157725,-0.2722995626941404,1.2893973661888,0.22650241733323262,0.3748983960077562,"(1.0, -2.4492935982947064e-16)"
0.15000000000000002,0.9635333253873756,-0.26182609281038827,1.3065678281216215,0.21804559144380625,0.3434092386564297,"(1.0, -2.4492935982947064e-16)"
0.2,0.9662730784152259,-0.25169965257200383,1.322297893508547,0.20981042734352987,0.3146013077385107,"(1.0, -2.4492935982947064e-16)"
0.25,0.9687548320572446,-0.2419190753465121,1.33670979139928,0.20181059635557339,0.28823795781466266,"(1.0, -2.4492935982947064e-16)"
0.30000000000000004,0.9710054273528504,-0.2324809584622698,1.3499150578332537,0.1940548680195614,0.2641053286794748,"(1.0, -2.4492935982947064e-16)"
0.35000000000000003,0.9730489649877517,-0.22338016277773662,1.362015544429223,0.18654814730452352,0.2420097319193859,"(1.0, -2.4492935982947064e-16)"
0.4,0.9749070367307366,-0.21461021986671738,1.373104315588267,0.17929230799408594,0.2217754231808805,"(1.0, -2.4492935982947064e-16)"
0.45,0.9765989524707964,-0.20616366270416986,1.3832664499936296,0.17228686168323482,0.20324268810725132,"(1.0, -2.4492935982947064e-16)"
0.5,0.9781419575826384,-0.19803229326971983,1.3925797592705984,0.16552949423553354,0.1862661855393788,"(1.0, -2.4492935982947064e-16)"
0.55,0.979551437426832,-0.19020739831184838,1.401115434447165,0.1590164954121551,0.17071350353133286,"(1.0, -2.4492935982947064e-16)"
0.6000000000000001,0.9808411072610403,-0.182679922635095,1.4089386290930186,0.15274310242414296,0.15646389291707197,"(1.0, -2.4492935982947064e-16)"
0.65,0.9820231868618621,-0.17544060766792224,1.4161089866058343,0.14670377415269223,0.14340715025631337,"(1.0, -2.4492935982947064e-16)"
0.7000000000000001,0.9831085598532325,-0.16848010171365949,1.4226811179803192,0.1408924095467515,0.13144262748969626,"(1.0, -2.4492935982947064e-16)"
0.75,0.984106918196913,-0.16178904715145911,1.4287050354764954,0.13530252109512012,0.12047834992352568,"(1.0, -2.4492935982947064e-16)"
0.8,0.9850268925899771,-0.15535814890873567,1.4342265468528317,0.12992737216176933,0.11043022752672715,"(1.0, -2.4492935982947064e-16)"
0.8500000000000001,0.9858761696825797,-0.1491782277431898,1.4392876142114448,0.12476008527150208,0.10122134717226172,"(1.0, -2.4492935982947064e-16)"
0.9,0.9866615971128176,-0.14324026122601238,1.4439266809891969,0.11979372705995944,0.09278133555504275,"(1.0, -2.4492935982947064e-16)"
0.9500000000000001,0.9873892773805854,-0.13753541478599515,1.448178970198824,0.11502137449409239,0.08504578419254061,"(1.0, -2.4492935982947064e-16)"
1.0,0.9880646515681687,-0.1320550647378386,1.4520767566617048,0.11043616607540009,0.07795572925761884,"(1.0, -2.4492935982947064e-16)"
1.05,0.9886925738757294,-0.1267908148605597,1.455649615665624,0.10603134101719747,0.07145718007838586,"(1.0, -2.4492935982947064e-16)"
1.1,0.9892773778846904,-0.12173450779973816,1.4589246502167588,0.10180026880556015,0.06550069102269629,"(1.0, -2.4492935982947064e-16)"
1.1500000000000001,0.9898229353983041,-0.1168782323288178,1.4619266988271908,0.09773647108448945,0.0600409722086398,"(1.0, -2.4492935982947064e-16)"
1.2000000000000002,0.9903327086412197,-0.11221432731016653,1.4646785255811894,0.09383363742750928,0.055036535079969195,"(1.0, -2.4492935982947064e-16)"
1.25,0.9908097965319665,-0.10773538303810992,1.4672009940503337,0.09008563625281459,0.05044936938288447,"(1.0, -2.4492935982947064e-16)"
1.3,0.991256975676129,-0.10343424051711228,1.4695132264752284,0.08648652189308538,0.04624464849789456,"(1.0, -2.4492935982947064e-16)"
1.35,0.9916767366649812,-0.09930398912326893,1.471632749496893,0.08303053863273938,0.04239046043329364,"(1.0, -2.4492935982947064e-16)"
1.4000000000000001,0.9920713162053122,-0.09533796301185893,1.4735756276012608,0.07971212236550665,0.03885756208735491,"(1.0, -2.4492935982947064e-16)"
1.4500000000000002,0.9924427255515061,-0.09152973656425445,1.4753565853334785,0.07652590039633501,0.03561915464435516,"(1.0, -2.4492935982947064e-16)"
1.5,0.992792775660808,-0.08787311911102552,1.4769891192431022,0.07346668980777812,0.032650678192471805,"(1.0, -2.4492935982947064e-16)"
1.55,0.9931230994470502,-0.08436214912219377,1.4784856004353857,0.07052949472733998,0.029929623845669218,"(1.0, -2.4492935982947064e-16)"
1.6,0.9934351714667887,-0.08099108801830494,1.4798573685264613,0.0677095027648433,0.02743536182151174,"(1.0, -2.4492935982947064e-16)"
1.6500000000000001,0.9937303253345549,-0.07775441372569908,1.481114817730282,0.06500208083461013,0.025148984076411307,"(1.0, -2.4492935982947064e-16)"
1.7000000000000002,0.9940097691304994,-0.0746468140747524,1.4822674757418914,0.06240277053354524,0.023053160232191505,"(1.0, -2.4492935982947064e-16)"
1.75,0.9942745990337849,-0.0716631801198832,1.4833240760241693,0.05990728321105098,0.021132005645554397,"(1.0, -2.4492935982947064e-16)"
1.8,0.9945258113883766,-0.06879859944388982,1.4842926240530234,0.057511494838420385,0.01937096057708476,"(1.0, -2.4492935982947064e-16)"
1.85,0.994764313384093,-0.06604834949602134,1.4851804580285557,0.055211440762621904,0.017756679510645967,"(1.0, -2.4492935982947064e-16)"
1.9000000000000001,0.9949909325146209,-0.06340789100249708,1.4859943045164876,0.053003310411126804,0.016276929758639036,"(1.0, -2.4492935982947064e-16)"
1.9500000000000002,0.9952064249554178,-0.06087286147952895,1.4867403294447357,0.05088344199977281,0.01492049856495925,"(1.0, -2.4492935982947064e-16)"
2.0,0.995411482987766,-0.058439068871880974,1.4874241848440577,0.048848317283904395,0.013677107986441728,"(1.0, -2.4492935982947064e-16)"
2.0500000000000003,0.9956067415804876,-0.05610248533431824,1.4880510516888605,0.04689455638361767,0.012537336896057405,"(1.0, -2.4492935982947064e-16)"
2.1,0.9957927842277627,-0.05385924116870382,1.4886256791642536,0.04501891270640954,0.011492549507858829,"(1.0, -2.4492935982947064e-16)"
2.15,0.9959701481299472,-0.05170561892579382,1.4891524206580082,0.04321826798452156,0.01053482987509291,"(1.0, -2.4492935982947064e-16)"
2.2,0.9961393287940646,-0.049638047677793846,1.489635266751002,0.041489627439481196,0.009656921859872991,"(1.0, -2.4492935982947064e-16)"
