t,x,y,theta,v,w,goal
0.0,0.006265257226562477,0.0,0.09763778053834749,0.12530514453124952,1.9527556107669495,"(0.15663143066406188, 0.15529142706151242)"
0.05,0.012825392926273568,0.0006425602601150836,0.18562185790259525,0.13183059445591996,1.7596815472849543,"(0.15663143066406188, 0.15529142706151242)"
0.1,0.01950375804232119,0.0018966473835028944,0.26513313398396543,0.13590186920905672,1.5902255216274044,"(0.15663143066406188, 0.15529142706151242)"
0.15000000000000002,0.026163865019828463,0.003705036251935937,0.33715803678189843,0.13802506330563818,1.4404980559586598,"(0.15663143066406188, 0.15529142706151242)"
0.2,0.03270436911368124,0.005997760929968285,0.40253001132916777,0.13861425648318207,1.3074394909453868,"(0.15663143066406188, 0.15529142706151242)"
0.25,0.03905314108090275,0.008700932676606467,0.4619607188709541,0.13800585927213466,1.1886141508357264,"(0.15663143066406188, 0.15529142706151242)"
0.30000000000000004,0.04516148504222478,0.01174223536817629,0.5160636647279188,0.13647181102567538,1.0820589171392938,"(0.15663143066406188, 0.15529142706151242)"
0.35000000000000003,0.05099898228881438,0.015054120660627104,0.5653722602765827,0.13423108178703344,0.98617191097328,"(0.15663143066406188, 0.15529142706151242)"
0.4,0.05654912768022256,0.018575459307572074,0.6103537761445696,0.1314594077762984,0.8996303173597393,"(0.15663143066406188, 0.15529142706151242)"
0.45,0.061805762450298986,0.022252189283850102,0.6514202414546632,0.12829739268502355,0.8213293062018684,"(0.15663143066406188, 0.15529142706151242)"
0.5,0.06677023049541599,0.026037337206961067,0.6889370543388906,0.1248571788417776,0.7503362576845507,"(0.15663143066406188, 0.15529142706151242)"
0.55,0.07144915591379017,0.029890669362116658,0.7232298617278534,0.12122790399683397,0.6858561477792559,"(0.15663143066406188, 0.15529142706151242)"
0.6000000000000001,0.07585273520791845,0.03377814291186698,0.7545901180943119,0.11748014504533733,0.6272051273291692,"(0.15663143066406188, 0.15529142706151242)"
0.65,0.0799934453280713,0.03767126793926615,0.7832796262256978,0.11366952586880612,0.5737901626277194,"(0.15663143066406188, 0.15529142706151242)"
0.7000000000000001,0.08388508149855284,0.04154644979244159,0.8095342860210258,0.10983964034642581,0.5250931959065608,"(0.15663143066406188, 0.15529142706151242)"
0.75,0.08754205272621735,0.04538435337308544,0.8335672211869558,0.10602441691286943,0.4806587033185991,"(0.15663143066406188, 0.15529142706151242)"
0.8,0.09097887614259086,0.049169312549095345,0.8555714125453787,0.10225002916262645,0.44008382716845873,"(0.15663143066406188, 0.15529142706151242)"
0.8500000000000001,0.09420982304415974,0.052888795884253374,0.8757219362497883,0.09853643825768384,0.4030104740881932,"(0.15663143066406188, 0.15529142706151242)"
0.9,0.09724867941527375,0.056532932310418844,0.8941778825701624,0.09489863715937384,0.3691189264074823,"(0.15663143066406188, 0.15529142706151242)"
0.9500000000000001,0.1001085918858628,0.06009409577672083,0.91108401393846,0.0913476536604081,0.3381226273659513,"(0.15663143066406188, 0.15529142706151242)"
1.0,0.10280197666923382,0.06356654529286007,0.926572208142554,0.08789135846812314,0.3097638840818822,"(0.15663143066406188, 0.15529142706151242)"
1.05,0.10534047426967719,0.06694611545038039,0.9407627228304547,0.08453511582072513,0.28381029375801226,"(0.15663143066406188, 0.15529142706151242)"
1.1,0.10773493687434922,0.07022995198754889,0.9537653100517932,0.08128230697517294,0.2600517444267697,"(0.15663143066406188, 0.15529142706151242)"
1.1500000000000001,0.10999543855861053,0.07341628694481234,0.9656802038444194,0.0781347511019962,0.23829787585252366,"(0.15663143066406188, 0.15529142706151242)"
1.2000000000000002,0.11213130092048666,0.07650424822936638,0.9765989994472531,0.07509304341624123,0.21837591205667417,"(0.15663143066406188, 0.15529142706151242)"
1.25,0.11415112867042634,0.079493698832654,0.9866054392727123,0.07215682656248991,0.2001287965091833,"(0.15663143066406188, 0.15529142706151242)"
1.3,0.11606285116160502,0.08238510143649538,0.9957761180695275,0.06932500818832729,0.18341357593630345,"(0.15663143066406188, 0.15529142706151242)"
1.35,0.11787376695384932,0.08517940464818385,1.0041811175745625,0.06659593514758191,0.1680999901007002,"(0.15663143066406188, 0.15529142706151242)"
1.4000000000000001,0.11959058934045388,0.0878779475904755,1.0118845792586373,0.06396753276010765,0.1540692336814975,"(0.15663143066406188, 0.15529142706151242)"
1.4500000000000002,0.1212194913943865,0.09048238002161206,1.0189452224166176,0.06143741592763084,0.14121286315960713,"(0.15663143066406188, 0.15529142706151242)"
1.5,0.1227661495575915,0.09299459556526224,1.0254168137604593,0.05900297759119038,0.12943182687683574,"(0.15663143066406188, 0.15529142706151242)"
1.55,0.12423578514232642,0.09541667598823066,1.031348593787697,0.05666145895490504,0.11863560054475253,"(0.15663143066406188, 0.15529142706151242)"
1.6,0.12563320336609254,0.09775084477610023,1.0367856644727742,0.05441000504458062,0.10874141370154411,"(0.15663143066406188, 0.15529142706151242)"
1.6500000000000001,0.12696282972436373,0.09999942852670578,1.0417693422306127,0.05224570847867544,0.09967355515677012,"(0.15663143066406188, 0.15529142706151242)"
1.7000000000000002,0.12822874363532258,0.10216482491249275,1.0463374796046283,0.05016564377156284,0.09136274748031081,"(0.15663143066406188, 0.15529142706151242)"
1.75,0.12943470938143764,0.10424947615973881,1.0505247587146878,0.048166894039152704,0.08374558220118788,"(0.15663143066406188, 0.15529142706151242)"
1.8,0.1305842044340568,0.1062558471596101,1.0543629591484331,0.04624657161399311,0.07676400867490774,"(0.15663143066406188, 0.15529142706151242)"
1.85,0.13168044528692147,0.10818640746713955,1.0578812026796167,0.04440183378419245,0.07036487062367314,"(0.15663143066406188, 0.15529142706151242)"
1.9000000000000001,0.13272641094842952,0.11004361656314454,1.0611061769399046,0.04262989463434143,0.06449948520575789,"(0.15663143066406188, 0.15529142706151242)"
1.9500000000000002,0.13372486425497102,0.11182991185413313,1.064062339948378,0.04092803377613762,0.059123260169465786,"(0.15663143066406188, 0.15529142706151242)"
0.0,0.1385850376744003,0.12058574060369921,1.033101786813219,0.2002856188133887,-0.6192110627031783,"(0.3105828541230249, 0.3)"
0.05,0.14354655749886452,0.12890624880669058,1.00477652857482,0.1937498755866419,-0.5665051647679816,"(0.3105828541230249, 0.3)"
0.1,0.14856585213592813,0.13680607933937194,0.9788541217516815,0.18719042827958957,-0.5184481364627691,"(0.3105828541230249, 0.3)"
0.15000000000000002,0.15360612162022685,0.14430232823069808,0.9551244924276576,0.18066329335541406,-0.47459258648047786,"(0.3105828541230249, 0.3)"
0.2,0.1586365442587518,0.15141352151774654,0.933397365232703,0.17421162060889897,-0.4345425438990913,"(0.3105828541230249, 0.3)"
0.25,0.16363152412087095,0.15815885720461442,0.9135000752887793,0.16786825471364059,-0.3979457988784741,"(0.3105828541230249, 0.3)"
0.30000000000000004,0.16856999757092375,0.16455765332902758,0.8952756902104742,0.1616578013690416,-0.36448770156610216,"(0.3105828541230249, 0.3)"
0.35000000000000003,0.17343480695352828,0.17062895479148146,0.8785813855373166,0.15559829276322,-0.3338860934631527,"(0.3105828541230249, 0.3)"
0.4,0.17821214313836886,0.1763912613706444,0.8632870292775061,0.14970252921744734,-0.3058871251962095,"(0.3105828541230249, 0.3)"
0.45,0.18289105473548492,0.1818623473727235,0.8492739405964237,0.1439791592915768,-0.28026177362164845,"(0.3105828541230249, 0.3)"
0.5,0.18746301957767122,0.18705914985436145,0.8364337948400259,0.13843354875368352,-0.25680291512795655,"(0.3105828541230249, 0.3)"
0.55,0.19192157295869686,0.19199770755079903,0.8246676525933155,0.13306847917143713,-0.23532284493420624,"(0.3105828541230249, 0.3)"
0.6000000000000001,0.1962619867186528,0.1966931367561385,0.81388509474281,0.12788470906245158,-0.21565115701011023,"(0.3105828541230249, 0.3)"
0.65,0.2004809933110005,0.20115963363988937,0.8040034488397143,0.12288142420859131,-0.19763291806191297,"(0.3105828541230249, 0.3)"
0.7000000000000001,0.20457654928829214,0.20541049501485206,0.7949470946713553,0.11805659861656015,-0.18112708336718103,"(0.3105828541230249, 0.3)"
0.75,0.20854763308490834,0.20945815153906303,0.7866468390102705,0.11340728346580818,-0.16600511322169553,"(0.3105828541230249, 0.3)"
0.8,0.2123940724776228,0.21331420885657612,0.7790393511497187,0.10892983803856839,-0.15214975721103752,"(0.3105828541230249, 0.3)"
0.8500000000000001,0.2161163976193233,0.2169894933534795,0.772066652147062,0.10462011392407121,-0.1394539800531333,"(0.3105828541230249, 0.3)"
0.9,0.21971571603822998,0.22049410010300535,0.7656756517553048,0.10047360160659724,-0.1278200078351449,"(0.3105828541230249, 0.3)"
0.9500000000000001,0.22319360645784433,0.22383744125748933,0.7598177278836381,0.09648554678522894,-0.11715847743333146,"(0.3105828541230249, 0.3)"
1.0,0.22655202871349076,0.22702829366314353,0.7544483441327594,0.09265104235115829,-0.1073876750175734,"(0.3105828541230249, 0.3)"
1.05,0.22979324741692211,0.23007484486372806,0.7495267015327707,0.08896510080083407,-0.0984328519997754,"(0.3105828541230249, 0.3)"
1.1,0.23291976735161363,0.23298473695066965,0.7450154210959393,0.08542271093724141,-0.09022560873662681,"(0.3105828541230249, 0.3)"
1.1500000000000001,0.23593427887055157,0.2357651079329227,0.7408802542031345,0.08201888196449503,-0.08270333785609651,"(0.3105828541230249, 0.3)"
1.2000000000000002,0.23883961181903537,0.23842263045773165,0.7370898181866071,0.07874867747819646,-0.07580872033054825,"(0.3105828541230249, 0.3)"
1.25,0.2416386967211738,0.24096354782725418,0.7336153547648945,0.07560724136779617,-0.06948926843425379,"(0.3105828541230249, 0.3)"
1.3,0.2443345321543496,0.24339370733642784,0.7304305092373578,0.07258981725502112,-0.0636969105507354,"(0.3105828541230249, 0.3)"
1.35,0.24693015739476912,0.24571859101274468,0.7275111285635893,0.06969176277611985,-0.05838761347536497,"(0.3105828541230249, 0.3)"
1.4000000000000001,0.2494286295528373,0.24794334387507505,0.7248350766425077,0.06690855976058388,-0.05352103842163336,"(0.3105828541230249, 0.3)"
1.4500000000000002,0.2518330045327024,0.2500727998512096,0.7223820652720424,0.0642358211532992,-0.04906022740930577,"(0.3105828541230249, 0.3)"
1.5,0.2541463212487353,0.2521115055060791,0.7201334994166547,0.061669295361221815,-0.044971317107750375,"(0.3105828541230249, 0.3)"
1.55,0.2563715886154388,0.2540637417374915,0.7180723355395242,0.059204868571950724,-0.04122327754261079,"(0.3105828541230249, 0.3)"
1.6,0.25851177489848737,0.25593354359584075,0.7161829518715274,0.0568385654837825,-0.03778767335993583,"(0.3105828541230249, 0.3)"
1.6500000000000001,0.26056979907514616,0.2577247183802021,0.7144510295921328,0.054566548799953096,-0.03463844558789065,"(0.3105828541230249, 0.3)"
1.7000000000000002,0.26254852390381156,0.2594408621567557,0.7128634439896679,0.05238511776976568,-0.031751712049296894,"(0.3105828541230249, 0.3)"
1.75,0.26445075044622607,0.26108537483746364,0.7114081647514683,0.050290706002900865,-0.029105584763992883,"(0.3105828541230249, 0.3)"
1.8,0.26627921382321124,0.2626614739480401,0.7100741646093175,0.048279878737776595,-0.02668000284301586,"(0.3105828541230249, 0.3)"
1.85,0.26803658001652503,0.26417220720497425,0.7088513356333015,0.046349329708244645,-0.024456579520318877,"(0.3105828541230249, 0.3)"
1.9000000000000001,0.26972544355652633,0.2656204640120388,0.7077304125285432,0.044495877723467976,-0.02241846209516701,"(0.3105828541230249, 0.3)"
1.9500000000000002,0.2713483259584264,0.2670089859775883,0.7067029023449544,0.042716463052132114,-0.020550203671775846,"(0.3105828541230249, 0.3)"
2.0,0.27290767478962963,0.26834037654517484,0.7057610200607451,0.041008143683093946,-0.018837645684184334,"(0.3105828541230249, 0.3)"
0.0,0.28030391536079036,0.2746433394885729,0.7046453603018213,0.19435196572438637,-0.022313195178475798,"(0.4592201188381077, 0.4242640687119285)"
0.05,0.2874111218698341,0.2806863174505546,0.7036226748145857,0.18657970630397086,-0.020453709744712167,"(0.4592201188381077, 0.4242640687119285)"
0.1,0.2942400253612123,0.2864806430343831,0.7026852151399481,0.17911798554692052,-0.01874919349275389,"(0.4592201188381077, 0.4242640687119285)"
0.15000000000000002,0.30080102966786365,0.2920370856547167,0.7018258786623086,0.17195444990456907,-0.017186729552789992,"(0.4592201188381077, 0.4242640687119285)"
0.2,0.3071042117975085,0.2973658868407482,0.7010381547574311,0.16507722682396359,-0.01575447809754854,"(0.4592201188381077, 0.4242640687119285)"
0.25,0.3131593239153694,0.3024767926746963,0.700316075435308,0.15847490804963402,-0.014441586442461019,"(0.4592201188381077, 0.4242640687119285)"
0.30000000000000004,0.3189757966493658,0.3073790836386594,0.6996541701017535,0.152136533101919,-0.013238106671090988,"(0.4592201188381077, 0.4242640687119285)"
0.35000000000000003,0.3245627434831542,0.31208160211606106,0.6990474240942035,0.14605157301978272,-0.012134920150998763,"(0.4592201188381077, 0.4242640687119285)"
0.4,0.3299289660361362,0.3165927777694762,0.6984912406762088,0.14020991443417644,-0.011123668359894203,"(0.4592201188381077, 0.4242640687119285)"
0.45,0.33508296005855703,0.32092065099441863,0.6979814062016271,0.1346018440205387,-0.010196689491634159,"(0.4592201188381077, 0.4242640687119285)"
0.5,0.34003292199474683,0.32507289462854644,0.697514058183783,0.12921803336513454,-0.009346960356879652,"(0.4592201188381077, 0.4242640687119285)"
0.55,0.3447867559890048,0.3290568340775581,0.6970856560270586,0.1240495242689053,-0.008568043134486447,"(0.4592201188381077, 0.4242640687119285)"
0.6000000000000001,0.3493520812270902,0.33287946600266327,0.696692954198694,0.11908771450377667,-0.00785403656728939,"(0.4592201188381077, 0.4242640687119285)"
0.65,0.3537362395221826,0.33654747569976223,0.6963329776371784,0.11432434402950135,-0.00719953123031386,"(0.4592201188381077, 0.4242640687119285)"
0.7000000000000001,0.35794630306787545,0.3400672532872208,0.6960029992106382,0.10975148167372965,-0.006599568530802902,"(0.4592201188381077, 0.4242640687119285)"
0.75,0.36198908229257143,0.34344490880724177,0.6957005190542328,0.10536151227381116,-0.0060496031281093154,"(0.4592201188381077, 0.4242640687119285)"
0.8,0.3658711337598252,0.3466862863351843,0.6954232456298458,0.10114712427559766,-0.005545468487740402,"(0.4592201188381077, 0.4242640687119285)"
0.8500000000000001,0.3695987680679522,0.3497969771816476,0.6951690783644559,0.09710129778205046,-0.005083345307798359,"(0.4592201188381077, 0.4242640687119285)"
0.9,0.37317805770978174,0.3527823322636046,0.6949360917355549,0.09321729304260004,-0.004659732578017606,"(0.4592201188381077, 0.4242640687119285)"
0.9500000000000001,0.3766148448599497,0.3556474737132448,0.694722520682971,0.0894886393728405,-0.004271421051677826,"(0.4592201188381077, 0.4242640687119285)"
1.0,0.37991474906273764,0.3583973057863679,0.6945267472365181,0.08590912449316222,-0.003915468929057697,"(0.4592201188381077, 0.4242640687119285)"
1.05,0.3830831747982974,0.36103652512608064,0.694347288258121,0.08247278427425908,-0.0035891795679410254,"(0.4592201188381077, 0.4242640687119285)"
1.1,0.3861253189092571,0.3635696304321048,0.6941827842055163,0.0791738928770196,-0.0032900810520947177,"(0.4592201188381077, 0.4242640687119285)"
1.1500000000000001,0.38904617787327644,0.36600093158114594,0.6940319888323776,0.07600695327408183,-0.0030159074627733595,"(0.4592201188381077, 0.4242640687119285)"
1.2000000000000002,0.39185055491018567,0.3683345582394284,0.6938937597468161,0.07296668814024726,-0.002764581711230396,"(0.4592201188381077, 0.4242640687119285)"
1.25,0.3945430669149714,0.37057446800461913,0.693767049756711,0.07004803109898788,-0.0025341998021014,"(0.4592201188381077, 0.4242640687119285)"
1.3,0.3971281512101208,0.37272445411089666,0.693650898936294,0.06724611831240447,-0.0023230164083426486,"(0.4592201188381077, 0.4242640687119285)"
1.35,0.3996100721127561,0.37478815272781674,0.6935444273538739,0.06455628040219172,-0.0021294316484019027,"(0.4592201188381077, 0.4242640687119285)"
1.4000000000000001,0.40199292731362574,0.37676904988085114,0.6934468284056039,0.06197403468941267,-0.0019519789654001696,"(0.4592201188381077, 0.4242640687119285)"
1.4500000000000002,0.40428065406640784,0.37867048801899167,0.6933573627047805,0.059495077741171805,-0.001789314016466259,"(0.4592201188381077, 0.4242640687119285)"
1.5,0.40647703518695544,0.3804956722525844,0.6932753524803795,0.05711527821258901,-0.0016402044880195477,"(0.4592201188381077, 0.4242640687119285)"
1.55,0.40858570486310236,0.38224767628256456,0.693200176442388,0.0548306699728105,-0.0015035207598299016,"(0.4592201188381077, 0.4242640687119285)"
1.6,0.4106101542764773,0.3839294480404699,0.6931312650750323,0.05263744550413624,-0.0013782273471141249,"(0.4592201188381077, 0.4242640687119285)"
1.6500000000000001,0.4125537370384652,0.385543815057004,0.6930680963222415,0.050531949563696284,-0.0012633750558152523,"(0.4592201188381077, 0.4242640687119285)"
1.7000000000000002,0.414419674443024,0.38709348957547235,0.6930101916326599,0.04851067309746032,-0.0011580937916338963,"(0.4592201188381077, 0.4242640687119285)"
1.75,0.41621106053953283,0.3885810734251139,0.6929571123342437,0.04657024739672015,-0.0010615859683232864,"(0.4592201188381077, 0.4242640687119285)"
1.8,0.4179308670292251,0.39000906266817686,0.6929084563109783,0.044707438487532315,-0.0009731204653085079,"(0.4592201188381077, 0.4242640687119285)"
1.85,0.41958194798906084,0.39137985203352876,0.6928638549565361,0.042919141743953684,-0.000892027088843228,"(0.4592201188381077, 0.4242640687119285)"
1.9000000000000001,0.42116704442712655,0.39269573914863354,0.6928229703817985,0.041202376716239816,-0.000817691494752748,"(0.4592201188381077, 0.4242640687119285)"
0.0,0.427897151640575,0.3982823548550707,0.6833717157612592,0.174933836813718,-0.18902509241078613,"(0.5999999999999999, 0.5196152422706631)"
0.05,0.4344130190442554,0.40358792097172747,0.6747096593917852,0.16805422915304552,-0.173241127389481,"(0.5999999999999999, 0.5196152422706631)"
0.1,0.44071584390092866,0.40862985750601444,0.6667706682117324,0.16142704257921148,-0.15877982360105544,"(0.5999999999999999, 0.5196152422706631)"
0.15000000000000002,0.44680780193948444,0.4134242972874692,0.6594942045985818,0.15504658082204853,-0.1455292722630125,"(0.5999999999999999, 0.5196152422706631)"
0.2,0.4526918599597651,0.41798617672744715,0.6528248406539015,0.14890652478776367,-0.13338727889360802,"(0.5999999999999999, 0.5196152422706631)"
0.25,0.45837161794772435,0.4223293249356087,0.6467118174455465,0.14300012190182745,-0.12226046416709796,"(0.5999999999999999, 0.5196152422706631)"
0.30000000000000004,0.4638511762349702,0.42646654957815183,0.6411086444250375,0.13732033609948774,-0.11206346041018388,"(0.5999999999999999, 0.5196152422706631)"
0.35000000000000003,0.469135023886169,0.430409718443443,0.635972734876656,0.13185996617818566,-0.10271819096762919,"(0.5999999999999999, 0.5196152422706631)"
0.4,0.4742279450633581,0.4341698361071083,0.6312650737842628,0.12661173873171266,-0.0941532218478644,"(0.5999999999999999, 0.5196152422706631)"
0.45,0.47913494060471273,0.4377571153978945,0.6269499149443628,0.12156838068013898,-0.08630317679799632,"(0.5999999999999999, 0.5196152422706631)"
0.5,0.4838611624746007,0.4411810435862993,0.6229945045268068,0.11672267543671189,-0.07910820835111881,"(0.5999999999999999, 0.5196152422706631)"
0.55,0.4884118590999056,0.4444504433720753,0.6193688286011445,0.11206750596813261,-0.07251351851324694,"(0.5999999999999999, 0.5196152422706631)"
0.6000000000000001,0.4927923299124059,0.44757352885105645,0.6160453824175995,0.10759588737157233,-0.0664689236708982,"(0.5999999999999999, 0.5196152422706631)"
0.65,0.49700788767567944,0.4505579567091886,0.6129989594651871,0.10330099108119091,-0.06092845904824812,"(0.5999999999999999, 0.5196152422706631)"
0.7000000000000001,0.5010638273940947,0.45341087293195065,0.6102064585322008,0.09917616240512195,-0.05585001865972633,"(0.5999999999999999, 0.5196152422706631)"
0.75,0.504965400786737,0.45613895533794785,0.6076467071713664,0.0952149327618016,-0.05119502721668917,"(0.5999999999999999, 0.5196152422706631)"
0.8,0.5087177954656572,0.45874845225195027,0.6053003001275443,0.09141102771673959,-0.04692814087643993,"(0.5999999999999999, 0.5196152422706631)"
0.8500000000000001,0.5123261180900123,0.4612452176292576,0.6031494514233137,0.08775837170493397,-0.04301697408461148,"(0.5999999999999999, 0.5196152422706631)"
0.9,0.5157953808792469,0.4636347429331463,0.6011778589197855,0.0842510901500815,-0.03943185007056455,"(0.5999999999999999, 0.5196152422706631)"
0.9500000000000001,0.5191304909626578,0.465922186052642,0.5993705802787838,0.08088350955144673,-0.03614557282003217,"(0.5999999999999999, 0.5196152422706631)"
1.0,0.5223362421222222,0.4681123975306813,0.5977139193498999,0.07765015599619356,-0.033133218577676704,"(0.5999999999999999, 0.5196152422706631)"
1.05,0.5254173085527624,0.47020994435414326,0.5961953220933626,0.07454575246388492,-0.030371945130747424,"(0.5999999999999999, 0.5196152422706631)"
1.1,0.5283782403203181,0.47221913153813816,0.5948032812284294,0.0715652152164731,-0.02784081729866356,"(0.5999999999999999, 0.5196152422706631)"
1.1500000000000001,0.5312234602476426,0.47414402171798026,0.5935272488681246,0.06870364950800462,-0.025520647206096203,"(0.5999999999999999, 0.5196152422706631)"
1.2000000000000002,0.5339572619964198,0.47598845294387354,0.5923575564655134,0.0659563448006863,-0.023393848052224997,"(0.5999999999999999, 0.5196152422706631)"
1.25,0.536583809150273,0.4777560548557935,0.5912853414550732,0.06331876963567007,-0.021444300208804667,"(0.5999999999999999, 0.5196152422706631)"
1.3,0.5391071351318765,0.47945026339952906,0.5903024800257325,0.06078656627611574,-0.01965722858681379,"(0.5999999999999999, 0.5196152422706631)"
1.35,0.5415311438123133,0.48107433422945417,0.5894015255103662,0.05835554521533144,-0.0180190903073274,"(0.5999999999999999, 0.5196152422706631)"
1.4000000000000001,0.543859610691931,0.48263135492936476,0.5885756519204435,0.05602167962289983,-0.016517471798454808,"(0.5999999999999999, 0.5196152422706631)"
1.4500000000000002,0.5460961845499057,0.48412425616964516,0.5878186021945521,0.0537810997857297,-0.015140994517828243,"(0.5999999999999999, 0.5196152422706631)"
1.5,0.5482443894750233,0.4855558219070826,0.5871246407660382,0.051630087588166416,-0.01387922857027768,"(0.5999999999999999, 0.5196152422706631)"
1.55,0.5503076272032342,0.48692869872278466,0.586488510088344,0.04956507106503689,-0.012722613553883544,"(0.5999999999999999, 0.5196152422706631)"
1.6,0.552289179698668,0.48824540438380704,0.5859053907870858,0.04758261905329717,-0.011662386025164395,"(0.5999999999999999, 0.5196152422706631)"
1.6500000000000001,0.5541922119243058,0.489508335705203,0.5853708651357595,0.045679435961399235,-0.010690513026526127,"(0.5999999999999999, 0.5196152422706631)"
1.7000000000000002,0.5560197747566418,0.4907197757811891,0.5848808835774224,0.04385235667026902,-0.009799631166743095,"(0.5999999999999999, 0.5196152422706631)"
1.75,0.5577748080056193,0.4918819006469117,0.5844317340379948,0.04209834157563695,-0.008982990788552749,"(0.5999999999999999, 0.5196152422706631)"
1.8,0.5594601435070862,0.49299678542583136,0.584020013798143,0.040414471778170646,-0.00823440479703702,"(0.5999999999999999, 0.5196152422706631)"
0.0,0.5658147757860323,0.497196747707838,0.569575282025129,0.15234307935827274,-0.2888946354602789,"(0.7305137148104648, 0.579555495773441)"
0.05,0.5719829374015468,0.5011466503105193,0.5563399564150407,0.1464895194691747,-0.26470651220176444,"(0.7305137148104648, 0.579555495773441)"
0.1,0.5779622655617946,0.5048649702931298,0.5442119452301605,0.14082367519847325,-0.24256022369760474,"(0.7305137148104648, 0.579555495773441)"
0.15000000000000002,0.583751974702842,0.5083687257543416,0.5330979660166252,0.13534701218704256,-0.22227958427070496,"(0.7305137148104648, 0.579555495773441)"
0.2,0.5893525633399224,0.5116735551897742,0.5229127417887166,0.13005920294864992,-0.20370448455817106,"(0.7305137148104648, 0.579555495773441)"
0.25,0.594765568443599,0.5147938057637393,0.513578280357321,0.12495853375701632,-0.18668922862791232,"(0.7305137148104648, 0.579555495773441)"
0.30000000000000004,0.5999933600998357,0.517742625386683,0.5050232261103403,0.12004223051855806,-0.17110108493961287,"(0.7305137148104648, 0.579555495773441)"
0.35000000000000003,0.6050389701896006,0.5205320550147944,0.4971822753265174,0.11530671936729976,-0.15681901567645942,"(0.7305137148104648, 0.579555495773441)"
0.4,0.6099059497151065,0.5231731187236375,0.4899956475208579,0.11074783468016236,-0.1437325561131898,"(0.7305137148104648, 0.579555495773441)"
0.45,0.6145982501947713,0.5256759099464289,0.4834086064596437,0.10636098475727811,-0.13174082122428268,"(0.7305137148104648, 0.579555495773441)"
0.5,0.6191201252461429,0.5280496728815562,0.4773710254069574,0.10214128343113917,-0.12075162105372517,"(0.7305137148104648, 0.579555495773441)"
0.55,0.6234760490799163,0.5303028785183116,0.47183699191938755,0.09808365426948629,-0.11068066975139734,"(0.7305137148104648, 0.579555495773441)"
0.6000000000000001,0.6276706491464102,0.53244329504686,0.46676444812703904,0.09418291274645273,-0.10145087584697052,"(0.7305137148104648, 0.579555495773441)"
0.65,0.6317086506174392,0.5344780526404156,0.46211486295481,0.09043383071520154,-0.09299170344458083,"(0.7305137148104648, 0.579555495773441)"
0.7000000000000001,0.6355948307607004,0.5364137027489462,0.45785293316953646,0.08683118667513968,-0.08523859570547104,"(0.7305137148104648, 0.579555495773441)"
0.75,0.6393339815795311,0.5382562721430421,0.4539463105026986,0.0833698046489757,-0.07813245333675625,"(0.7305137148104648, 0.579555495773441)"
0.8,0.6429308793564281,0.5400113120078626,0.45036535240791803,0.08004458393809229,-0.07161916189561147,"(0.7305137148104648, 0.579555495773441)"
0.8500000000000001,0.6463902599614901,0.5416839424208696,0.44708289427763037,0.07685052158364293,-0.06564916260575317,"(0.7305137148104648, 0.579555495773441)"
0.9,0.6497167989734773,0.5432788925612515,0.44407404117210814,0.07378272900503688,-0.060177062110445406,"(0.7305137148104648, 0.579555495773441)"
0.9500000000000001,0.6529150958171684,0.5448005369994338,0.4413159773127687,0.07083644400057178,-0.05516127718678793,"(0.7305137148104648, 0.579555495773441)"
1.0,0.6559896612510128,0.5462529284062201,0.4387877917654749,0.06800703906360564,-0.050563710945876465,"(0.7305137148104648, 0.579555495773441)"
1.05,0.6589449076478896,0.5476398270061326,0.43647031889234644,0.06529002678110223,-0.04634945746256891,"(0.7305137148104648, 0.579555495773441)"
1.1,0.6617851416026219,0.5489647270807708,0.4343459922857014,0.06268106293097127,-0.04248653213290016,"(0.7305137148104648, 0.579555495773441)"
1.1500000000000001,0.6645145584757208,0.5502308808071807,0.43239871101774835,0.06017594777337106,-0.03894562535906115,"(0.7305137148104648, 0.579555495773441)"
1.2000000000000002,0.6671372385461509,0.5514413196945325,0.4306137171467107,0.057770625933408024,-0.03569987742075301,"(0.7305137148104648, 0.579555495773441)"
1.25,0.6696571444987971,0.5525988738606953,0.4289774835159305,0.05546118519390732,-0.03272467261560372,"(0.7305137148104648, 0.579555495773441)"
1.3,0.6720781200165173,0.5537061893691456,0.4274776109686307,0.053243854453468194,-0.029997450945997012,"(0.7305137148104648, 0.579555495773441)"
1.35,0.6744038892836413,0.5547657438264305,0.426102734178624,0.05111500105390068,-0.027497535800133366,"(0.7305137148104648, 0.579555495773441)"
1.4000000000000001,0.6766380572387243,0.5557798604213676,0.42484243536736593,0.04907112763997427,-0.02520597622515941,"(0.7305137148104648, 0.579555495773441)"
1.4500000000000002,0.6787841104403,0.5567507205694218,0.42368716524121564,0.04710886868127056,-0.023105402523004442,"(0.7305137148104648, 0.579555495773441)"
1.5,0.6808454184311249,0.5576803753093122,0.4226281705403353,0.04522498675926557,-0.021179894017607226,"(0.7305137148104648, 0.579555495773441)"
1.55,0.6828252355046681,0.5585707555838739,0.42165742764295605,0.043416368701316564,-0.019414857947585573,"(0.7305137148104648, 0.579555495773441)"
1.6,0.6847267027929469,0.5594236815234859,0.42076758171631246,0.04168002162598911,-0.017796918532871627,"(0.7305137148104648, 0.579555495773441)"
1.6500000000000001,0.6865528506077223,0.5602408708379326,0.4199518909488763,0.040013068950307304,-0.01631381534872342,"(0.7305137148104648, 0.579555495773441)"
0.0,0.6925469142604862,0.5629173092361361,0.3975460434115566,0.13128917940601761,-0.4481169507463928,"(0.8485281374238569, 0.6)"
0.05,0.6983804466167586,0.5653668304706873,0.3770284433493238,0.1265389331868954,-0.41035200124465576,"(0.8485281374238569, 0.6)"
0.1,0.7040465045044512,0.5676104261288566,0.3582368616938043,0.1218818008794423,-0.3758316331103903,"(0.8485281374238569, 0.6)"
0.15000000000000002,0.7095407086999262,0.569667408085541,0.3410237187359913,0.11733278231031787,-0.34426285915625937,"(0.8485281374238569, 0.6)"
0.2,0.714860754167215,0.5715554342979281,0.3252546000545663,0.11290266029227107,-0.31538237362850025,"(0.8485281374238569, 0.6)"
0.25,0.7200060023532592,0.5732905729616261,0.31080695788588064,0.10859886754151933,-0.28895284337371313,"(0.8485281374238569, 0.6)"
0.30000000000000004,0.7249771434516785,0.5748873904521853,0.2975689678385263,0.10442618429981945,-0.26475980094708623,"(0.8485281374238569, 0.6)"
0.35000000000000003,0.7297759177908077,0.5763590526097393,0.2854385168879854,0.10038729932389291,-0.24260901901081883,"(0.8485281374238569, 0.6)"
0.4,0.7344048868317115,0.5777174320041307,0.274322303250216,0.09648326064297796,-0.22232427275538724,"(0.8485281374238569, 0.6)"
0.45,0.7388672455619105,0.5789732160948736,0.2641350323605012,0.0927138374128618,-0.20374541779429622,"(0.8485281374238569, 0.6)"
0.5,0.7431666692773586,0.5801360128703921,0.2547986960234709,0.08907781009008707,-0.1867267267406058,"(0.8485281374238569, 0.6)"
0.55,0.7473071888289923,0.5812144517650109,0.24624192403750744,0.08557320283099645,-0.17113543971926895,"(0.8485281374238569, 0.6)"
0.6000000000000001,0.7512930893616091,0.5822162785254948,0.23839939937135654,0.08219746933802077,-0.15685049332301781,"(0.8485281374238569, 0.6)"
0.65,0.7551288283945173,0.5831484433191545,0.23121132938820915,0.07894764120887733,-0.14376139966294763,"(0.8485281374238569, 0.6)"
0.7000000000000001,0.7588189697944501,0.584017181808843,0.2246229667528919,0.07582044609460918,-0.1317672527063452,"(0.8485281374238569, 0.6)"
0.75,0.7623681307838596,0.584828089216323,0.21858417458216833,0.07281240155976762,-0.12077584341447156,"(0.8485281374238569, 0.6)"
0.8,0.7657809396250814,0.5855861875917179,0.21304903115324736,0.06991988939779083,-0.11070286857841949,"(0.8485281374238569, 0.6)"
0.8500000000000001,0.7690620020359641,0.5862959866308294,0.20797547010732267,0.0671392142343969,-0.10147122091849398,"(0.8485281374238569, 0.6)"
0.9,0.7722158747374618,0.5869615384545899,0.2033249526010205,0.06446664950922608,-0.09301035012604437,"(0.8485281374238569, 0.6)"
0.9500000000000001,0.7752470448192577,0.5875864868010167,0.19906216829044615,0.06189847332681532,-0.08525568621148699,"(0.8485281374238569, 0.6)"
1.0,0.7781599138452616,0.5881741110909188,0.19515476239675186,0.0594309961846053,-0.07814811787388584,"(0.8485281374238569, 0.6)"
1.05,0.7809587858150656,0.5887273658224272,0.19157308641179654,0.057060582195736106,-0.07163351969910609,"(0.8485281374238569, 0.6)"
1.1,0.7836478582571735,0.5892489157320858,0.18828997026771607,0.054783665109845114,-0.06566232288160957,"(0.8485281374238569, 0.6)"
1.1500000000000001,0.7862312158610064,0.5897411671360082,0.1852805140230885,0.0525967601813834,-0.06018912489255207,"(0.8485281374238569, 0.6)"
1.2000000000000002,0.7887128261623033,0.5902062958364956,0.18252189731720167,0.05049647273036034,-0.055172334117736394,"(0.8485281374238569, 0.6)"
1.25,0.7910965368847611,0.5906462719496413,0.17999320501775626,0.04847950407542886,-0.05057384598890804,"(0.8485281374238569, 0.6)"
1.3,0.7933860746130369,0.5910628819792773,0.17767526764019223,0.04654265538617971,-0.046358747551280347,"(0.8485281374238569, 0.6)"
1.35,0.7955850445314345,0.5914577484331294,0.1755505152519637,0.04468282989424684,-0.042495047764570804,"(0.8485281374238569, 0.6)"
1.4000000000000001,0.7976969310110684,0.5918323472488551,0.17360284369512363,0.042897033816354097,-0.038953431136801026,"(0.8485281374238569, 0.6)"
1.4500000000000002,0.7997250988679883,0.5921880232711425,0.17181749206766683,0.041182376272736736,-0.03570703254913585,"(0.8485281374238569, 0.6)"
0.0,0.8055538549007153,0.5931994782974995,0.1399957830254521,0.11831726528177433,-0.6364341808442939,"(0.9520240083494822, 0.579555495773441)"
0.05,0.8112231739268347,0.5939983850958764,0.11088581976154131,0.11450664660606055,-0.5821992652782156,"(0.9520240083494822, 0.579555495773441)"
0.1,0.8167227044222959,0.5946107167778714,0.08424769040338903,0.11067029548940824,-0.5327625871630456,"(0.9520240083494822, 0.579555495773441)"
0.15000000000000002,0.822045939417138,0.5950602510844709,0.05986473439382206,0.10684364633074125,-0.4876591201913394,"(0.9520240083494822, 0.579555495773441)"
0.2,0.8271894129954395,0.5953685321232485,0.03754083583547719,0.10305407832697468,-0.4464779711668976,"(0.9520240083494822, 0.579555495773441)"
0.25,0.8321520397868404,0.5955549208492673,0.017098126292778324,0.09932251593252685,-0.4088541908539773,"(0.9520240083494822, 0.579555495773441)"
0.30000000000000004,0.8369345766275889,0.5956367012377133,-0.0016249818788052588,0.09566472006973166,-0.37446216343167166,"(0.9520240083494822, 0.579555495773441)"
0.35000000000000003,0.8415391870052839,0.5956292188227046,-0.018775492827144934,0.09209232914181509,-0.34301021896679357,"(0.9520240083494822, 0.579555495773441)"
0.4,0.8459690909676542,0.5955460354178239,-0.034487302870227214,0.08861369780044445,-0.31423620086164555,"(0.9520240083494822, 0.579555495773441)"
0.45,0.850228285440975,0.5953990890253437,-0.0488824921147062,0.08523457233735399,-0.2879037848895798,"(0.9520240083494822, 0.579555495773441)"
0.5,0.8543213221242961,0.5951988516776173,-0.062072461839816774,0.08195863416733445,-0.26379939450221146,"(0.9520240083494822, 0.579555495773441)"
0.55,0.8582531321741014,0.5949544806145619,-0.07415894149263383,0.07878793685383234,-0.241729593056341,"(0.9520240083494822, 0.579555495773441)"
0.6000000000000001,0.8620288887136723,0.594673960072161,-0.08523488452632363,0.07572325724854154,-0.22151886067379611,"(0.9520240083494822, 0.579555495773441)"
0.65,0.8656538997772348,0.5943642322531816,-0.0953852687227661,0.07276437736365213,-0.20300768392884944,"(0.9520240083494822, 0.579555495773441)"
0.7000000000000001,0.8691335256391143,0.5940313169323647,-0.10468781382971645,0.06991031039695063,-0.18605090213900682,"(0.9520240083494822, 0.579555495773441)"
0.75,0.8724731156027146,0.5936804197319706,-0.1132136271271231,0.06715948174375311,-0.17051626594813335,"(0.9520240083494822, 0.579555495773441)"
0.8,0.8756779602582573,0.5933160294760564,-0.12102778577935938,0.0645098737396559,-0.15628317304472575,"(0.9520240083494822, 0.579555495773441)"
0.8500000000000001,0.8787532559880016,0.5929420052561676,-0.12818986342564614,0.061959141189809115,-0.14324155292573512,"(0.9520240083494822, 0.579555495773441)"
0.9,0.8817040791280122,0.5925616539628062,-0.13475440733065736,0.05950470337707337,-0.13129087810022394,"(0.9520240083494822, 0.579555495773441)"
0.9500000000000001,0.884535367709084,0.5921777990888872,-0.1407713715008197,0.05714381714075118,-0.12033928340324664,"(0.9520240083494822, 0.579555495773441)"
1.0,0.8872519091160372,0.5917928416168476,-0.146286510422917,0.05487363472914915,-0.11030277844194525,"(0.9520240083494822, 0.579555495773441)"
1.05,0.889858332341371,0.5914088137767199,-0.1513417374647819,0.05269124941222271,-0.10110454083729825,"(0.9520240083494822, 0.579555495773441)"
1.1,0.8923591037806731,0.5910274264199646,-0.15597545146569367,0.05059373126197168,-0.09267428001823487,"(0.9520240083494822, 0.579555495773441)"
1.1500000000000001,0.8947585257353255,0.5906501107012305,-0.16022283461540296,0.048578155041427255,-0.08494766299418609,"(0.9520240083494822, 0.579555495773441)"
1.2000000000000002,0.8970607369629656,0.5902780547029735,-0.1641161243589769,0.04664162176644782,-0.0778657948714788,"(0.9520240083494822, 0.579555495773441)"
1.25,0.8992697147560924,0.5899122355796644,-0.1676848617570427,0.044781275200717056,-0.07137474796131589,"(0.9520240083494822, 0.579555495773441)"
1.3,0.9013892781409341,0.589553447741521,-0.17095611846742023,0.0429943142992695,-0.06542513420755071,"(0.9520240083494822, 0.579555495773441)"
1.35,0.9034230918776897,0.5892023275437586,-0.17395470428663135,0.04127800241820008,-0.059971716384222204,"(0.9520240083494822, 0.579555495773441)"
0.0,0.9091671474010034,0.588192919824841,-0.21139970327931934,0.11664146397901821,-0.7488999798537597,"(1.0392304845413263, 0.5196152422706632)"
0.05,0.9147033923609269,0.5870048074789674,-0.2456272323860265,0.11324596099233965,-0.6845505821341434,"(1.0392304845413263, 0.5196152422706632)"
0.1,0.9200257457954595,0.5856705508655401,-0.27692807147031706,0.10974094366744767,-0.6260167816858114,"(1.0392304845413263, 0.5196152422706632)"
0.15000000000000002,0.9251323827095651,0.5842190847551733,-0.3055634359783966,0.10617814170920514,-0.5727072901615899,"(1.0392304845413263, 0.5196152422706632)"
0.2,0.9300246578270956,0.5826758526908125,-0.33176871090847254,0.10259809165882247,-0.5241054986015197,"(1.0392304845413263, 0.5196152422706632)"
0.25,0.9347062517590585,0.5810630328629721,-0.35575656580013243,0.09903233722550715,-0.47975709783319764,"(1.0392304845413263, 0.5196152422706632)"
0.30000000000000004,0.9391825008113742,0.579399811318493,-0.37771957870990297,0.09550520715516388,-0.4392602581954109,"(1.0392304845413263, 0.5196152422706632)"
0.35000000000000003,0.9434598762360864,0.5777026732000833,-0.39783246691671376,0.09203525045739969,-0.4022577641362156,"(1.0392304845413263, 0.5196152422706632)"
0.4,0.947545583707366,0.5759856931818148,-0.4162539996034268,0.08863639415951641,-0.3684306537342611,"(1.0392304845413263, 0.5196152422706632)"
0.45,0.9514472585989585,0.5742608135320396,-0.43312865089542363,0.08531887661213708,-0.3374930258399378,"(1.0392304845413263, 0.5196152422706632)"
0.5,0.9551727369735941,0.5725381032026551,-0.4485880389084617,0.08208999938809862,-0.30918776026076145,"(1.0392304845413263, 0.5196152422706632)"
0.55,0.9587298859610266,0.5708259946773117,-0.4627521867880772,0.07895473265446676,-0.28328295759231054,"(1.0392304845413263, 0.5196152422706632)"
0.6000000000000001,0.9621264803893783,0.5691314974954582,-0.47573063432977253,0.07591620224963724,-0.2595689508339062,"(1.0392304845413263, 0.5196152422706632)"
0.65,0.9653701151833298,0.567460388753621,-0.4876234230815378,0.07297608129675734,-0.2378557750353054,"(1.0392304845413263, 0.5196152422706632)"
0.7000000000000001,0.9684681452135196,0.5658173817201179,-0.49852197342729865,0.07013490480523683,-0.21797100691521756,"(1.0392304845413263, 0.5196152422706632)"
0.75,0.971427646041928,0.5642062741620106,-0.5085098687201,0.06739232216548068,-0.19975790585602504,"(1.0392304845413263, 0.5196152422706632)"
0.8,0.9742553904237993,0.5626300781984205,-0.5176635588450945,0.06474729957254556,-0.18307380249989155,"(1.0392304845413263, 0.5196152422706632)"
0.8500000000000001,0.9769578365576382,0.5610911335494884,-0.5260529934707829,0.062198282094533555,-0.1677886925137692,"(1.0392304845413263, 0.5196152422706632)"
0.9,0.9795411249732071,0.5595912060054119,-0.5337421935614723,0.05974332322692343,-0.1537840018137876,"(1.0392304845413263, 0.5196152422706632)"
0.9500000000000001,0.9820110816576431,0.5581315728361367,-0.5407897683755005,0.05738018825984623,-0.14095149628056444,"(1.0392304845413263, 0.5196152422706632)"
1.0,0.9843732255788007,0.556713096726958,-0.5472493840871125,0.0551064365626104,-0.12919231423223929,"(1.0392304845413263, 0.5196152422706632)"
1.05,0.986632779203134,0.5553362896766152,-0.5531701892875168,0.05291948690269488,-0.11841610400808528,"(1.0392304845413263, 0.5196152422706632)"
1.1,0.9887946809476322,0.554001368144019,-0.5585972018985893,0.05081666911970309,-0.10854025222145292,"(1.0392304845413263, 0.5196152422706632)"
1.1500000000000001,0.990863598771506,0.5527083005846589,-0.5635716614370803,0.048795264831792536,-0.09948919076982171,"(1.0392304845413263, 0.5196152422706632)"
1.2000000000000002,0.9928439443195285,0.55145684838207,-0.568131350071896,0.046852539333262166,-0.0911937726963133,"(1.0392304845413263, 0.5196152422706632)"
1.25,0.9947398871879802,0.5502466010555656,-0.5723108855018416,0.04498576642336653,-0.08359070859891293,"(1.0392304845413263, 0.5196152422706632)"
1.3,0.9965553690062012,0.5490770065135124,-0.5761419883303713,0.04319224756870715,-0.07662205657059384,"(1.0392304845413263, 0.5196152422706632)"
1.35,0.9982941171198974,0.5479473970216681,-0.5796537263151046,0.04146932652911826,-0.07023475969466508,"(1.0392304845413263, 0.5196152422706632)"
0.0,1.0036513580797441,0.5444401525241547,-0.6124792103700979,0.1280637258043013,-0.6565096810998663,"(1.1086554390135441, 0.4242640687119286)"
0.05,1.0087245494100783,0.5408756494114855,-0.6425035160778572,0.12400476235113718,-0.6004861141551856,"(1.1086554390135441, 0.4242640687119286)"
0.1,1.0135242421643955,0.5372833557212683,-0.6699753637187433,0.11990266801472015,-0.549436952817724,"(1.1086554390135441, 0.4242640687119286)"
0.15000000000000002,1.0180626130263724,0.5336879944429516,-0.6951191673099366,0.11579884766690977,-0.5028760718238655,"(1.1086554390135441, 0.4242640687119286)"
0.2,1.0223527418886806,0.5301101173342733,-0.7181379062487907,0.11172539596710401,-0.46037477877708227,"(1.1086554390135441, 0.4242640687119286)"
0.25,1.0264080820356443,0.5265666472411584,-0.739215554855531,0.10770694315293608,-0.42155297213480597,"(1.1086554390135441, 0.4242640687119286)"
0.30000000000000004,1.030242079130813,0.5230713757378954,-0.7585191562274975,0.10376214455625839,-0.3860720274393306,"(1.1086554390135441, 0.4242640687119286)"
0.35000000000000003,1.0338679040300032,0.5196354104726966,-0.7762006071709648,0.09990488176909389,-0.35362901886934667,"(1.1086554390135441, 0.4242640687119286)"
0.4,1.0372982718069097,0.5162675713492102,-0.7923982062017965,0.09614523065971571,-0.3239519806166327,"(1.1086554390135441, 0.4242640687119286)"
0.45,1.040545325401355,0.5129747375150737,-0.8072380054206802,0.09249024100829946,-0.296795984377676,"(1.1086554390135441, 0.4242640687119286)"
0.5,1.0436205671484369,0.5097621487040311,-0.8208349985457066,0.08894456402013863,-0.2719398625005298,"(1.1086554390135441, 0.4242640687119286)"
0.55,1.0465348253033133,0.5066336652301807,-0.833294170849781,0.08551095705093795,-0.24918344608148735,"(1.1086554390135441, 0.4242640687119286)"
0.6000000000000001,1.0492982457153237,0.5035919911633545,-0.8447114317079735,0.08219068925935295,-0.2283452171638503,"(1.1086554390135441, 0.4242640687119286)"
0.65,1.0519203011815617,0.5006388651272374,-0.8551744465451157,0.07898386734826558,-0.20926029674284446,"(1.1086554390135441, 0.4242640687119286)"
0.7000000000000001,1.0544098128561892,0.49777522289232473,-0.8647633819154208,0.07588969687034527,-0.1917787074061017,"(1.1086554390135441, 0.4242640687119286)"
0.75,1.0567749795177386,0.4950013355729725,-0.8735515750409272,0.07290669159238494,-0.17576386251012735,"(1.1086554390135441, 0.4242640687119286)"
0.8,1.0590234115920933,0.4923169268383482,-0.8816061372319134,0.0700328410033891,-0.16109124381972456,"(1.1086554390135441, 0.4242640687119286)"
0.8500000000000001,1.0611621676659782,0.4897212721461104,-0.8889884990951947,0.06726574410475249,-0.14764723726562706,"(1.1086554390135441, 0.4242640687119286)"
0.9,1.0631977918620927,0.48721328262572244,-0.8957549042182903,0.06460271604873201,-0.13532810246191215,"(1.1086554390135441, 0.4242640687119286)"
0.9500000000000001,1.0651363509279113,0.48479157588652666,-0.9019568570325088,0.06204087292207778,-0.12403905628437129,"(1.1086554390135441, 0.4242640687119286)"
1.0,1.066983470251256,0.482454535709023,-0.9076415297553527,0.05957719894704493,-0.1136934544568774,"(1.1086554390135441, 0.4242640687119286)"
1.05,1.0687443682848852,0.48020036229734375,-0.9128521326533631,0.05720859954503603,-0.10421205796020655,"(1.1086554390135441, 0.4242640687119286)"
1.1,1.070423889061138,0.4780271145255234,-0.9176282513206615,0.05493194304077253,-0.09552237334596897,"(1.1086554390135441, 0.4242640687119286)"
1.1500000000000001,1.0720265326229095,0.47593274539738933,-0.9220061542128113,0.052744093246424706,-0.08755805784299521,"(1.1086554390135441, 0.4242640687119286)"
1.2000000000000002,1.0735564833018438,0.4739151317566747,-0.9260190732922309,0.05064193473069244,-0.08025838158838866,"(1.1086554390135441, 0.4242640687119286)"
1.25,1.0750176358485786,0.4719720991270082,-0.9296974603162353,0.0486223922273594,-0.07356774048008967,"(1.1086554390135441, 0.4242640687119286)"
1.3,1.076413619470822,0.4701014424275398,-0.9330692210208826,0.04668244535513611,-0.06743521409294462,"(1.1086554390135441, 0.4242640687119286)"
1.35,1.0777478198688324,0.46830094319607746,-0.9361599292145396,0.04481913959257837,-0.0618141638731401,"(1.1086554390135441, 0.4242640687119286)"
1.4000000000000001,1.0790233993789782,0.46656838385496974,-0.9389930225876587,0.043029594267961005,-0.056661867462382,"(1.1086554390135441, 0.4242640687119286)"
1.4500000000000002,1.0802433153478956,0.4649015594730965,-0.94158998186424,0.04131100817567566,-0.05193918553162591,"(1.1086554390135441, 0.4242640687119286)"
0.0,1.0844743230426621,0.4590889361878583,-0.9644765246029123,0.14378875556769724,-0.45773085477344627,"(1.159110991546882, 0.3)"
0.05,1.088423658536731,0.4533937783113366,-0.9854333828090893,0.1386103518258587,-0.4191371641235403,"(1.159110991546882, 0.3)"
0.1,1.092112390954892,0.44782890857007157,-1.0046265586931826,0.1335283072461236,-0.38386351768186555,"(1.159110991546882, 0.3)"
0.15000000000000002,1.0955603968127492,0.442403915364652,-1.022207016013442,0.128560173731472,-0.3516091464051879,"(1.159110991546882, 0.3)"
0.2,1.0987862624433162,0.43712569958137193,-1.0383122141266123,0.12371866620900987,-0.3221039622634092,"(1.159110991546882, 0.3)"
0.25,1.1018072504364305,0.4319989402516717,-1.053067448257108,0.11901265425022378,-0.2951046826099152,"(1.159110991546882, 0.3)"
0.30000000000000004,1.1046393106199575,0.4270264887349975,-1.0665870277861482,0.11444796017193898,-0.27039159058080187,"(1.159110991546882, 0.3)"
0.35000000000000003,1.1072971210871252,0.42220970080138354,-1.0789753179380024,0.11002800093938914,-0.24776580303708104,"(1.159110991546882, 0.3)"
0.4,1.1097941485818472,0.41754871531017673,-1.0903276652817249,0.1057543040422243,-0.22704694687445126,"(1.159110991546882, 0.3)"
0.45,1.1121427204478296,0.41304268732134364,-1.1007312236153057,0.10162692172024368,-0.20807116667161618,"(1.159110991546882, 0.3)"
0.5,1.1143541025326427,0.4086899825600919,-1.1102656937888746,0.09764476322600318,-0.19068940347137964,"(1.159110991546882, 0.3)"
0.55,1.1164385790776963,0.4044883392581427,-1.1190039886555496,0.0938058610187948,-0.17476589733349923,"(1.159110991546882, 0.3)"
0.6000000000000001,1.1184055318471535,0.4004350025571068,-1.127012832463258,0.09010758371910858,-0.16017687615416665,"(1.159110991546882, 0.3)"
0.65,1.1202635166529107,0.3965268359012643,-1.1343533025055792,0.08654680617622836,-0.1468094008464238,"(1.159110991546882, 0.3)"
0.7000000000000001,1.1220203360959178,0.39276041317573895,-1.1410813196487797,0.08312004500162742,-0.13456034286400798,"(1.159110991546882, 0.3)"
0.75,1.1236831078255765,0.389132094760881,-1.14724809338058,0.0798235663060721,-0.12333547463600769,"(1.159110991546882, 0.3)"
0.8,1.1252583279640767,0.3856380901694654,-1.152900526233985,0.07665347107488428,-0.11304865706810052,"(1.159110991546882, 0.3)"
0.8500000000000001,1.1267519295858635,0.3822745095026908,-1.1580815817884702,0.07360576256381984,-0.10362111108970394,"(1.159110991546882, 0.3)"
0.9,1.1281693363102157,0.37903740559567684,-1.162830619911488,0.07067639924909512,-0.09498076246035493,"(1.159110991546882, 0.3)"
0.9500000000000001,1.1295155111769934,0.37592280841491127,-1.1671837024528404,0.06786133618011615,-0.08706165082704942,"(1.159110991546882, 0.3)"
1.0,1.1307950010469436,0.3729267530110552,-1.1711738722252731,0.06515655703083209,-0.07980339544865489,"(1.159110991546882, 0.3)"
1.05,1.1320119768097676,0.3700453021134971,-1.1748314077828765,0.06255809869981402,-0.07315071115206682,"(1.159110991546882, 0.3)"
1.1,1.1331702697038666,0.367274564271687,-1.1781840562337473,0.06006206994954129,-0.0670529690174182,"(1.159110991546882, 0.3)"
1.1500000000000001,1.1342734040575344,0.3646107082969905,-1.1812572460863755,0.05766466528531425,-0.061463797052565,"(1.159110991546882, 0.3)"
1.2000000000000002,1.135324626757011,0.36204997463276845,-1.1840742819236638,0.05536217504027407,-0.05634071674576635,"(1.159110991546882, 0.3)"
1.25,1.1363269337356479,0.35958868417548284,-1.186656522519052,0.05315099244435456,-0.05164481190776282,"(1.159110991546882, 0.3)"
1.3,1.1372830937629732,0.3572232449823725,-1.1890235438516292,0.05102761830286546,-0.0473404266515448,"(1.159110991546882, 0.3)"
1.35,1.1381956697944673,0.3549501572286735,-1.1911932883379825,0.04898866378775353,-0.04339488972706418,"(1.159110991546882, 0.3)"
1.4000000000000001,1.1390670381236772,0.3527660167170152,-1.1931822014750628,0.04703085174570929,-0.03977826274160545,"(1.159110991546882, 0.3)"
1.4500000000000002,1.139899405558804,0.3506675171914333,-1.1950053569783239,0.04515101684758444,-0.03646311006522296,"(1.159110991546882, 0.3)"
1.5,1.1406948248267135,0.34865145166667993,-1.196676571400946,0.043346104839352854,-0.0334242884524405,"(1.159110991546882, 0.3)"
1.55,1.141455208388869,0.34671471294874673,-1.1982085091315726,0.041613171103091214,-0.030638754612531405,"(1.159110991546882, 0.3)"
0.0,1.1443072012910485,0.3394176887262958,-1.2138999373284354,0.15669132205341593,-0.31382856393725567,"(1.1897338336485723, 0.15529142706151258)"
0.05,1.1469399575587067,0.33235677977126565,-1.228276471524534,0.15071541505250075,-0.28753068392197156,"(1.1897338336485723, 0.15529142706151258)"
0.1,1.1493736470303653,0.3255315891266727,-1.2414493625629879,0.1449221470714552,-0.263457820769078,"(1.1897338336485723, 0.15529142706151258)"
0.15000000000000002,1.1516265476766976,0.31894021666276123,-1.2535202035041022,0.1393151137246135,-0.24141681882228816,"(1.1897338336485723, 0.15529142706151258)"
0.2,1.153715184715431,0.3125795787433864,-1.2645818239412367,0.1338956600057802,-0.221232408742692,"(1.1897338336485723, 0.15529142706151258)"
0.25,1.1556544724985123,0.3064456709689847,-1.2747190890101032,0.12866337736974626,-0.2027453013773289,"(1.1897338336485723, 0.15529142706151258)"
0.30000000000000004,1.1574578542200773,0.3005337834970178,-1.2840096158848544,0.12361650232048085,-0.18581053749502363,"(1.1897338336485723, 0.15529142706151258)"
0.35000000000000003,1.1591374361995073,0.294838676998247,-1.292524418346477,0.11875223561342738,-0.17029604923245067,"(1.1897338336485723, 0.15529142706151258)"
0.4,1.160704114727779,0.28935472603367207,-1.3003284882570636,0.11406699749324549,-0.15608139821172928,"(1.1897338336485723, 0.15529142706151258)"
0.45,1.162167694347453,0.2840760355320362,-1.307481321373656,0.10955663141076562,-0.1430566623318469,"(1.1897338336485723, 0.15529142706151258)"
0.5,1.1635369970579788,0.27899653510138456,-1.3140373938086332,0.10521656625844267,-0.13112144869954434,"(1.1897338336485723, 0.15529142706151258)"
0.55,1.1648199623671378,0.27411005510538494,-1.3200465945299267,0.10104194522238713,-0.12018401442586923,"(1.1897338336485723, 0.15529142706151258)"
0.6000000000000001,1.1660237383979108,0.26941038775926784,-1.3255546185476446,0.0970277277821614,-0.110160480354356,"(1.1897338336485723, 0.15529142706151258)"
0.65,1.1671547644463642,0.264891335934579,-1.3306033248185873,0.09316877012498107,-0.10097412541885509,"(1.1897338336485723, 0.15529142706151258)"
0.7000000000000001,1.1682188454989793,0.2605467518906748,-1.3352310623893575,0.08945988822054561,-0.09255475141540513,"(1.1897338336485723, 0.15529142706151258)"
0.75,1.169221219278454,0.25637056775970574,-1.3394729678711659,0.08589590697940372,-0.08483810963616778,"(1.1897338336485723, 0.15529142706151258)"
0.8,1.1701666164110671,0.2523568192880524,-1.343361236978601,0.0824716982535282,-0.07776538214870064,"(1.1897338336485723, 0.15529142706151258)"
0.8500000000000001,1.1710593143077126,0.24849966406979723,-1.346925372557735,0.07918220990194295,-0.07128271158268251,"(1.1897338336485723, 0.15529142706151258)"
0.9,1.1719031853330786,0.2447933952874015,-1.3501924112659351,0.07602248771202773,-0.06534077416400053,"(1.1897338336485723, 0.15529142706151258)"
0.9500000000000001,1.1727017398092163,0.2412324517933062,-1.3531871308387344,0.07298769161851619,-0.059894391455985185,"(1.1897338336485723, 0.15529142706151258)"
1.0,1.1734581643652682,0.2378114252169561,-1.35593223968183,0.07007310738105378,-0.054902176861911234,"(1.1897338336485723, 0.15529142706151258)"
1.05,1.1741753561074746,0.2345250646591215,-1.3584485503537267,0.06727415465445889,-0.05032621343793342,"(1.1897338336485723, 0.15529142706151258)"
1.1,1.1748559530448914,0.23136827943467506,-1.3607551383527725,0.06458639220301655,-0.04613175998091745,"(1.1897338336485723, 0.15529142706151258)"
1.1500000000000001,1.175502361167977,0.2283361402422799,-1.3628694874881124,0.06200552086274151,-0.04228698270679787,"(1.1897338336485723, 0.15529142706151258)"
1.2000000000000002,1.1761167785403113,0.22542387907154665,-1.36480762299483,0.059527384736730755,-0.038762710134350724,"(1.1897338336485723, 0.15529142706151258)"
1.25,1.1767012167287865,0.22262688810247008,-1.3665842334471394,0.05714797101295535,-0.035532209046189034,"(1.1897338336485723, 0.15529142706151258)"
1.3,1.1772575198649928,0.21994071780617902,-1.3682127824281831,0.05486340871666476,-0.03257097962087563,"(1.1897338336485723, 0.15529142706151258)"
1.35,1.1777873816003965,0.21736107441843164,-1.3697056108293493,0.05266996664739333,-0.029856568023321484,"(1.1897338336485723, 0.15529142706151258)"
1.4000000000000001,1.1782923601902824,0.21488381692639405,-1.371074030574844,0.05056405070047052,-0.027368394909894067,"(1.1897338336485723, 0.15529142706151258)"
1.4500000000000002,1.1787738919162873,0.21250495368384295,-1.3723284104975266,0.04854220073259996,-0.025087598453652493,"(1.1897338336485723, 0.15529142706151258)"
1.5,1.1792333030345665,0.21022063874904737,-1.3734782550288813,0.04660108709860205,-0.022996890627092204,"(1.1897338336485723, 0.15529142706151258)"
1.55,1.179671820416078,0.2080271680223983,-1.3745322763087389,0.044737506960286076,-0.021080425597153063,"(1.1897338336485723, 0.15529142706151258)"
1.6,1.180090581027001,0.2059209752467064,-1.37549846026833,0.04294838044740299,-0.019323679191823318,"(1.1897338336485723, 0.15529142706151258)"
1.6500000000000001,1.1804906403807385,0.20389862792143285,-1.3763841271929176,0.041230746733737056,-0.01771333849174994,"(1.1897338336485723, 0.15529142706151258)"
0.0,1.1820657285360212,0.19589916126757026,-1.3887617436862223,0.16306117801999528,-0.2475523298660931,"(1.2, 7.347880794884119e-17)"
0.05,1.183484352352805,0.188192276036887,-1.4001043160869806,0.15672724522873416,-0.22685144801516458,"(1.2, 7.347880794884119e-17)"
0.1,1.184763517715702,0.18077120221387089,-1.4104989211699022,0.15061022636234345,-0.2078921016584312,"(1.2, 7.347880794884119e-17)"
0.15000000000000002,1.1859183768885926,0.1736285369014245,-1.420025189672182,0.14470848969543434,-0.19052537004559722,"(1.2, 7.347880794884119e-17)"
0.2,1.1869624143172315,0.16675643633684872,-1.4287559705546964,0.13901910706380122,-0.1746156176502861,"(1.2, 7.347880794884119e-17)"
0.25,1.1879076189506748,0.16014676958457683,-1.4367579297880737,0.13353816888840614,-0.1600391846675442,"(1.2, 7.347880794884119e-17)"
0.30000000000000004,1.1887646424871197,0.1537912409764733,-1.4440920914685231,0.12826103575200545,-0.1466832336089868,"(1.2, 7.347880794884119e-17)"
0.35000000000000003,1.1895429435803482,0.14768148712512447,-1.4508143278699763,0.12318253888565929,-0.1344447280290617,"(1.2, 7.347880794884119e-17)"
0.4,1.1902509184566161,0.1418091532935849,-1.4569758040694603,0.11829713953341557,-0.12322952398968079,"(1.2, 7.347880794884119e-17)"
0.45,1.1908960186500674,0.13616595303875073,-1.462623381991975,0.11359905523507034,-0.11295155845029214,"(1.2, 7.347880794884119e-17)"
0.5,1.1914848567128922,0.13074371432888782,-1.4677999880713408,0.10908235951054059,-0.10353212158731918,"(1.2, 7.347880794884119e-17)"
0.55,1.1920233008277032,0.12553441474536672,-1.4725449481851376,0.10474106017345372,-0.09489920227593762,"(1.2, 7.347880794884119e-17)"
0.6000000000000001,1.1925165592681748,0.12053020789371235,-1.4768942930722138,0.10056916048817528,-0.08698689774152557,"(1.2, 7.347880794884119e-17)"
0.65,1.1929692556373903,0.11572344275184702,-1.4808810370626873,0.09656070656691074,-0.07973487980947047,"(1.2, 7.347880794884119e-17)"
0.7000000000000001,1.193385495774177,0.11110667735872642,-1.484535432629096,0.09270982374395541,-0.07308791132817516,"(1.2, 7.347880794884119e-17)"
0.75,1.193768927164899,0.10667268798165314,-1.4878852029926408,0.0890107441321324,-0.06699540727089726,"(1.2, 7.347880794884119e-17)"
0.8,1.1941227916380577,0.10241447468471501,-1.4909557547818098,0.0854578271373302,-0.06141103578337692,"(1.2, 7.347880794884119e-17)"
0.8500000000000001,1.1944499720559272,0.09832526404515254,-1.4937703725354048,0.08204557436095662,-0.05629235507190078,"(1.2, 7.347880794884119e-17)"
0.9,1.194753033654319,0.09439850962166742,-1.4963503966627851,0.07876864004102094,-0.05160048254760685,"(1.2, 7.347880794884119e-17)"
0.9500000000000001,1.195034260620324,0.09062789066269436,-1.4987153863167533,0.07562183795749855,-0.04729979307936172,"(1.2, 7.347880794884119e-17)"
1.0,1.1952956884397523,0.08700730944850459,-1.5008832684955398,0.07260014554617632,-0.04335764357573101,"(1.2, 7.347880794884119e-17)"
1.05,1.1955391324916795,0.08353088758462611,-1.502870474567024,0.0696987058188918,-0.03974412142968453,"(1.2, 7.347880794884119e-17)"
1.1,1.1957662133173401,0.08019296150213044,-1.5046920652984157,0.06691282757016785,-0.03643181462783307,"(1.2, 7.347880794884119e-17)"
1.1500000000000001,1.195978378944704,0.07698807737013778,-1.5063618453762933,0.06423798425521499,-0.033395601557549275,"(1.2, 7.347880794884119e-17)"
1.2000000000000002,1.196176924608347,0.07391098558522505,-1.5078924683136021,0.06166981184770658,-0.030612458746178683,"(1.2, 7.347880794884119e-17)"
1.25,1.196363010166517,0.07095663496948813,-1.5092955325607222,0.05920410592404733,-0.02806128494240112,"(1.2, 7.347880794884119e-17)"
1.3,1.1965376754833805,0.06812016678235032,-1.5105816695659324,0.05683681817118173,-0.025722740104205388,"(1.2, 7.347880794884119e-17)"
1.35,1.196701854014015,0.06539690862963814,-1.5117606244656605,0.05456405247499386,-0.023579097994559924,"(1.2, 7.347880794884119e-17)"
1.4000000000000001,1.1968563848025409,0.06278236833600072,-1.5128413300260188,0.05238206071416443,-0.021614111207164943,"(1.2, 7.347880794884119e-17)"
1.4500000000000002,1.197002023079549,0.06027222783264808,-1.513831974403655,0.050287238358459795,-0.0198128875527237,"(1.2, 7.347880794884119e-17)"
1.5,1.197139449623424,0.05786233710099409,-1.5147400632453152,0.04827611994961163,-0.018161776833203747,"(1.2, 7.347880794884119e-17)"
1.55,1.1972692790310004,0.055548708203597655,-1.5155724766012377,0.04634537452622202,-0.016648267118452575,"(1.2, 7.347880794884119e-17)"
1.6,1.197392067026012,0.05332750942638421,-1.5163355210871314,0.044491801040701814,-0.015260889717876314,"(1.2, 7.347880794884119e-17)"
1.6500000000000001,1.1975083169187288,0.05119505955016104,-1.5170349776926748,0.0427123238054819,-0.013989132110865943,"(1.2, 7.347880794884119e-17)"
1.7000000000000002,1.197618485316858,0.049147822264641546,-1.517676145600852,0.041003987997108735,-0.012823358163545628,"(1.2, 7.347880794884119e-17)"
0.0,1.198051173502997,0.04101002755048817,-1.5291346815070452,0.1629857930939097,-0.2291707181238628,"(1.1897338336485723, -0.15529142706151244)"
0.05,1.1983773476463748,0.03318543477232244,-1.539635501287839,0.1566277647365646,-0.21001639561587737,"(1.1897338336485723, -0.15529142706151244)"
0.1,1.1986117837821022,0.025664444937500936,-1.549259067702391,0.15049285484330902,-0.1924713282910384,"(1.1897338336485723, -0.15529142706151244)"
0.15000000000000002,1.1987674626219946,0.01843721292283174,-1.5580789878724162,0.14457817054458755,-0.1763984034005056,"(1.1897338336485723, -0.15529142706151244)"
0.2,1.198855769296058,0.011493786006514229,-1.566162619269543,0.13887976873674093,-0.16167262794253623,"(1.1897338336485723, -0.15529142706151244)"
0.25,1.1988866743751208,0.004824211437290582,-1.5735716171897103,0.13339292343800951,-0.14817995840334441,"(1.1897338336485723, -0.15529142706151244)"
0.30000000000000004,1.1988688969507606,-0.001581380839266626,-1.5803624304479231,0.12811233890661156,-0.13581626516425638,"(1.1897338336485723, -0.15529142706151244)"
0.35000000000000003,1.1988100508524149,-0.0077327153282333114,-1.5865867510332121,0.1230323191010257,-0.12448641170577757,"(1.1897338336485723, -0.15529142706151244)"
0.4,1.1987167752434484,-0.013639323983013464,-1.5922919226542938,0.11814690201601037,-0.11410343242163334,"(1.1897338336485723, -0.15529142706151244)"
0.45,1.1985948509026318,-0.01931051180318061,-1.597521312441882,0.11344996577610017,-0.10458779575176214,"(1.1897338336485723, -0.15529142706151244)"
0.5,1.1984493034971417,-0.024755332413022225,-1.6023146495235363,0.10893531203535593,-0.09586674163308884,"(1.1897338336485723, -0.15529142706151244)"
0.55,1.1982844951107603,-0.029982571513866296,-1.6067083337279677,0.10459673115659934,-0.08787368408863072,"(1.1897338336485723, -0.15529142706151244)"
0.6000000000000001,1.1981042052226916,-0.03500073651882703,-1.6107357172896384,0.10042805277561112,-0.08054767123341133,"(1.1897338336485723, -0.15529142706151244)"
0.65,1.1979117022496593,-0.03981805101481526,-1.6144273620971696,0.09642318465573448,-0.07383289615062294,"(1.1897338336485723, -0.15529142706151244)"
0.7000000000000001,1.1977098066745213,-0.04444245296816263,-1.617811274749405,0.09257614217363613,-0.0676782530447062,"(1.1897338336485723, -0.15529142706151244)"
0.75,1.1975009466938056,-0.04888159580909444,-1.6209131214422592,0.08888107032150497,-0.062036933857088083,"(1.1897338336485723, -0.15529142706151244)"
0.8,1.1972872072277703,-0.05314285170648455,-1.62375642450086,0.08533225974362356,-0.05686606117201787,"(1.1897338336485723, -0.15529142706151244)"
0.8500000000000001,1.197070373051999,-0.05723331648595887,-1.6263627421894766,0.0819241580290023,-0.05212635377233099,"(1.1897338336485723, -0.15529142706151244)"
0.9,1.1968519667303954,-0.06115981575810831,-1.6287518332719968,0.07865137724288498,-0.047781821650402234,"(1.1897338336485723, -0.15529142706151244)"
0.9500000000000001,1.196633281956393,-0.06492891191471477,-1.6309418076547448,0.07550869848732934,-0.04379948765495911,"(1.1897338336485723, -0.15529142706151244)"
1.0,1.1964154128424371,-0.06854691172385817,-1.6329492643184143,0.07249107412579199,-0.040149133273390536,"(1.1897338336485723, -0.15529142706151244)"
1.05,1.1961992796372733,-0.07201987431310139,-1.6347894176345243,0.06959362818148611,-0.03680306632219965,"(1.1897338336485723, -0.15529142706151244)"
1.1,1.1959856512960285,-0.07535361937650703,-1.6364762130622008,0.06681165531840821,-0.03373590855353047,"(1.1897338336485723, -0.15529142706151244)"
1.1500000000000001,1.195775165279148,-0.07855373547834085,-1.6380224331317061,0.0641406187326511,-0.030924401390107215,"(1.1897338336485723, -0.15529142706151244)"
1.2000000000000002,1.1955683449125454,-0.08162558835582667,-1.6394397945406654,0.061576147216140575,-0.028347228179183004,"(1.1897338336485723, -0.15529142706151244)"
1.25,1.1953656146023879,-0.08457432914674193,-1.640739037116318,0.05911403160219779,-0.02598485151305341,"(1.1897338336485723, -0.15529142706151244)"
1.3,1.1951673131633502,-0.08740490248619295,-1.6419300053314214,0.05675022075987143,-0.0238193643020701,"(1.1897338336485723, -0.15529142706151244)"
1.35,1.194973705488498,-0.09012205443155867,-1.6430217230018782,0.05448081726981136,-0.02183435340913642,"(1.1897338336485723, -0.15529142706151244)"
1.4000000000000001,1.1947849927618064,-0.092730340186124,-1.6440224617400876,0.052302072886966124,-0.02001477476418878,"(1.1897338336485723, -0.15529142706151244)"
1.4500000000000002,1.1946013213903188,-0.09523413160096914,-1.644939803688852,0.05021038387328384,-0.01834683897528888,"(1.1897338336485723, -0.15529142706151244)"
1.5,1.1944227908117437,-0.09763762444174232,-1.6457806990159047,0.04820228626583698,-0.016817906541053973,"(1.1897338336485723, -0.15529142706151244)"
1.55,1.1942494603145875,-0.09994484541242692,-1.646551518608329,0.046274451131531676,-0.01541639184848731,"(1.1897338336485723, -0.15529142706151244)"
1.6,1.1940813549914215,-0.10215965893244276,-1.647258102368923,0.04442367984812476,-0.014131675211880301,"(1.1897338336485723, -0.15529142706151244)"
1.6500000000000001,1.1939184709313537,-0.10428577366665602,-1.6479058034825864,0.042646899442106645,-0.012954022273266586,"(1.1897338336485723, -0.15529142706151244)"
1.7000000000000002,1.1937607797449645,-0.10632674881031993,-1.6484995289897773,0.04094115800667473,-0.01187451014381502,"(1.1897338336485723, -0.15529142706151244)"
0.0,1.193152887064388,-0.11413426160766935,-1.6609160635672524,0.15662284583275005,-0.2483306915495015,"(1.159110991546882, -0.2999999999999999)"
0.05,1.1924754729549718,-0.12163072411290432,-1.672294277096434,0.15054014742656494,-0.22756427058363057,"(1.159110991546882, -0.2999999999999999)"
0.1,1.191742570097719,-0.12882677464469966,-1.6827215272169025,0.1446655312841607,-0.20854500240936824,"(1.159110991546882, -0.2999999999999999)"
0.15000000000000002,1.1909663271077178,-0.13573316283974357,-1.6922777003282432,0.13899748354580765,-0.1911234622268143,"(1.159110991546882, -0.2999999999999999)"
0.2,1.1901572305718142,-0.14236061896710228,-1.7010358783673039,0.13353323470129214,-0.17516356078121187,"(1.159110991546882, -0.2999999999999999)"
0.25,1.189324304698761,-0.14871975543041085,-1.7090629398040602,0.12826906418771794,-0.16054122873512933,"(1.159110991546882, -0.2999999999999999)"
0.30000000000000004,1.1884752898456732,-0.15482099372049107,-1.7164201027090598,0.12320054365643766,-0.14714325809998985,"(1.159110991546882, -0.2999999999999999)"
0.35000000000000003,1.1876168014519988,-0.1606745114038551,-1.7231634165377612,0.1183227308534233,-0.1348662765740294,"(1.159110991546882, -0.2999999999999999)"
0.4,1.1867544710296192,-0.16629020480988352,-1.7293442083001775,0.11363032374832402,-0.12361583524832798,"(1.159110991546882, -0.2999999999999999)"
0.45,1.185893070875393,-0.17167766395299813,-1.735009487987865,0.10911778268353893,-0.11330559375375081,"(1.159110991546882, -0.2999999999999999)"
0.5,1.1850366241260315,-0.17684615693183092,-1.7402023174759949,0.10477942681029691,-0.10385658976259426,"(1.159110991546882, -0.2999999999999999)"
0.55,1.184188501689589,-0.18180462161567004,-1.7449621465763148,0.10060950986477732,-0.0951965820063988,"(1.159110991546882, -0.2999999999999999)"
0.6000000000000001,1.1833515074803265,-0.1865616628848271,-1.7493251194643198,0.09660227935779227,-0.08725945776009991,"(1.159110991546882, -0.2999999999999999)"
0.65,1.1825279532660005,-0.19112555405713974,-1.7533243543230872,0.0927520224612868,-0.07998469717534819,"(1.159110991546882, -0.2999999999999999)"
0.7000000000000001,1.1817197243165858,-0.19550424142498402,-1.756990198723119,0.0890531012373872,-0.07331688800063296,"(1.159110991546882, -0.2999999999999999)"
0.75,1.1809283369260932,-0.19970535106014584,-1.7603504629812996,0.08549997934147133,-0.06720528516361235,"(1.159110991546882, -0.2999999999999999)"
0.8,1.1801549887676144,-0.20373619722927624,-1.7634306335041883,0.0820872419159423,-0.06160341045777118,"(1.159110991546882, -0.2999999999999999)"
0.8500000000000001,1.1794006029377833,-0.20760379190982806,-1.766254067914558,0.07880961005685172,-0.056468688207396145,"(1.159110991546882, -0.2999999999999999)"
0.9,1.1786658664513328,-0.21131485501294722,-1.768842173580039,0.07566195096573773,-0.05176211330962077,"(1.159110991546882, -0.2999999999999999)"
0.9500000000000001,1.1779512638595888,-0.21487582501190444,-1.7712145710046103,0.07263928468150181,-0.04744794849142808,"(1.159110991546882, -0.2999999999999999)"
1.0,1.1772571065884438,-0.21829286974723852,-1.7733892434041034,0.06973678811175013,-0.04349344798986354,"(1.159110991546882, -0.2999999999999999)"
1.05,1.1765835585211648,-0.2215718972368118,-1.7753826736630411,0.06694979694162699,-0.03986860517875557,"(1.159110991546882, -0.2999999999999999)"
1.1,1.1759306582888025,-0.2247185663636311,-1.7772099697597803,0.06427380588419,-0.036545921934781345,"(1.159110991546882, -0.2999999999999999)"
1.1500000000000001,1.17529833867536,-0.22773829734911477,-1.7788849796481994,0.06170446764452122,-0.03350019776838298,"(1.159110991546882, -0.2999999999999999)"
1.2000000000000002,1.1746864434956141,-0.23063628194652655,-1.7804203964955554,0.059237590895755234,-0.030708336947122827,"(1.159110991546882, -0.2999999999999999)"
1.25,1.174094742259962,-0.23341749331017705,-1.7818278550963278,0.05686913750557867,-0.028149172015446977,"(1.159110991546882, -0.2999999999999999)"
1.3,1.1735229429022607,-0.23608669551201436,-1.7831180202098407,0.0545952192037386,-0.025803302270259176,"(1.159110991546882, -0.2999999999999999)"
1.35,1.1729707028128202,-0.23864845268941925,-1.7843006675042745,0.05241209384243556,-0.02365294588867639,"(1.159110991546882, -0.2999999999999999)"
1.4000000000000001,1.172437638388955,-0.2411071378172122,-1.7853847577305835,0.05031616137036318,-0.021681804526179627,"(1.159110991546882, -0.2999999999999999)"
1.4500000000000002,1.171923333289357,-0.2434669411037213,-1.786378504696186,0.048303959616128794,-0.0198749393120512,"(1.159110991546882, -0.2999999999999999)"
1.5,1.1714273455555853,-0.24573187801577082,-1.7872894375594939,0.046372159956665236,-0.018218657266158567,"(1.159110991546882, -0.2999999999999999)"
1.55,1.1709492137438064,-0.24790579694104117,-1.788124457921918,0.044517562930076915,-0.016700407248481097,"(1.159110991546882, -0.2999999999999999)"
1.6,1.1704884621922311,-0.24999238649874328,-1.7888898921534946,0.04273709383938255,-0.015308684631529791,"(1.159110991546882, -0.2999999999999999)"
1.6500000000000001,1.1700446055341691,-0.25199518251120345,-1.789591539351331,0.041027798383205576,-0.014032943956729382,"(1.159110991546882, -0.2999999999999999)"
0.0,1.1684689111647613,-0.2590815817232786,-1.8050329520751685,0.14518934745866532,-0.30882825447674517,"(1.1086554390135441, -0.42426406871192823)"
0.05,1.16684834454687,-0.2658730866909554,-1.8191806467867637,0.139643511684578,-0.28295389423190487,"(1.1086554390135441, -0.42426406871192823)"
0.1,1.1651979232601417,-0.27238050260213753,-1.832144030856331,0.13426891265634472,-0.2592676813913447,"(1.1086554390135441, -0.42426406871192823)"
0.15000000000000002,1.1635304699645759,-0.2786147853546852,-1.8440230257337826,0.12906848094187373,-0.23757989754903286,"(1.1086554390135441, -0.42426406871192823)"
0.2,1.16185688090764,-0.28458687468425187,-1.854908942704824,0.12404313974068774,-0.217718339420826,"(1.1086554390135441, -0.42426406871192823)"
0.25,1.1601863672374637,-0.2903075709230914,-1.864885265877508,0.11919225038452552,-0.19952646345367864,"(1.1086554390135441, -0.42426406871192823)"
0.30000000000000004,1.158526670331563,-0.2957874458486469,-1.8740283547477394,0.11451396948702512,-0.1828617774046298,"(1.1086554390135441, -0.42426406871192823)"
0.35000000000000003,1.1568842528678378,-0.3010367800101361,-1.882408076577165,0.11000553488643643,-0.16759443658851014,"(1.1086554390135441, -0.42426406871192823)"
0.4,1.155264467622699,-0.30606552048715724,-1.8900883771364776,0.10566349421744493,-0.15360601118625583,"(1.1086554390135441, -0.42426406871192823)"
0.45,1.1536717060673565,-0.3108832542977364,-1.8971277970226719,0.10148388727630635,-0.14078839772388663,"(1.1086554390135441, -0.42426406871192823)"
0.5,1.152109528808762,-0.3154991936877146,-1.9035799396751771,0.0974623911859803,-0.12904285305010643,"(1.1086554390135441, -0.42426406871192823)"
0.55,1.1505807798290568,-0.31992217034461823,-1.9094938963358408,0.09359443562619182,-0.11827913321327099,"(1.1086554390135441, -0.42426406871192823)"
0.6000000000000001,1.1490876863458137,-0.324160636225529,-1.9149146324775448,0.08987529398749698,-0.10841472283408095,"(1.1086554390135441, -0.42426406871192823)"
0.65,1.1476319459646178,-0.32822266920177884,-1.9198833396321264,0.08630015517387095,-0.09937414309163062,"(1.1086554390135441, -0.42426406871192823)"
0.7000000000000001,1.146214802638643,-0.3321159821296717,-1.9244377560541674,0.08286417986283912,-0.09108832844081927,"(1.1086554390135441, -0.42426406871192823)"
0.75,1.1448371127951622,-0.33584793427718307,-1.9286124592429887,0.0795625442935165,-0.08349406377642588,"(1.1086554390135441, -0.42426406871192823)"
0.8,1.1434994028415186,-0.3394255442889868,-1.9324391329951036,0.07639047405700623,-0.0765334750422969,"(1.1086554390135441, -0.42426406871192823)"
0.8500000000000001,1.142201919125832,-0.34285550407013804,-1.9359468113612273,0.07334326988289284,-0.07015356732247291,"(1.1086554390135441, -0.42426406871192823)"
0.9,1.1409446713020406,-0.3461441931235136,-1.939162101626077,0.07041632702781406,-0.06430580529699415,"(1.1086554390135441, -0.42426406871192823)"
0.9500000000000001,1.1397274699351765,-0.34929769299664837,-1.942109388208062,0.06760514955935455,-0.05894573163970018,"(1.1086554390135441, -0.42426406871192823)"
1.0,1.1385499590808454,-0.3523218015870891,-1.9448110191835497,0.06490536057628682,-0.054032619509754576,"(1.1086554390135441, -0.42426406871192823)"
1.05,1.1374116444821376,-0.3552220471275304,-1.947287476971938,0.06231270920279733,-0.04952915576776573,"(1.1086554390135441, -0.42426406871192823)"
1.1,1.1363119179468357,-0.3580037017273625,-1.9495575345694223,0.05982307503033941,-0.04540115194968497,"(1.1086554390135441, -0.42426406871192823)"
1.1500000000000001,1.1352500783969137,-0.36067179438945157,-1.9516383985880559,0.057432470548539304,-0.041617280372669985,"(1.1086554390135441, -0.42426406871192823)"
1.2000000000000002,1.1342253500200108,-0.36323112345286723,-1.9535458402399473,0.055137041999999234,-0.03814883303782879,"(1.1086554390135441, -0.42426406871192823)"
1.25,1.1332368978979206,-0.36568626843612856,-1.9552943153021876,0.052933069007938024,-0.034969501244804246,"(1.1086554390135441, -0.42426406871192823)"
1.3,1.1322838414392968,-0.36804160127315555,-1.9568970740046654,0.050816963256384566,-0.032055174049555046,"(1.1086554390135441, -0.42426406871192823)"
1.35,1.1313652659019588,-0.37030129694689873,-1.9583662616989266,0.0487852664468666,-0.02938375388522319,"(1.1086554390135441, -0.42426406871192823)"
1.4000000000000001,1.1304802322536591,-0.3724693435346871,-1.959713011090489,0.046834647710613464,-0.02693498783124748,"(1.1086554390135441, -0.42426406871192823)"
1.4500000000000002,1.1296277855883072,-0.3745495516855553,-1.9609475267485676,0.04496190061911718,-0.02469031316157222,"(1.1086554390135441, -0.42426406871192823)"
1.5,1.1288069622868422,-0.3765455635538723,-1.9620791625451637,0.043163939906778796,-0.022632715931921177,"(1.1086554390135441, -0.42426406871192823)"
1.55,1.1280167960877139,-0.37846086121602174,-1.9631164926192044,0.041437797995935347,-0.02074660148081331,"(1.1086554390135441, -0.42426406871192823)"
0.0,1.125502938084914,-0.3845363616108758,-1.9842604212846555,0.1315008549114615,-0.42287857330902345,"(1.0392304845413265, -0.519615242270663)"
0.05,1.1229578896307573,-0.39033696373949756,-2.0036246138386384,0.12668742114129058,-0.387283851079655,"(1.0392304845413265, -0.519615242270663)"
0.1,1.1203997211450651,-0.3958735419638292,-2.0213614795276973,0.12198020238601323,-0.354737313781176,"(1.0392304845413265, -0.519615242270663)"
0.15000000000000002,1.1178436688816349,-0.40115734599868086,-2.0376097776713564,0.11739163215851829,-0.324965962873186,"(1.0392304845413265, -0.519615242270663)"
0.2,1.1153024917457588,-0.406199728401177,-2.052495975934697,0.11293042376419687,-0.2977239652668162,"(1.0392304845413265, -0.519615242270663)"
0.25,1.112786794051439,-0.4110119458212048,-2.0661354437291832,0.10860234138695923,-0.27278935588972875,"(1.0392304845413265, -0.519615242270663)"
0.30000000000000004,1.1103053141013424,-0.41560501731549976,-2.078633506694186,0.10441082030984533,-0.24996125930005664,"(1.0392304845413265, -0.519615242270663)"
0.35000000000000003,1.1078651799492352,-0.4199896264744649,-2.090086383122938,0.10035746540673744,-0.22905752857504513,"(1.0392304845413265, -0.519615242270663)"
0.4,1.105472134547252,-0.42417605691184473,-2.1005820192467777,0.0964424514474261,-0.2099127224767905,"(1.0392304845413265, -0.519615242270663)"
0.45,1.1031307328998423,-0.4281741529231848,-2.110200837206285,0.09266484422991396,-0.19237635919014837,"(1.0392304845413265, -0.519615242270663)"
0.5,1.1008445139899443,-0.4319932989224733,-2.119016407112512,0.08902285789134654,-0.1763113981245379,"(1.0392304845413265, -0.519615242270663)"
0.55,1.0986161502126848,-0.4356424126994876,-2.1270960526821194,0.08551406078861613,-0.1615929113921477,"(1.0392304845413265, -0.519615242270663)"
0.6000000000000001,1.096447576917293,-0.43912994867333555,-2.1345013984008663,0.0821355399479909,-0.14810691437493695,"(1.0392304845413265, -0.519615242270663)"
0.65,1.0943401044657743,-0.44246390820927795,-2.141288864942537,0.07888403215153533,-0.13574933083341456,"(1.0392304845413265, -0.519615242270663)"
0.7000000000000001,1.0922945149981969,-0.44565185476463404,-2.147510118578094,0.07575602816851147,-0.12442507271114399,"(1.0392304845413265, -0.519615242270663)"
0.75,1.0903111458690933,-0.4487009321749441,-2.1532124795014234,0.0727478553810206,-0.1140472184665875,"(1.0392304845413265, -0.519615242270663)"
0.8,1.088389961499862,-0.451617884815556,-2.1584392933342054,0.06985574303706503,-0.10453627665564014,"(1.0392304845413265, -0.519615242270663)"
0.8500000000000001,1.0865306151853673,-0.4544090787020657,-2.1632302695229706,0.06707587354425971,-0.095819523775309,"(1.0392304845413265, -0.519615242270663)"
0.9,1.084732502202999,-0.45708052284606515,-2.167621789882881,0.0644044225558181,-0.08783040719820279,"(1.0392304845413265, -0.519615242270663)"
0.9500000000000001,1.0829948054008127,-0.4596378903767107,-2.1716471901570684,0.061837590066651495,-0.08050800548375148,"(1.0392304845413265, -0.519615242270663)"
1.0,1.0813165342881785,-0.46208653908662584,-2.1753370171333417,0.059371624306805336,-0.07379653952546918,"(1.0392304845413265, -0.519615242270663)"
1.05,1.0796965585168674,-0.46443153117276914,-2.1787192635806365,0.057002839872098164,-0.06764492894590024,"(1.0392304845413265, -0.519615242270663)"
1.1,1.0781336365215206,-0.466677652027154,-2.1818195830270817,0.054727631251649055,-0.06200638892890021,"(1.0392304845413265, -0.519615242270663)"
1.1500000000000001,1.0766264399844925,-0.4688294279949992,-2.1846614861930806,0.05254248268601714,-0.056838063319977206,"(1.0392304845413265, -0.519615242270663)"
1.2000000000000002,1.0751735746996045,-0.4708911430639573,-2.18726652071095,0.05044397510744541,-0.05210069035738951,"(1.0392304845413265, -0.519615242270663)"
1.25,1.0737735983308991,-0.4728668544813692,-2.189654435603019,0.04842879076675586,-0.04775829784137709,"(1.0392304845413265, -0.519615242270663)"
1.3,1.0724250354945717,-0.4747604073200463,-2.191843331849236,0.046493716032968646,-0.04377792492433863,"(1.0392304845413265, -0.519615242270663)"
1.35,1.071126390533596,-0.47657544802922613,-2.1938498002503923,0.044635642756200904,-0.04012936802312406,"(1.0392304845413265, -0.519615242270663)"
1.4000000000000001,1.0698761583039227,-0.47831543701791246,-2.195689047681771,0.04285156850741262,-0.03678494862757841,"(1.0392304845413265, -0.519615242270663)"
1.4500000000000002,1.0686728332474693,-0.47998366032419926,-2.1973750127324974,0.0411385959465162,-0.033719301014527574,"(1.0392304845413265, -0.519615242270663)"
0.0,1.0651766864253573,-0.4848133419667542,-2.2270794282403124,0.11924574184463957,-0.5940883101563021,"(0.9520240083494822, -0.579555495773441)"
0.05,1.0616595316624233,-0.4893800892107193,-2.2542596231731062,0.1152832303792573,-0.54360389865588,"(0.9520240083494822, -0.579555495773441)"
0.1,1.0581446000229557,-0.4936960367815344,-2.279137289162076,0.11132321925664189,-0.4975533197794002,"(0.9520240083494822, -0.579555495773441)"
0.15000000000000002,1.0546511523241213,-0.49777407990138817,-2.301912997138665,0.1073957401611038,-0.45551415953178354,"(0.9520240083494822, -0.579555495773441)"
0.2,1.0511950030901307,-0.5016273875163348,-2.32276857993139,0.10352380808880544,-0.4171116558544974,"(0.9520240083494822, -0.579555495773441)"
0.25,1.0477889989576188,-0.5052690542367989,-2.3418691681401533,0.09972482269449971,-0.38201176417526517,"(0.9520240083494822, -0.579555495773441)"
0.30000000000000004,1.0444434471264505,-0.5087118581021361,-2.359364944047125,0.0960116982668566,-0.34991551813943866,"(0.9520240083494822, -0.579555495773441)"
0.35000000000000003,1.0411664936974732,-0.5119680982728796,-2.3753926640402083,0.09239377430379166,-0.3205543998616634,"(0.9520240083494822, -0.579555495773441)"
0.4,1.0379644542470503,-0.5150494924497291,-2.3900769892033384,0.08887754883025473,-0.29368650326259904,"(0.9520240083494822, -0.579555495773441)"
0.45,1.03484210034689,-0.5179671183887778,-2.4035316554757418,0.08546726858407683,-0.2690933254480665,"(0.9520240083494822, -0.579555495773441)"
0.5,1.0318029063524274,-0.5207313875086818,-2.415860508449932,0.08216540367631844,-0.24657705948380348,"(0.9520240083494822, -0.579555495773441)"
0.55,1.0288492609301987,-0.523352041436642,-2.4271584229887595,0.07897302904254327,-0.2259582907765556,"(0.9520240083494822, -0.579555495773441)"
0.6000000000000001,1.025982647660202,-0.5258381645651781,-2.437512124042911,0.07589013071529696,-0.20707402108302794,"(0.9520240083494822, -0.579555495773441)"
0.65,1.0232037987565301,-0.5281982074170902,-2.447000922079968,0.0729158514790887,-0.18977596074113756,"(0.9520240083494822, -0.579555495773441)"
0.7000000000000001,1.0205128255788005,-0.5304400169463087,-2.455697374198731,0.07004868766380871,-0.17392904237525486,"(0.9520240083494822, -0.579555495773441)"
0.75,1.0179093292090617,-0.5325708709224694,-2.463667880150814,0.06728664656516122,-0.1594101190416597,"(0.9520240083494822, -0.579555495773441)"
0.8,1.015392493975025,-0.5345975143252217,-2.4709732210144644,0.06462737214898755,-0.14610681727300845,"(0.9520240083494822, -0.579555495773441)"
0.8500000000000001,1.012961166428705,-0.5365261962646115,-2.477669047078832,0.06206824521709166,-0.1339165212873572,"(0.9520240083494822, -0.579555495773441)"
0.9,1.0106139219492158,-0.5383627063890755,-2.483806320536344,0.05960646301786663,-0.12274546915024165,"(0.9520240083494822, -0.579555495773441)"
0.9500000000000001,1.0083491208334645,-0.5401124100760937,-2.489431717797301,0.05723910232096091,-0.11250794521913576,"(0.9520240083494822, -0.579555495773441)"
1.0,1.0061649554693126,-0.5417802819484289,-2.4945879955966253,0.05496316919715305,-0.10312555598648632,"(0.9520240083494822, -0.579555495773441)"
1.05,1.0040594899508908,-0.5433709374413966,-2.4993143245287963,0.05277563811673476,-0.09452657864341796,"(0.9520240083494822, -0.579555495773441)"
1.1,1.00203069329254,-0.5448886622794165,-2.503646593200928,0.05067348247309227,-0.08664537344263312,"(0.9520240083494822, -0.579555495773441)"
1.1500000000000001,1.0000764672231885,-0.5463374398152626,-2.507617685818249,0.04865369822944654,-0.07942185234641963,"(0.9520240083494822, -0.579555495773441)"
1.2000000000000002,0.9981946693935891,-0.5477209762522656,-2.511257735697294,0.04671332205698922,-0.0728009975808963,"(0.9520240083494822, -0.579555495773441)"
1.25,0.9963831327015685,-0.5490427238153182,-2.5145943569292895,0.04484944506667778,-0.06673242463990925,"(0.9520240083494822, -0.579555495773441)"
1.3,0.9946396813323178,-0.5503059019663703,-2.517652856181118,0.043059223022427574,-0.06116998503657323,"(0.9520240083494822, -0.579555495773441)"
1.35,0.9929621440190929,-0.5515135167782966,-2.5204564264172533,0.0413398837504213,-0.05607140472270955,"(0.9520240083494822, -0.579555495773441)"
0.0,0.9882235740548144,-0.5549045593375513,-2.5576135847692,0.1165387745688767,-0.7431431670389355,"(0.848528137423857, -0.6)"
0.05,0.9835046538682065,-0.558023154059005,-2.591579448562497,0.11312619637246753,-0.6793172758659338,"(0.848528137423857, -0.6)"
0.1,0.9788324790532269,-0.5608877736838226,-2.622642100343471,0.10960887390466037,-0.6212530356194812,"(0.848528137423857, -0.6)"
0.15000000000000002,0.9742286455552347,-0.5635173415004265,-2.65106040625645,0.1060375589672917,-0.5683661182595823,"(0.848528137423857, -0.6)"
0.2,0.9697100910364089,-0.5659305750131124,-2.6770676910393276,0.10245200032473971,-0.5201456956575555,"(0.848528137423857, -0.6)"
0.25,0.9652898456365553,-0.5681455474892577,-2.7008748064279158,0.09888310768783216,-0.476142307771763,"(0.848528137423857, -0.6)"
0.30000000000000004,0.9609776883538301,-0.5701794099797473,-2.722672717977026,0.09535470006492536,-0.4359582309822041,"(0.848528137423857, -0.6)"
0.35000000000000003,0.9567807123829054,-0.5720482298369162,-2.7426347058467284,0.09188491706274492,-0.3992397573940476,"(0.848528137423857, -0.6)"
0.4,0.9527038065503699,-0.5737669124211079,-2.760918253159203,0.08848735727224845,-0.36567094624949115,"(0.848528137423857, -0.6)"
0.45,0.9487500617066061,-0.575349181023157,-2.777666679072423,0.08517199591090727,-0.3349685182644013,"(0.848528137423857, -0.6)"
0.5,0.9449211113832438,-0.5768075964638762,-2.7930105612874825,0.08194592406338613,-0.3068776443011889,"(0.848528137423857, -0.6)"
0.55,0.9412174157368814,-0.5781536027469176,-2.8070689832586524,0.07881394382942661,-0.28116843942339376,"(0.848528137423857, -0.6)"
0.6000000000000001,0.9376384971144426,-0.5793975888641901,-2.819950634148207,0.07577904714630845,-0.2576330177910857,"(0.848528137423857, -0.6)"
0.65,0.9341831347078515,-0.5805489596507898,-2.8317547840051183,0.0728428007399979,-0.2360829971382261,"(0.848528137423857, -0.6)"
0.7000000000000001,0.930849524846551,-0.5816162106735048,-2.842572152338034,0.07000565535111114,-0.21634736665831045,"(0.848528137423857, -0.6)"
0.75,0.9276354125819831,-0.5826070036824059,-2.8524856848947913,0.06726719389340742,-0.1982706511351473,"(0.848528137423857, -0.6)"
0.8,0.9245381993897471,-0.5835282402904117,-2.861571250826688,0.0646263303803977,-0.1817113186379371,"(0.848528137423857, -0.6)"
0.8500000000000001,0.9215550310719192,-0.5843861323725245,-2.8698982703360714,0.062081469174123154,-0.16654039018767053,"(0.848528137423857, -0.6)"
0.9,0.9186828692897235,-0.5851862682723471,-2.877530281252708,0.059630632266612374,-0.15264021833273023,"(0.848528137423857, -0.6)"
0.9500000000000001,0.9159185495932747,-0.5859336743275978,-2.884525451661056,0.05727156081547044,-0.13990340816696367,"(0.848528137423857, -0.6)"
1.0,0.9132588283340959,-0.5866328715233317,-2.8909370446334437,0.05500179595267714,-0.1282318594477472,"(0.848528137423857, -0.6)"
1.05,0.9107004204391833,-0.5872879272851215,-2.896813840257079,0.05281874291501129,-0.11753591247270712,"(0.848528137423857, -0.6)"
1.1,0.9082400296835105,-0.5879025025597612,-2.9022005194328084,0.05071972176106184,-0.10773358351458873,"(0.848528137423857, -0.6)"
1.1500000000000001,0.9058743728122218,-0.5884798944169785,-2.907138013337432,0.04870200730752599,-0.0987498780924645,"(0.848528137423857, -0.6)"
1.2000000000000002,0.9036001986261257,-0.5890230744561722,-2.9116638219536983,0.04676286040731276,-0.0905161723253267,"(0.848528137423857, -0.6)"
1.25,0.9014143029470691,-0.5895347233276845,-2.915812304662986,0.04489955228034322,-0.08296965418575275,"(0.848528137423857, -0.6)"
1.3,0.8993135402168633,-0.5900172616862006,-2.919614945549728,0.04310938327585611,-0.07605281773484074,"(0.848528137423857, -0.6)"
1.35,0.8972948323490043,-0.590472877890131,-2.923100595771842,0.04138969717714661,-0.06971300444227667,"(0.848528137423857, -0.6)"
0.0,0.8910294356388759,-0.5918640253124449,-2.9585828636163236,0.12835963085939125,-0.7096453568896349,"(0.730513714810465, -0.5795554957734411)"
0.05,0.884909564989263,-0.5929966952272133,-2.991025509830034,0.1244761148233917,-0.6488529242742043,"(0.730513714810465, -0.5795554957734411)"
0.1,0.8789524193535313,-0.5939004857589817,-3.0207011283505345,0.12050630099813263,-0.5935123704100149,"(0.730513714810465, -0.5795554957734411)"
0.15000000000000002,0.8731699187272933,-0.5946029666149141,-3.0478550666585438,0.11650028814624254,-0.5430787661601884,"(0.730513714810465, -0.5795554957734411)"
0.2,0.8675697538035364,-0.595129455504828,-3.0727087718313135,0.1124971781414623,-0.4970741034553911,"(0.730513714810465, -0.5795554957734411)"
0.25,0.8621562604793577,-0.5955029488664776,-3.0954625983698167,0.10852724498875665,-0.455076530770065,"(0.730513714810465, -0.5795554957734411)"
0.30000000000000004,0.8569311405730062,-0.5957441550547077,-3.11629818660369,0.1046136864105079,-0.4167117646774582,"(0.730513714810465, -0.5795554957734411)"
0.35000000000000003,0.8518940505329555,-0.5958715927422293,-3.135380495172102,0.10077403720359406,-0.3816461713682446,"(0.730513714810465, -0.5795554957734411)"
0.4,0.84704307869162,-0.5959017281354393,3.1303257550183505,0.09702130889109631,-0.3495811397826826,"(0.730513714810465, -0.5795554957734411)"
0.45,0.8423751295845835,-0.5958491326007498,3.1143133319399516,0.09336490808896551,-0.32024846156798015,"(0.730513714810465, -0.5795554957734411)"
0.5,0.8378862315302628,-0.5957266481226254,3.0996430068363656,0.0898113760933788,-0.2934065020717236,"(0.730513714810465, -0.5795554957734411)"
0.55,0.8335717813365746,-0.5955455522193815,3.0862011569458634,0.08636498410811504,-0.26883699781004794,"(0.730513714810465, -0.5795554957734411)"
0.6000000000000001,0.8294267378267234,-0.5953157169460547,3.073884039239638,0.0830282119557575,-0.24634235412451133,"(0.730513714810465, -0.5795554957734411)"
0.65,0.825445773929077,-0.5950457587334044,3.0625968719641214,0.07980213278087402,-0.2257433455103297,"(0.730513714810465, -0.5795554957734411)"
0.7000000000000001,0.8216233953803908,-0.5947431772872338,3.052253014821939,0.07668672193026209,-0.20687714284364556,"(0.730513714810465, -0.5795554957734411)"
0.75,0.8179540326435425,-0.5944144827806163,3.0427732344089735,0.07368110469652538,-0.18959560825931532,"(0.730513714810465, -0.5795554957734411)"
0.8,0.814432111421951,-0.594065311244811,3.0340850438564138,0.07078375478176618,-0.1737638110511952,"(0.730513714810465, -0.5795554957734411)"
0.8500000000000001,0.8110521061377891,-0.5937005284992747,3.0261221074737303,0.06799265305135169,-0.15925872765366392,"(0.730513714810465, -0.5795554957734411)"
0.9,0.8078085799029626,-0.5933243232277537,3.0188237026619924,0.06530541430027861,-0.14596809623475537,"(0.730513714810465, -0.5795554957734411)"
0.9500000000000001,0.8046962138243637,-0.5929402899571805,3.01213423255089,0.06271938826270616,-0.13378940222204871,"(0.730513714810465, -0.5795554957734411)"
1.0,0.8017098279240596,-0.5925515027658966,3.0060027837712284,0.060231739890664125,-0.12262897559323306,"(0.730513714810465, -0.5795554957734411)"
1.05,0.7988443954995491,-0.5921605805640199,3.0003827245564905,0.057839512955613084,-0.11240118429475698,"(0.730513714810465, -0.5795554957734411)"
1.1,0.7960950523805895,-0.5917697447703274,2.9952313390099063,0.05553968024179448,-0.10302771093168128,"(0.730513714810465, -0.5795554957734411)"
1.1500000000000001,0.7934571022417323,-0.5913808701700555,2.990509493906298,0.05332918296705317,-0.0944369020721658,"(0.730513714810465, -0.5795554957734411)"
1.2000000000000002,0.7909260188904872,-0.590995529685688,2.986181334843186,0.05120496155586027,-0.0865631812622425,"(0.730513714810465, -0.5795554957734411)"
1.25,0.7884974462590608,-0.590615033734418,2.982214008930665,0.04916397947703587,-0.07934651825041607,"(0.730513714810465, -0.5795554957734411)"
1.3,0.7861671966739072,-0.5902404647857269,2.9785774115279438,0.04720324152611542,-0.0727319480544264,"(0.730513714810465, -0.5795554957734411)"
1.35,0.7839312478545135,-0.5898727076731929,2.975243954806815,0.04531980766405544,-0.06666913442257894,"(0.730513714810465, -0.5795554957734411)"
1.4000000000000001,0.7817857389949204,-0.5895124761579268,2.972188356157059,0.04351080330760713,-0.06111197299511262,"(0.730513714810465, -0.5795554957734411)"
1.4500000000000002,0.7797269662035594,-0.5891603361879469,2.9693874446524595,0.041773426792187596,-0.056018230091987586,"(0.730513714810465, -0.5795554957734411)"
1.5,0.7777513775151199,-0.588816726248852,2.9668199839739815,0.040104954587356474,-0.05134921356955591,"(0.730513714810465, -0.5795554957734411)"
0.0,0.7703823106191632,-0.5875155392341611,2.94225877041152,0.14966126361124354,-0.49122427124922324,"(0.5999999999999999, -0.5196152422706631)"
0.05,0.7633070837243857,-0.5860862256656261,2.919772064926468,0.1443631156352351,-0.4497341097010443,"(0.5999999999999999, -0.5196152422706631)"
0.1,0.7565203519163397,-0.5845556016172707,2.8991805730311784,0.13914386599738743,-0.411829837905785,"(0.5999999999999999, -0.5196152422706631)"
0.15000000000000002,0.7500149828946627,-0.5829469881273466,2.8803214322558897,0.13402606234335218,-0.3771828155057766,"(0.5999999999999999, -0.5196152422706631)"
0.2,0.7437826059326667,-0.5812805553228246,2.8630464946093945,0.12902638627568577,-0.34549875292990584,"(0.5999999999999999, -0.5196152422706631)"
0.25,0.7378140374720217,-0.5795736585820574,2.847220834181588,0.12415684588945897,-0.31651320855613174,"(0.5999999999999999, -0.5196152422706631)"
0.30000000000000004,0.7320996080144451,-0.5778411569033035,2.8327214415705946,0.11942573607477404,-0.2899878522198662,"(0.5999999999999999, -0.5196152422706631)"
0.35000000000000003,0.7266294105781117,-0.5760957080248615,2.8194360747556866,0.11483841130862524,-0.2657073362981588,"(0.5999999999999999, -0.5196152422706631)"
0.4,0.7213934872125466,-0.5743480377910964,2.807262242134378,0.11039790711070356,-0.2434766524261689,"(0.5999999999999999, -0.5196152422706631)"
0.45,0.7163819668888561,-0.5726071831956042,2.7961062981542026,0.10610543940328139,-0.22311887960350552,"(0.5999999999999999, -0.5196152422706631)"
0.5,0.7115851654468478,-0.5708807097612978,2.785882635634133,0.10196080539779816,-0.20447325040139577,"(0.5999999999999999, -0.5196152422706631)"
0.55,0.706993656118749,-0.5691749046555389,2.776512961738387,0.09796270508484725,-0.18739347791491556,"(0.5999999999999999, -0.5196152422706631)"
0.6000000000000001,0.7025983173911229,-0.5674949473425236,2.7679256468242825,0.09410899872833342,-0.1717462982820872,"(0.5999999999999999, -0.5196152422706631)"
0.65,0.6983903635466884,-0.5658450597555215,2.7600551371770483,0.09039691279382278,-0.15741019294468694,"(0.5999999999999999, -0.5196152422706631)"
0.7000000000000001,0.694361362087528,-0.564228638006006,2.7528414240748313,0.08682320434129018,-0.1442742620443438,"(0.5999999999999999, -0.5196152422706631)"
0.75,0.6905032413299066,-0.5626483675893276,2.7462295627775237,0.08338429197449106,-0.13223722594614906,"(0.5999999999999999, -0.5196152422706631)"
0.8,0.6868082907356693,-0.5611063239346125,2.740169235965227,0.0800763598745649,-0.12120653624592803,"(0.5999999999999999, -0.5196152422706631)"
0.8500000000000001,0.6832691559701088,-0.5596040600052822,2.734614356913413,0.07689544018253701,-0.11109758103628464,"(0.5999999999999999, -0.5196152422706631)"
0.9,0.6798788302217676,-0.5581426825027797,2.729522708318431,0.07383747797612225,-0.10183297189964802,"(0.5999999999999999, -0.5196152422706631)"
0.9500000000000001,0.6766306429617289,-0.5567229180706426,2.7248556132069286,0.07089838226374331,-0.09334190223004857,"(0.5999999999999999, -0.5196152422706631)"
1.0,0.6735182470389937,-0.5553451707457696,2.7205776347976496,0.06807406575503966,-0.08555956818557586,"(0.5999999999999999, -0.5196152422706631)"
1.05,0.6705356047887298,-0.5540095717625567,2.7166563025507915,0.06536047563174084,-0.07842664493716289,"(0.5999999999999999, -0.5196152422706631)"
1.1,0.6676769736588365,-0.5527160226856187,2.713061861951769,0.06275361711086354,-0.07188881198045503,"(0.5999999999999999, -0.5196152422706631)"
1.1500000000000001,0.6649368917272328,-0.5514642327288961,2.709767045843125,0.0602495712437953,-0.06589632217287811,"(0.5999999999999999, -0.5196152422706631)"
1.2000000000000002,0.6623101633794538,-0.5502537510130905,2.7067468653485447,0.0578445081138234,-0.06040360989161165,"(0.5999999999999999, -0.5196152422706631)"
1.25,0.6597918453370702,-0.5490839944191227,2.7039784186328717,0.05553469636803839,-0.055368934313460016,"(0.5999999999999999, -0.5196152422706631)"
1.3,0.6573772331670177,-0.5479542716118936,2.701440715916796,0.053316509836782905,-0.050754054321514586,"(0.5999999999999999, -0.5196152422706631)"
1.35,0.6550618483560748,-0.5468638037351622,2.699114519318516,0.05118643184644944,-0.046523931965596343,"(0.5999999999999999, -0.5196152422706631)"
1.4000000000000001,0.6528414260002544,-0.5458117422138811,2.696982196230492,0.04914105771261912,-0.04264646176047826,"(0.5999999999999999, -0.5196152422706631)"
1.4500000000000002,0.650711903133236,-0.5447971840439015,2.6950275850600103,0.04717709580475059,-0.039092223409632476,"(0.5999999999999999, -0.5196152422706631)"
1.5,0.6486694076991774,-0.5438191848996837,2.6932358722698626,0.04529136749642756,-0.03583425580295674,"(0.5999999999999999, -0.5196152422706631)"
1.55,0.6467102481617275,-0.5428767703476756,2.691593479751756,0.04348080625295543,-0.032847850362140996,"(0.5999999999999999, -0.5196152422706631)"
1.6,0.6448309037315922,-0.5419689454155997,2.6900879616515994,0.04174245605796999,-0.030110362003132884,"(0.5999999999999999, -0.5196152422706631)"
1.6500000000000001,0.643028015188615,-0.5410947027353165,2.6887079098437683,0.040073469340338765,-0.02760103615662146,"(0.5999999999999999, -0.5196152422706631)"
0.0,0.6352446917583807,-0.5373071981043686,2.6745441842377042,0.17311882040851043,-0.28327451212128096,"(0.45922011883810787, -0.4242640687119286)"
0.05,0.6278132356429834,-0.5335598244329416,2.661566123302225,0.16645642003645303,-0.2595612187095886,"(0.45922011883810787, -0.4242640687119286)"
0.1,0.620716939685082,-0.5298651765065826,2.6496736885718484,0.16000979922726824,-0.23784869460753644,"(0.45922011883810787, -0.4242640687119286)"
0.15000000000000002,0.6139396331268162,-0.5262335188927978,2.6387754624628004,0.15378013032700097,-0.21796452218095785,"(0.45922011883810787, -0.4242640687119286)"
0.2,0.6074657662719083,-0.5226731115239248,2.628787864169271,0.14776664398625386,-0.1997519658705882,"(0.45922011883810787, -0.4242640687119286)"
0.25,0.6012804607765195,-0.5191904946270502,2.6196344461260326,0.14196707297353459,-0.18306836086476874,"(0.45922011883810787, -0.4242640687119286)"
0.30000000000000004,0.5953695343396566,-0.5157907371373567,2.6112452607796213,0.13637800750961734,-0.16778370692822395,"(0.45922011883810787, -0.4242640687119286)"
0.35000000000000003,0.5897195065946381,-0.5124776526244295,2.603556289095624,0.1309951793147763,-0.15377943367994806,"(0.45922011883810787, -0.4242640687119286)"
0.4,0.5843175914470451,-0.5092539865266257,2.5965089235779333,0.12581368824086633,-0.1409473103538117,"(0.45922011883810787, -0.4242640687119286)"
0.45,0.5791516798802929,-0.5061215781866185,2.590049499662422,0.12082818267945586,-0.12918847831022262,"(0.45922011883810787, -0.4242640687119286)"
0.5,0.574210316290608,-0.5030815008511142,2.584128870229775,0.11603300277302159,-0.11841258865294524,"(0.45922011883810787, -0.4242640687119286)"
0.55,0.5694826706643471,-0.5001341824646566,2.5787020187042353,0.1114222937093938,-0.10853703051079466,"(0.45922011883810787, -0.4242640687119286)"
0.6000000000000001,0.5649585083283725,-0.49727950976679364,2.5737277068005984,0.10699009496990966,-0.09948623807274348,"(0.45922011883810787, -0.4242640687119286)"
0.65,0.5606281585533691,-0.4945169179024841,2.569168153477028,0.10273041026418869,-0.09119106647141106,"(0.45922011883810787, -0.4242640687119286)"
0.7000000000000001,0.5564824829424665,-0.4918454674818597,2.5649887420664452,0.09863726196663587,-0.08358822821165734,"(0.45922011883810787, -0.4242640687119286)"
0.75,0.552512844270978,-0.4892639107789058,2.5611577529100513,0.09470473312932706,-0.07661978312788253,"(0.45922011883810787, -0.4242640687119286)"
0.8,0.5487110762398022,-0.48677074853901486,2.5576461191153177,0.09092699954862346,-0.07023267589467362,"(0.45922011883810787, -0.4242640687119286)"
0.8500000000000001,0.5450694544510764,-0.48436427867140086,2.554427203317133,0.08729835388106028,-0.0643783159636957,"(0.45922011883810787, -0.4242640687119286)"
0.9,0.5415806687990283,-0.48204263793211993,2.551476593542338,0.08381322341546159,-0.05901219549589776,"(0.45922011883810787, -0.4242640687119286)"
0.9500000000000001,0.5382377973829845,-0.47980383755474615,2.548771916470634,0.08046618279484002,-0.05409354143408595,"(0.45922011883810787, -0.4242640687119286)"
1.0,0.5350342819863824,-0.47764579365634907,2.546292666553587,0.07725196272891961,-0.04958499834093689,"(0.45922011883810787, -0.4242640687119286)"
1.05,0.531963905120091,-0.4755663531341205,2.5440200496020395,0.07416545553434886,-0.04545233903095248,"(0.45922011883810787, -0.4242640687119286)"
1.1,0.5290207685962237,-0.47356331567074267,2.541936839583719,0.07120171817538265,-0.04166420036640584,"(0.45922011883810787, -0.4242640687119286)"
1.1500000000000001,0.526199273576698,-0.47163445238248763,2.540027247489783,0.06835597334538124,-0.03819184187872193,"(0.45922011883810787, -0.4242640687119286)"
1.2000000000000002,0.5234941020265558,-0.46977752157138525,2.53827680123342,0.06562360902273073,-0.03500892512726339,"(0.45922011883810787, -0.4242640687119286)"
1.25,0.5209001994935548,-0.4679902819800787,2.5366722356372087,0.06300017684877561,-0.032091311924227206,"(0.45922011883810787, -0.4242640687119286)"
1.3,0.518412759131282,-0.4662705038938614,2.5352013916500433,0.060481389606050734,-0.029416879743305868,"(0.45922011883810787, -0.4242640687119286)"
1.35,0.5160272068818591,-0.464615978387689,2.533853124010283,0.05806311801928006,-0.026965352795208508,"(0.45922011883810787, -0.4242640687119286)"
1.4000000000000001,0.5137391877353382,-0.46302452497566116,2.532617216640323,0.05574138705666039,-0.02471814739919531,"(0.45922011883810787, -0.4242640687119286)"
1.4500000000000002,0.511544552985436,-0.4614939978856871,2.531484305119878,0.05351237187276583,-0.022658230408899582,"(0.45922011883810787, -0.4242640687119286)"
1.5,0.5094393484048219,-0.46002229115202087,2.5304458056415844,0.05137239350529638,-0.02076998956587417,"(0.45922011883810787, -0.4242640687119286)"
1.55,0.5074198032673852,-0.458607342692415,2.529493849903733,0.04931791441447999,-0.019039114757025688,"(0.45922011883810787, -0.4242640687119286)"
1.6,0.5054823201494606,-0.45724713751423,2.528621225441519,0.04734553393512012,-0.017452489244282884,"(0.45922011883810787, -0.4242640687119286)"
1.6500000000000001,0.5036234654466915,-0.4559397101744576,2.527821320940629,0.045451983696166265,-0.01599809001779917,"(0.45922011883810787, -0.4242640687119286)"
1.7000000000000002,0.5018399605479089,-0.45468314660185327,2.5270880761156915,0.043634123050555286,-0.01466489649875391,"(0.45922011883810787, -0.4242640687119286)"
1.75,0.5001286736119851,-0.45347558537486465,2.5264159357714195,0.04188893454834906,-0.013442806885444192,"(0.45922011883810787, -0.4242640687119286)"
1.8,0.49848661189802046,-0.4523152185364759,2.5257998076965373,0.0402135194784085,-0.012322561497639661,"(0.45922011883810787, -0.4242640687119286)"
0.0,0.490605345570402,-0.44673861897512634,2.5176273623652596,0.19309357482267162,-0.16344890662555067,"(0.3105828541230252, -0.30000000000000027)"
0.05,0.48307939225511115,-0.44132059262774903,2.5101369848899373,0.18546695965029644,-0.14980754950644437,"(0.3105828541230252, -0.30000000000000027)"
0.1,0.47589047702715487,-0.43606300381836405,2.503271599282175,0.17812663163414064,-0.1373077121552535,"(0.3105828541230252, -0.30000000000000027)"
0.15000000000000002,0.46902139442846763,-0.4309665744232982,2.496978940403258,0.1710647694020939,-0.12585317757833892,"(0.3105828541230252, -0.30000000000000027)"
0.2,0.4624559551185418,-0.4260310717530551,2.49121114051107,0.16427316267765196,-0.11535599784375018,"(0.3105828541230252, -0.30000000000000027)"
0.25,0.4561789298162162,-0.4212554696793822,2.4859243531529085,0.15774336348906037,-0.10573574716323253,"(0.3105828541230252, -0.30000000000000027)"
0.30000000000000004,0.45017599247608536,-0.41663808666337954,2.4810784106247654,0.15146680511056823,-0.0969188505628571,"(0.3105828541230252, -0.30000000000000027)"
0.35000000000000003,0.4444336640858119,-0.41217670386929744,2.4766365116869555,0.14543489509340193,-0.08883797875619437,"(0.3105828541230252, -0.30000000000000027)"
0.4,0.4389392580470725,-0.40786866612762707,2.4725649366203166,0.13963908751090048,-0.08143150133277488,"(0.3105828541230252, -0.30000000000000027)"
0.45,0.43368082778309974,-0.4037109681387882,2.4688327870412565,0.1340709385474117,-0.07464299158120191,"(0.3105828541230252, -0.30000000000000027)"
0.5,0.42864711697635854,-0.3997003279821153,2.4654117481790325,0.12872214875804427,-0.06842077724448337,"(0.3105828541230252, -0.30000000000000027)"
0.55,0.4238275126624511,-0.39583324971004163,2.4622758715638375,0.12358459467907663,-0.06271753230389976,"(0.3105828541230252, -0.30000000000000027)"
0.6000000000000001,0.4192120012765312,-0.3921060765601641,2.4594013762865954,0.11865035194675871,-0.05748990554484079,"(0.3105828541230252, -0.30000000000000027)"
0.65,0.41479112765513876,-0.3885150361040215,2.456766467176449,0.11391171166122702,-0.05269818220292377,"(0.3105828541230252, -0.30000000000000027)"
0.7000000000000001,0.41055595693073615,-0.38505627846691143,2.454351168404253,0.1093611913927498,-0.04830597544392079,"(0.3105828541230252, -0.30000000000000027)"
0.75,0.4064980392115849,-0.38172590859418215,2.452137171163529,0.10499154195378695,-0.04427994481447595,"(0.3105828541230252, -0.30000000000000027)"
0.8,0.40260937691072035,-0.37852001340279434,2.450107694207232,0.10079575083966295,-0.04058953912594144,"(0.3105828541230252, -0.30000000000000027)"
0.8500000000000001,0.398882394570628,-0.3754346845395421,2.4482473561316316,0.096767043062765,-0.037206761512008635,"(0.3105828541230252, -0.30000000000000027)"
0.9,0.39530991102169527,-0.3724660373665018,2.446542058399614,0.09289887996180612,-0.034105954640353264,"(0.3105828541230252, -0.30000000000000027)"
0.9500000000000001,0.39188511371023244,-0.36961022670771587,2.444978878186287,0.08918495645216917,-0.03126360426654152,"(0.3105828541230252, -0.30000000000000027)"
1.0,0.3886015350340102,-0.3668634598168028,2.4435459702113023,0.08561919709027394,-0.028658159499697078,"(0.3105828541230252, -0.30000000000000027)"
1.05,0.3854530305284763,-0.3642220069613666,2.442232476795857,0.08219575124995072,-0.026269868308901323,"(0.3105828541230252, -0.30000000000000027)"
1.1,0.3824337587540529,-0.36168220996526085,2.4410284454488678,0.07890898764844871,-0.02408062693979085,"(0.3105828541230252, -0.30000000000000027)"
1.1500000000000001,0.3795381627434061,-0.3592404890026477,2.439924753347084,0.07575348841112954,-0.022073842035678082,"(0.3105828541230252, -0.30000000000000027)"
1.2000000000000002,0.37676095287674827,-0.356893347897281,2.438913038128652,0.07272404282481552,-0.020234304368637046,"(0.3105828541230252, -0.30000000000000027)"
1.25,0.37409709106266303,-0.35463737814558377,2.437985634469378,0.06981564089833803,-0.018548073185481462,"(0.3105828541230252, -0.30000000000000027)"
1.3,0.37154177611133854,-0.3524692618520779,2.4371355159562387,0.06702346682357813,-0.017002370262791944,"(0.3105828541230252, -0.30000000000000027)"
1.35,0.36909043019623916,-0.35038577373986246,2.4363562418139613,0.06434289241001664,-0.015585482845550391,"(0.3105828541230252, -0.30000000000000027)"
1.4000000000000001,0.3667386863090102,-0.3483837823765425,2.4356419080781375,0.0617694705495408,-0.014286674716472714,"(0.3105828541230252, -0.30000000000000027)"
1.4500000000000002,0.3644823766206948,-0.3464602507367699,2.434987102842699,0.0592989287552212,-0.0130961047087752,"(0.3105828541230252, -0.30000000000000027)"
1.5,0.3623175216701017,-0.344612236205949,2.4343868652409686,0.05692716280733726,-0.012004752034600052,"(0.3105828541230252, -0.30000000000000027)"
1.55,0.3602403203073701,-0.3428368901153074,2.433836647848199,0.05465023053159325,-0.011004347855390062,"(0.3105828541230252, -0.30000000000000027)"
1.6,0.3582471403274324,-0.3411314568861261,2.433332282219719,0.052464345727817746,-0.010087312569595495,"(0.3105828541230252, -0.30000000000000027)"
1.6500000000000001,0.356334509734185,-0.3394932728501912,2.4328699473028266,0.050365872262148906,-0.00924669833785696,"(0.3105828541230252, -0.30000000000000027)"
1.7000000000000002,0.35449910858176287,-0.3379197648042394,2.4324461404824973,0.048351318331509976,-0.00847613640658329,"(0.3105828541230252, -0.30000000000000027)"
1.75,0.35273776134440366,-0.33640844834812983,2.4320576510410965,0.04641733090586105,-0.007769788828015934,"(0.3105828541230252, -0.30000000000000027)"
1.8,0.35104742977101,-0.33495692604950494,2.4317015358306526,0.044560690351100926,-0.007122304208875273,"(0.3105828541230252, -0.30000000000000027)"
1.85,0.34942520618470574,-0.333562885471669,2.431375096973121,0.04277830523344689,-0.006528777150630605,"(0.3105828541230252, -0.30000000000000027)"
1.9000000000000001,0.3478683071914704,-0.33222409709617945,2.431075861419478,0.041067207304530735,-0.005984711072865023,"(0.3105828541230252, -0.30000000000000027)"
0.0,0.33997386179834227,-0.3254314979397801,2.426569776862598,0.20828986664223348,-0.0901216911375946,"(0.15663143066406238, -0.15529142706151292)"
0.05,0.3324234534852571,-0.3188754758765606,2.4224393722610555,0.19999009074224292,-0.08260809203085029,"(0.15663143066406238, -0.15529142706151292)"
0.1,0.32520015356967974,-0.3125509642655126,2.4186533012170957,0.1920161543086007,-0.0757214208792012,"(0.15663143066406238, -0.15529142706151292)"
0.15000000000000002,0.3182880462500867,-0.3064525377778643,2.415182838665116,0.18435621304726593,-0.06940925103958606,"(0.15663143066406238, -0.15529142706151292)"
0.2,0.31167215663878545,-0.3005745003060426,2.4120016603279923,0.17699866651369348,-0.06362356674247227,"(0.15663143066406238, -0.15529142706151292)"
0.25,0.3053383836719254,-0.29491095941839524,2.40908564103478,0.16993219280852093,-0.058320385864250035,"(0.15663143066406238, -0.15529142706151292)"
0.30000000000000004,0.29927343782208377,-0.2894558892816802,2.406412670216959,0.16314577329246507,-0.05345941635642726,"(0.15663143066406238, -0.15529142706151292)"
0.35000000000000003,0.29346478345344496,-0.28420318369965897,2.403962483066182,0.15662870938075707,-0.04900374301553434,"(0.15663143066406238, -0.15529142706151292)"
0.4,0.2879005856035729,-0.27914670068128195,2.4017165059825905,0.1503706330739567,-0.044919541671835095,"(0.15663143066406238, -0.15529142706151292)"
0.45,0.2825696609416003,-0.2742802997506652,2.3996577150721365,0.14436151255668495,-0.04117581820907489,"(0.15663143066406238, -0.15529142706151292)"
0.5,0.277461432634566,-0.2695978730386562,2.397770506566492,0.1385916539335929,-0.037744170112895555,"(0.15663143066406238, -0.15529142706151292)"
0.55,0.27256588884721594,-0.26509337104819036,2.396040578141938,0.13305169996053792,-0.034598568491073234,"(0.15663143066406238, -0.15529142706151292)"
0.6000000000000001,0.2678735446024839,-0.26076082385929783,2.3944548202058673,0.12773262645863123,-0.031715158721410404,"(0.15663143066406238, -0.15529142706151292)"
0.65,0.26337540673754295,-0.2565943584314524,2.3930012163024363,0.12262573696161343,-0.029072078068623775,"(0.15663143066406238, -0.15529142706151292)"
0.7000000000000001,0.25906294170184624,-0.25258821256833,2.391668751863725,0.11772265603649892,-0.026649288774220903,"(0.15663143066406238, -0.15529142706151292)"
0.75,0.25492804595753205,-0.24873674603068432,2.3904473306003817,0.11301532162844463,-0.024428425266864732,"(0.15663143066406238, -0.15529142706151292)"
0.8,0.25096301875788574,-0.2450344492150228,2.389327697886983,0.10849597670917151,-0.02239265426797421,"(0.15663143066406238, -0.15529142706151292)"
0.8500000000000001,0.2471605370954651,-0.2414759497574136,2.3883013705529565,0.10415716045063875,-0.020526546680532665,"(0.15663143066406238, -0.15529142706151292)"
0.9,0.24351363262744494,-0.23805601737166956,2.3873605725404383,0.0999916990993279,-0.018815960250361252,"(0.15663143066406238, -0.15529142706151292)"
0.9500000000000001,0.24001567040133606,-0.23476956718812791,2.386498175936439,0.09599269668924938,-0.01724793207997788,"(0.15663143066406238, -0.15529142706151292)"
1.0,0.2366603292192177,-0.23161166182225715,2.385707646928594,0.09215352570187395,-0.015810580156910836,"(0.15663143066406238, -0.15529142706151292)"
1.05,0.23344158349282135,-0.22857751237049895,2.3849829962719897,0.08846781775719179,-0.014493013132081956,"(0.15663143066406238, -0.15529142706151292)"
1.1,0.23035368645511728,-0.2256624785033526,2.384318733889458,0.08492945440086526,-0.013285247650633991,"(0.15663143066406238, -0.15529142706151292)"
1.1500000000000001,0.22739115460643425,-0.2228620678020986,2.3837098272595565,0.08153255803704247,-0.01217813259803302,"(0.15663143066406238, -0.15529142706151292)"
1.2000000000000002,0.22454875328457546,-0.22017193446519903,2.3831516632755996,0.07827148304408947,-0.011163279679134998,"(0.15663143066406238, -0.15529142706151292)"
1.25,0.22182148325889386,-0.21758787749284478,2.382640013285706,0.07514080710067995,-0.010232999797864517,"(0.15663143066406238, -0.15529142706151292)"
1.3,0.21920456825789014,-0.21510583844294978,2.3821710010481794,0.07213532274186348,-0.009380244750539779,"(0.15663143066406238, -0.15529142706151292)"
1.35,0.21669344334864024,-0.21272189883878875,2.3817410733588145,0.06925002915852908,-0.008598553787300124,"(0.15663143066406238, -0.15529142706151292)"
1.4000000000000001,0.21428374409429823,-0.21043227729714617,2.381346973127123,0.06648012424877132,-0.007882004633831263,"(0.15663143066406238, -0.15529142706151292)"
1.4500000000000002,0.21197129642310916,-0.2082333264360491,2.3809857146971183,0.06382099692579937,-0.00722516860009681,"(0.15663143066406238, -0.15529142706151292)"
1.5,0.20975210714886197,-0.20612152961268215,2.3806545612254086,0.061268219683998086,-0.006623069434196216,"(0.15663143066406238, -0.15529142706151292)"
1.55,0.20762235508857102,-0.20409349753474962,2.3803510039449924,0.058817541422391685,-0.006071145608321782,"(0.15663143066406238, -0.15529142706151292)"
1.6,0.2055783827284501,-0.20214596478220453,2.38007274315749,0.05646488052293767,-0.005565215750049646,"(0.15663143066406238, -0.15529142706151292)"
1.6500000000000001,0.20361668839398775,-0.20027578627076967,2.3798176708096763,0.0542063181796901,-0.005101446956274902,"(0.15663143066406238, -0.15529142706151292)"
1.7000000000000002,0.2017339188841955,-0.19847993368392217,2.3795838545222194,0.05203809197382316,-0.004676325749134457,"(0.15663143066406238, -0.15529142706151292)"
1.75,0.19992686253392922,-0.196755491895898,2.379369522949549,0.04995658968873571,-0.0042866314534073515,"(0.15663143066406238, -0.15529142706151292)"
1.8,0.19819244267161681,-0.19509965540471214,2.379173052359881,0.047958343358904545,-0.0039294117933619255,"(0.15663143066406238, -0.15529142706151292)"
1.85,0.1965277114428072,-0.19350972479111142,2.3789929543336887,0.04604002354577449,-0.0036019605238446495,"(0.15663143066406238, -0.15529142706151292)"
1.9000000000000001,0.1949298439727165,-0.19198310321671486,2.378827864487389,0.04419843383373264,-0.0033017969259974134,"(0.15663143066406238, -0.15529142706151292)"
1.9500000000000002,0.19339613284342475,-0.19051729297229666,2.3786765321367866,0.042430505539079934,-0.003026647012045469,"(0.15663143066406238, -0.15529142706151292)"
2.0,0.19192398286359658,-0.1891098920851827,2.378537810821953,0.040733292624865344,-0.002774426296673349,"(0.15663143066406238, -0.15529142706151292)"
0.0,0.1841356093823359,-0.18166200394391832,2.3766680550083903,0.21552707416785608,-0.03739511627125047,"(1.4695761589768238e-16, -1.4695761589768238e-16)"
0.05,0.1766719482002865,-0.17449786777062776,2.3749541245356744,0.20691165781548496,-0.03427860945431682,"(1.4695761589768238e-16, -1.4695761589768238e-16)"
0.1,0.16951846704684356,-0.16760786809170705,2.3733830311197925,0.19863976257354987,-0.03142186831764038,"(1.4695761589768238e-16, -1.4695761589768238e-16)"
0.15000000000000002,0.1626613928622103,-0.16098255922510638,2.3719428694860087,0.19069785940216688,-0.02880323267567264,"(1.4695761589768238e-16, -1.4695761589768238e-16)"
0.2,0.1560876615177217,-0.154612685535413,2.37062272696822,0.1830729194743557,-0.026402850355775612,"(1.4695761589768238e-16, -1.4695761589768238e-16)"
0.25,0.1497848716529565,-0.14848919739412136,2.3694126006761334,0.1757524020842114,-0.024202525841726663,"(1.4695761589768238e-16, -1.4695761589768238e-16)"
0.30000000000000004,0.14374124226857093,-0.14260326347965277,2.3683033215917066,0.16872424150820814,-0.02218558168853413,"(1.4695761589768238e-16, -1.4695761589768238e-16)"
0.35000000000000003,0.13794557374055302,-0.1369462799625652,2.3672864850113102,0.16197683315740904,-0.02033673160792393,"(1.4695761589768238e-16, -1.4695761589768238e-16)"
0.4,0.13238721194808017,-0.13150987704496225,2.366354386800115,0.15549901928763887,-0.018641964223909954,"(1.4695761589768238e-16, -1.4695761589768238e-16)"
0.45,0.12705601523281737,-0.12628592325750865,2.3654999649707285,0.14928007447784802,-0.01708843658772885,"(1.4695761589768238e-16, -1.4695761589768238e-16)"
0.5,0.12194232393196076,-0.12126652786110886,2.364716746139618,0.1433096910412633,-0.015664376622204212,"(1.4695761589768238e-16, -1.4695761589768238e-16)"
0.55,0.11703693225038474,-0.11644404165186158,2.363998796452685,0.1375779644973067,-0.014358993738655679,"(1.4695761589768238e-16, -1.4695761589768238e-16)"
0.6000000000000001,0.11233106225876774,-0.1118110564262226,2.3633406766059135,0.13207537920292398,-0.013162396935431088,"(1.4695761589768238e-16, -1.4695761589768238e-16)"
0.65,0.10781633982450417,-0.10736040332742021,2.3627374006185624,0.12679279421847608,-0.012065519747017639,"(1.4695761589768238e-16, -1.4695761589768238e-16)"
0.7000000000000001,0.10348477230055995,-0.10308515026324218,2.3621843980452133,0.12172142946458013,-0.011060051466980081,"(1.4695761589768238e-16, -1.4695761589768238e-16)"
0.75,0.09932872781423772,-0.09897859855864753,2.361677479339342,0.11685285221131504,-0.010138374117431015,"(1.4695761589768238e-16, -1.4695761589768238e-16)"
0.8,0.09534091601315046,-0.09503427898364686,2.3612128041052083,0.11217896392929341,-0.009293504682668097,"(1.4695761589768238e-16, -1.4695761589768238e-16)"
0.8500000000000001,0.09151437013963928,-0.09124594727702982,2.360786851996927,0.10769198752264786,-0.00851904216562893,"(1.4695761589768238e-16, -1.4695761589768238e-16)"
0.9,0.08784243031750313,-0.08760757926935882,2.360396396043766,0.10338445495650325,-0.007809119063214576,"(1.4695761589768238e-16, -1.4695761589768238e-16)"
0.9500000000000001,0.08431872794632947,-0.08411336569381815,2.360038478199234,0.09924919528561965,-0.007158356890638595,"(1.4695761589768238e-16, -1.4695761589768238e-16)"
1.0,0.08093717110902003,-0.08075770676068815,2.3597103869284246,0.09527932308628025,-0.006561825416185885,"(1.4695761589768238e-16, -1.4695761589768238e-16)"
1.05,0.07769193090738885,-0.07753520656012733,2.3594096366636137,0.09146822728991232,-0.0060150052962182335,"(1.4695761589768238e-16, -1.4695761589768238e-16)"
1.1,0.07457742864905924,-0.07444066734835743,2.359133948972296,0.08780956041416374,-0.005513753826356105,"(1.4695761589768238e-16, -1.4695761589768238e-16)"
1.1500000000000001,0.07158832381638873,-0.07146908376405241,2.358881235294865,0.08429722818504837,-0.005054273548612542,"(1.4695761589768238e-16, -1.4695761589768238e-16)"
1.2000000000000002,0.06871950275488531,-0.06861563701455918,2.358649581121064,0.08092537954219071,-0.004633083476021094,"(1.4695761589768238e-16, -1.4695761589768238e-16)"
1.25,0.06596606802461896,-0.06587568906537421,2.358437231485247,0.0776883970180357,-0.004246992716337994,"(1.4695761589768238e-16, -1.4695761589768238e-16)"
1.3,0.06332332836354804,-0.06324477686093671,2.3582425776705165,0.07458088748105741,-0.003893076294612108,"(1.4695761589768238e-16, -1.4695761589768238e-16)"
1.35,0.0607867892165339,-0.06071860660016429,2.3580641450209563,0.07159767323243468,-0.0035686529912060116,"(1.4695761589768238e-16, -1.4695761589768238e-16)"
1.4000000000000001,0.05835214378816586,-0.05829304808615325,2.3579005817695986,0.06873378344530384,-0.0032712650271493615,"(1.4695761589768238e-16, -1.4695761589768238e-16)"
1.4500000000000002,0.056015264581415036,-0.055964129166011345,2.3577506487974595,0.06598444593550606,-0.0029986594427766637,"(1.4695761589768238e-16, -1.4695761589768238e-16)"
1.5,0.053772195387627036,-0.05372803027381061,2.357613210246037,0.06334507925268412,-0.0027487710284446187,"(1.4695761589768238e-16, -1.4695761589768238e-16)"
1.55,0.05161914369649231,-0.0515810790870826,2.3574872249121412,0.06081128508061941,-0.002519706677918121,"(1.4695761589768238e-16, -1.4695761589768238e-16)"
1.6,0.04955247349743791,-0.04951974530507066,2.3573717383598503,0.05837884093581572,-0.0023097310458197735,"(1.4695761589768238e-16, -1.4695761589768238e-16)"
1.6500000000000001,0.04756869844640046,-0.04754063555505851,2.3572658756898286,0.05604369315350944,-0.0021172534004332277,"(1.4695761589768238e-16, -1.4695761589768238e-16)"
1.7000000000000002,0.04566447537419732,-0.045640488431469756,2.357168834911218,0.05380195015050433,-0.001940815572207821,"(1.4695761589768238e-16, -1.4695761589768238e-16)"
1.75,0.04383659811474056,-0.04381616967104334,2.357079880865886,0.051649875954479944,-0.0017790809066398072,"(1.4695761589768238e-16, -1.4695761589768238e-16)"
1.8,0.04208199163315965,-0.04206466746620497,2.356998339658996,0.04958388398969736,-0.0016308241378071298,"(1.4695761589768238e-16, -1.4695761589768238e-16)"
1.85,0.04039770643553754,-0.04038308791774659,2.356923593553705,0.04760053110931605,-0.001494922105824692,"(1.4695761589768238e-16, -1.4695761589768238e-16)"
1.9000000000000001,0.038780913243439706,-0.038768650627072535,2.3568550762913105,0.04569651186483674,-0.0013703452478841527,"(1.4695761589768238e-16, -1.4695761589768238e-16)"
1.9500000000000002,0.03722889791774496,-0.037218684427550656,2.3567922688013905,0.04386865300349054,-0.0012561497983987202,"(1.4695761589768238e-16, -1.4695761589768238e-16)"
2.0,0.03573905661748641,-0.03573062325390287,2.356734695269432,0.04211390818470373,-0.0011514706391646534,"(1.4695761589768238e-16, -1.4695761589768238e-16)"
2.0500000000000003,0.034308891180494024,-0.034302002148065454,2.3566819195321647,0.040429352907073515,-0.0010555147453517044,"(1.4695761589768238e-16, -1.4695761589768238e-16)"
0.0,0.026694495165200092,-0.026695025476998764,2.357063424356688,0.21526274248171878,0.0076300964904674196,"(-0.15663143066406213, 0.15529142706151267)"
0.05,0.01938188117097408,-0.019395108813084812,2.3574131370075326,0.20665246838945692,0.006994253016886498,"(-0.15663143066406213, 0.15529142706151267)"
0.1,0.012359314679874422,-0.012389637553975492,2.3577337068566204,0.1983865597102006,0.006411396981759188,"(-0.15663143066406213, 0.15529142706151267)"
0.15000000000000002,0.005615489852971473,-0.005666541252859203,2.3580275624893408,0.19045125063389437,0.005877112654404382,"(-0.15663143066406213, 0.15529142706151267)"
0.2,-0.0008604826766998646,0.0007857328395370206,2.3582969301046983,0.18283332428030213,0.005387352307152371,"(-0.15663143066406213, 0.15529142706151267)"
0.25,-0.00707908812647887,0.006978244622641828,2.3585438503818277,0.17552009107098027,0.0049384055425871765,"(-0.15663143066406213, 0.15529142706151267)"
0.30000000000000004,-0.013050419922601336,0.012921584511935421,2.3587701939407366,0.16849936790273312,0.004526871178176517,"(-0.15663143066406213, 0.15529142706151267)"
0.35000000000000003,-0.018784192028297876,0.01862589543913874,2.358977675514482,0.1617594581027952,0.004149631474903437,"(-0.15663143066406213, 0.15529142706151267)"
0.4,-0.02428975118566469,0.024100893591662,2.3591678669401968,0.1552891321443953,0.0038038285142960593,"(-0.15663143066406213, 0.15529142706151267)"
0.45,-0.029576089024837143,0.029355887986310163,2.3593422090674294,0.1490776091002939,0.0034868425446565876,"(-0.15663143066406213, 0.15529142706151267)"
0.5,-0.034651854002055164,0.03439979896331271,2.3595020226740417,0.14311453881123304,0.003196272132248712,"(-0.15663143066406213, 0.15529142706151267)"
0.55,-0.03952536313516158,0.03924117567874525,2.3596485184723868,0.13738998474591083,0.00292991596690495,"(-0.15663143066406213, 0.15529142706151267)"
0.6000000000000001,-0.04420461351106619,0.04388821266624352,2.359782806281593,0.13189440752902368,0.002685756184128696,"(-0.15663143066406213, 0.15529142706151267)"
0.65,-0.048697293544866196,0.04834876553248745,2.3599059034354544,0.12661864911404186,0.0024619430772254702,"(-0.15663143066406213, 0.15529142706151267)"
0.7000000000000001,-0.05301079397474689,0.05263036584517585,2.3600187424896344,0.1215539175776647,0.0022567810835993907,"(-0.15663143066406213, 0.15529142706151267)"
0.75,-0.05715221858059121,0.05674023526704838,2.3601221782865833,0.11669177251329366,0.0020687159389787264,"(-0.15663143066406213, 0.15529142706151267)"
0.8,-0.061128394617484594,0.06068529898487821,2.3602169944316946,0.11202411100134192,0.0018963229022217476,"(-0.15663143066406213, 0.15529142706151267)"
0.8500000000000001,-0.06494588295808505,0.06447219847819753,2.3603039092297684,0.10754315413474282,0.0017382959614753446,"(-0.15663143066406213, 0.15529142706151267)"
0.9,-0.06861098794019996,0.0681073036687793,2.3603835811267615,0.10324143407860643,0.0015934379398618856,"(-0.15663143066406213, 0.15529142706151267)"
0.9500000000000001,-0.07212976691792429,0.07159672448853485,2.360456613698049,0.09911178164359322,0.0014606514257520242,"(-0.15663143066406213, 0.15529142706151267)"
1.0,-0.07550803951639835,0.07494632190045915,2.360523560220993,0.09514731435320853,0.0013389304588784512,"(-0.15663143066406213, 0.15529142706151267)"
1.05,-0.07875139659167656,0.07816171840452611,2.3605849278664577,0.09134142498586983,0.0012273529092943214,"(-0.15663143066406213, 0.15529142706151267)"
1.1,-0.08186520889839898,0.08124830805797363,2.36064118154103,0.08768777057324534,0.0011250734914480809,"(-0.15663143066406213, 0.15529142706151267)"
1.1500000000000001,-0.08485463546895529,0.08421126603719313,2.3606927474090513,0.08418026183700915,0.001031317360431494,"(-0.15663143066406213, 0.15529142706151267)"
1.2000000000000002,-0.08772463170865341,0.08705555776642536,2.360740016121145,0.080813053046795,0.0009453742418785716,"(-0.15663143066406213, 0.15529142706151267)"
1.25,-0.09047995721207656,0.08978594763664098,2.360783345773698,0.07758053228275795,0.0008665930510620701,"(-0.15663143066406213, 0.15529142706151267)"
1.3,-0.09312518330635305,0.09240700733632987,2.360823064621718,0.07447731208676764,0.0007943769603979689,"(-0.15663143066406213, 0.15529142706151267)"
1.35,-0.09566470032749112,0.09492312381442014,2.360859473565618,0.07149822048685509,0.0007281788779955889,"(-0.15663143066406213, 0.15529142706151267)"
1.4000000000000001,-0.09810272463626206,0.09733850689417961,2.360892848430768,0.06863829238011779,0.0006674973030051934,"(-0.15663143066406213, 0.15529142706151267)"
1.4500000000000002,-0.10044330538036232,0.09965719655570558,2.3609234420570857,0.06589276125985419,0.0006118725263482006,"(-0.15663143066406213, 0.15529142706151267)"
1.5,-0.10269033100976174,0.10188306990346985,2.360951486214489,0.06325705127324585,0.0005608831480696796,"(-0.15663143066406213, 0.15529142706151267)"
1.55,-0.10484753555225966,0.10401984783434454,2.360977193358734,0.06072676959643658,0.0005141428848964846,"(-0.15663143066406213, 0.15529142706151267)"
1.6,-0.10691850465633433,0.10607110142057957,2.3610007582409263,0.0582976991143697,0.00047129764384590267,"(-0.15663143066406213, 0.15529142706151267)"
1.6500000000000001,-0.10890668140838947,0.10804025802132682,2.361022359382911,0.055965791393239324,0.0004320228396981207,"(-0.15663143066406213, 0.15529142706151267)"
1.7000000000000002,-0.11081537193148364,0.10993060713549978,2.3610421604297116,0.05372715993388824,0.0003960209360087674,"(-0.15663143066406213, 0.15529142706151267)"
1.75,-0.11264775077257824,0.111745306008016,2.361060311389264,0.0515780736949447,0.0003630191910475311,"(-0.15663143066406213, 0.15529142706151267)"
1.8,-0.11440686608526393,0.1134873850007836,2.3610769497688424,0.04951495087493258,0.0003327675915676398,"(-0.15663143066406213, 0.15529142706151267)"
1.85,-0.11609564461482731,0.11515975273916046,2.3610922016167804,0.0475343529430157,0.0003050369587631607,"(-0.15663143066406213, 0.15529142706151267)"
1.9000000000000001,-0.11771689649240431,0.11676520104402732,2.361106182477384,0.04563297890844663,0.0002796172120655971,"(-0.15663143066406213, 0.15529142706151267)"
1.9500000000000002,-0.11927331984483622,0.11830640965907205,2.361118998266265,0.04380765981918435,0.0002563157776225289,"(-0.15663143066406213, 0.15529142706151267)"
2.0,-0.1207675052267026,0.11978595078237567,2.3611307460727353,0.042055353480524624,0.00023495612940682697,"(-0.15663143066406213, 0.15529142706151267)"
2.0500000000000003,-0.12220193988085436,0.12120629341091997,2.36114151489533,0.040373139384950456,0.0002153764518952883,"(-0.15663143066406213, 0.15529142706151267)"
0.0,-0.12958253366705794,0.12851422212070582,2.3637862401232517,0.20772961913435378,0.05289450455843392,"(-0.31058285412302494, 0.30000000000000004)"
0.05,-0.136686822555265,0.13551145373486864,2.3662105366155357,0.1994313624978194,0.04848592984568412,"(-0.31058285412302494, 0.30000000000000004)"
0.1,-0.14352351943606048,0.14221255090742005,2.3684327814675923,0.1914629233620497,0.044444897041127085,"(-0.31058285412302494, 0.30000000000000004)"
0.15000000000000002,-0.15010128251566912,0.1486312515372908,2.3704698185041737,0.18381151749263758,0.04074074073162404,"(-0.31058285412302494, 0.30000000000000004)"
0.2,-0.1564286797695824,0.15478052807695367,2.3723370864761346,0.17646479305524673,0.0373453594392148,"(-0.31058285412302494, 0.30000000000000004)"
0.25,-0.16251415980817627,0.16067264185776461,2.3740487364766376,0.1694108285867776,0.03423300001006324,"(-0.31058285412302494, 0.30000000000000004)"
0.30000000000000004,-0.16836602821397545,0.1663191928349297,2.3756177394975966,0.16263812809610775,0.03138006041918051,"(-0.31058285412302494, 0.30000000000000004)"
0.35000000000000003,-0.17399242854520408,0.17173116513667924,2.377055984965256,0.1561356139798394,0.028764909353187207,"(-0.31058285412302494, 0.30000000000000004)"
0.4,-0.17940132731550346,0.17691896878035107,2.3783743710199388,0.1498926183007566,0.02636772109365748,"(-0.31058285412302494, 0.30000000000000004)"
0.45,-0.18460050235814493,0.1818924778942558,2.3795828872381812,0.14389887286580047,0.02417032436485167,"(-0.31058285412302494, 0.30000000000000004)"
0.5,-0.18959753406721952,0.18666106575957586,2.380690690434938,0.1381444984511142,0.022156063935135917,"(-0.31058285412302494, 0.30000000000000004)"
0.55,-0.19439979908027802,0.19123363696197207,2.381706174128589,0.1326199934499,0.020309673873017964,"(-0.31058285412302494, 0.30000000000000004)"
0.6000000000000001,-0.19901446602853173,0.1956186569186112,2.382637032201524,0.12731622216108765,0.01861716145869385,"(-0.31058285412302494, 0.30000000000000004)"
0.65,-0.2034484930335401,0.19982417902337446,2.383490317243607,0.12222440289041425,0.01706570084165859,"(-0.31058285412302494, 0.30000000000000004)"
0.7000000000000001,-0.20770862667460704,0.20385786963130734,2.384272494024389,0.11733609599825011,0.0156435356156448,"(-0.31058285412302494, 0.30000000000000004)"
0.75,-0.21180140218998925,0.20772703108306667,2.3849894885021414,0.11264319199861554,0.014339889555049501,"(-0.31058285412302494, 0.30000000000000004)"
0.8,-0.21573314470842056,0.21143862295127774,2.3856467327432864,0.10813789978987222,0.013144884822899883,"(-0.31058285412302494, 0.30000000000000004)"
0.8500000000000001,-0.2195099713361768,0.2149992816733426,2.3862492060942944,0.1038127350783998,0.012049467020155413,"(-0.31058285412302494, 0.30000000000000004)"
0.9,-0.2231377939496169,0.2184153387193112,2.3868014729193168,0.09966050904124292,0.011045336500444813,"(-0.31058285412302494, 0.30000000000000004)"
0.9500000000000001,-0.22662232256441617,0.2216928374288879,2.3873077171904966,0.09567431726149224,0.010124885423593575,"(-0.31058285412302494, 0.30000000000000004)"
1.0,-0.22996906917104434,0.2248375486384219,2.3877717741938107,0.09184752896043737,0.009281140066280669,"(-0.31058285412302494, 0.30000000000000004)"
1.05,-0.23318335194185205,0.22785498520674316,2.3881971595912637,0.08817377654281068,0.008507707949061416,"(-0.31058285412302494, 0.30000000000000004)"
1.1,-0.23627029972876828,0.2307504155378655,2.3885870960600806,0.08464694546533905,0.007798729376341518,"(-0.31058285412302494, 0.30000000000000004)"
1.1500000000000001,-0.23923485678238454,0.2335288761887987,2.3889445377110796,0.081261164434015,0.007148833019977596,"(-0.31058285412302494, 0.30000000000000004)"
1.2000000000000002,-0.24208178763336521,0.23619518364190528,2.3892721924714957,0.07801079593173595,0.0065530952083237,"(-0.31058285412302494, 0.30000000000000004)"
1.25,-0.24481568208590304,0.2387539453133169,2.3895725426020458,0.07489042707503317,0.00600700261099929,"(-0.31058285412302494, 0.30000000000000004)"
1.3,-0.24744096028052046,0.2412095698618147,2.3898478635038294,0.07189486079635622,0.005506418035672311,"(-0.31058285412302494, 0.30000000000000004)"
1.35,-0.2499618777900694,0.24356627685619756,2.390100240957678,0.06901910734665738,0.005047549076976354,"(-0.31058285412302494, 0.30000000000000004)"
1.4000000000000001,-0.25238253071843986,0.245828105853443,2.390331586926651,0.06625837611173006,0.004626919379454586,"(-0.31058285412302494, 0.30000000000000004)"
1.4500000000000002,-0.2547068607763748,0.2479989249348427,2.390543654041469,0.06360806773480515,0.004241342296358308,"(-0.31058285412302494, 0.30000000000000004)"
1.5,-0.25693866031300844,0.25008243874270814,2.3907380488786893,0.061063766537232146,0.0038878967444067047,"(-0.31058285412302494, 0.30000000000000004)"
1.55,-0.25908157728538567,0.2520821960561353,2.3909162441322542,0.058621233228610424,0.003563905071295448,"(-0.31058285412302494, 0.30000000000000004)"
1.6,-0.26113912015136087,0.2540015969406442,2.3910795897706585,0.056276397897445915,0.0032669127680873267,"(-0.31058285412302494, 0.30000000000000004)"
1.6500000000000001,-0.26311466267397976,0.2558438995032202,2.39122932326429,0.05402535327325191,0.0029946698726290855,"(-0.31058285412302494, 0.30000000000000004)"
1.7000000000000002,-0.2650114486277776,0.25761222628134073,2.3913665789604392,0.05186434825096292,0.0027451139229850434,"(-0.31058285412302494, 0.30000000000000004)"
1.75,-0.2668325963994292,0.25930957029193963,2.3914923966770214,0.049789781668561586,0.0025163543316397696,"(-0.31058285412302494, 0.30000000000000004)"
1.8,-0.2685811034769052,0.2609388007638986,2.391607729580123,0.04779819632891313,0.0023066580620312305,"(-0.31058285412302494, 0.30000000000000004)"
1.85,-0.2702598508227625,0.2625026685755454,2.391713451405066,0.04588627325694577,0.002114436498860117,"(-0.31058285412302494, 0.30000000000000004)"
1.9000000000000001,-0.27187160712845504,0.2640038114167438,2.3918103630756966,0.044050826183493874,0.0019382334126116785,"(-0.31058285412302494, 0.30000000000000004)"
1.9500000000000002,-0.2734190329476275,0.26544475869346085,2.391899198772054,0.042288796247327065,0.0017767139271462893,"(-0.31058285412302494, 0.30000000000000004)"
2.0,-0.27490468470726515,0.2668279361911734,2.3919806314923897,0.04059724690711348,0.0016286544067123376,"(-0.31058285412302494, 0.30000000000000004)"
0.0,-0.2819952670014322,0.2734283609159971,2.397318613902808,0.1937441238524863,0.10675964820836104,"(-0.4592201188381076, 0.42426406871192845)"
0.05,-0.28883748034269074,0.27972975020300583,2.4022114770411025,0.18603590014158627,0.09785726276589246,"(-0.4592201188381076, 0.42426406871192845)"
0.1,-0.29543676297326793,0.28574800174812254,2.4066963802326384,0.1786279741793396,0.08969806383071766,"(-0.4592201188381076, 0.42426406871192845)"
0.15000000000000002,-0.3017989248552365,0.2914979582083223,2.410807371008985,0.17150988671976572,0.08221981552693158,"(-0.4592201188381076, 0.42426406871192845)"
0.2,-0.30793005295724973,0.2969934889472247,2.41457564791521,0.1646712967162371,0.07536553812449887,"(-0.4592201188381076, 0.42426406871192845)"
0.25,-0.3138364315521168,0.30224756596167685,2.4180298006134886,0.15810203462283243,0.0690830539655718,"(-0.4592201188381076, 0.42426406871192845)"
0.30000000000000004,-0.3195244752944282,0.30727233407377724,2.4211960293598596,0.15179214234581195,0.06332457492741916,"(-0.4592201188381076, 0.42426406871192845)"
0.35000000000000003,-0.32500067317809345,0.3120791755824294,2.4240983457152936,0.14573190254760524,0.05804632710867952,"(-0.4592201188381076, 0.42426406871192845)"
0.4,-0.33027154175572593,0.31667876963996994,2.4267587561643786,0.1399118594785088,0.05320820898170542,"(-0.4592201188381076, 0.42426406871192845)"
0.45,-0.33534358624203703,0.32108114666262694,2.4291974301502774,0.13432283308616902,0.04877347971797508,"(-0.4592201188381076, 0.42426406871192845)"
0.5,-0.34022326832778027,0.3252957381061146,2.4314328538894867,0.12895592781015236,0.04470847478418749,"(-0.4592201188381076, 0.42426406871192845)"
0.55,-0.34491697970453067,0.3293314219453231,2.43348197120138,0.12380253719255445,0.04098234623787222,"(-0.4592201188381076, 0.42426406871192845)"
0.6000000000000001,-0.34943102044824936,0.3331965641941907,2.4353603124730996,0.11885434521284238,0.03756682543439083,"(-0.4592201188381076, 0.42426406871192845)"
0.65,-0.3537715815350712,0.3368990567917293,2.4370821127781372,0.11410332507558346,0.03443600610075536,"(-0.4592201188381076, 0.42426406871192845)"
0.7000000000000001,-0.35794473086941536,0.3404463521652764,2.438660420075279,0.10954173603503925,0.03156614594283402,"(-0.4592201188381076, 0.42426406871192845)"
0.75,-0.36195640229521747,0.3438454947641872,2.4401071943321084,0.10516211872404871,0.028935485136586392,"(-0.4592201188381076, 0.42426406871192845)"
0.8,-0.36581238713824554,0.3471031498377041,2.441433398342887,0.10095728936074441,0.026524080215575285,"(-0.4592201188381076, 0.42426406871192845)"
0.8500000000000001,-0.3695183278931549,0.35022562971060783,2.4426490809433643,0.0969203331310565,0.024313652009545494,"(-0.4592201188381076, 0.42426406871192845)"
0.9,-0.37307971372491,0.3532189177901645,2.443763453264127,0.09304459698411703,0.022287446415250045,"(-0.4592201188381076, 0.42426406871192845)"
0.9500000000000001,-0.37650187750192854,0.356088690518306,2.4447849586087917,0.08932368202872629,0.020430106893301048,"(-0.4592201188381076, 0.42426406871192845)"
1.0,-0.37978999411904046,0.35884033746424365,2.445721336493065,0.08575143567967983,0.018727557685462855,"(-0.4592201188381076, 0.42426406871192845)"
1.05,-0.3829490799031534,0.3614789797350135,2.446579681334922,0.08232194367112108,0.017166896837147446,"(-0.4592201188381076, 0.42426406871192845)"
1.1,-0.38598399292427465,0.36400948686490525,2.4473664962444808,0.07902952202868108,0.015736298191171283,"(-0.4592201188381076, 0.42426406871192845)"
1.1500000000000001,-0.3888994340600076,0.3664364923293869,2.44808774232409,0.0758687090717839,0.014424921592183226,"(-0.4592201188381076, 0.42426406871192845)"
1.2000000000000002,-0.39169994868346114,0.3687644078150063,2.4487488838544675,0.07283425750116139,0.01322283060755658,"(-0.4592201188381076, 0.42426406871192845)"
1.25,-0.39438992886321805,0.3709974363638123,2.449354929711001,0.06992112661354286,0.012120917130671316,"(-0.4592201188381076, 0.42426406871192845)"
1.3,-0.39697361598006453,0.37313958449903556,2.4499104713253574,0.06712447467503574,0.011110832287130057,"(-0.4592201188381076, 0.42426406871192845)"
1.35,-0.39945510367897274,0.37519467342805035,2.4504197174810622,0.06443965147637525,0.010184923114093804,"(-0.4592201188381076, 0.42426406871192845)"
1.4000000000000001,-0.4018383410866802,0.37716634940893234,2.4508865262074684,0.06186219108658624,0.009336174528126183,"(-0.4592201188381076, 0.42426406871192845)"
1.4500000000000002,-0.40412713623540425,0.3790580933581587,2.4513144340143755,0.05938780481633365,0.008558156138142037,"(-0.4592201188381076, 0.42426406871192845)"
1.5,-0.4063251596420013,0.38087322976909777,2.451706682689255,0.057012374398072385,0.00784497349758606,"(-0.4592201188381076, 0.42426406871192845)"
1.55,-0.40843594799943467,0.382614935003829,2.4520662438604717,0.05473194538682707,0.0071912234243354245,"(-0.4592201188381076, 0.42426406871192845)"
1.6,-0.41046290794392093,0.3842862450144532,2.452395841512876,0.05254272078286151,0.006591953048088461,"(-0.4592201188381076, 0.42426406871192845)"
1.6500000000000001,-0.4124093198667278,0.38589006254432917,2.4526979726265585,0.050441054875497056,0.006042622273650933,"(-0.4592201188381076, 0.42426406871192845)"
1.7000000000000002,-0.4142783417444301,0.38742916385454673,2.452974926095297,0.048423447305797285,0.005539069374771444,"(-0.4592201188381076, 0.42426406871192845)"
1.75,-0.41607301296558996,0.38890620501635675,2.453228800068149,0.046486537344657214,0.0050774794570307424,"(-0.4592201188381076, 0.42426406871192845)"
1.8,-0.4177962581354158,0.3903237278061746,2.4534615178456636,0.04462709838195188,0.0046543555502942535,"(-0.4592201188381076, 0.42426406871192845)"
1.85,-0.41945089084304443,0.3916841652361038,2.453674842451226,0.04284203262174588,0.0042664921112511855,"(-0.4592201188381076, 0.42426406871192845)"
1.9000000000000001,-0.4210396173787507,0.3929898467496492,2.453870389987973,0.04112836597810097,0.003910950734939966,"(-0.4592201188381076, 0.42426406871192845)"
0.0,-0.42779792914911197,0.39854189448309535,2.4628628620587034,0.17492857058796157,0.17984944141461456,"(-0.5999999999999996, 0.519615242270663)"
0.05,-0.4343377225383258,0.40381664782940996,2.471104588571419,0.16803799622473736,0.16483453025431413,"(-0.5999999999999996, 0.519615242270663)"
0.1,-0.4406608124437237,0.4088311672555241,2.478658447378694,0.16140244239368878,0.15107717614549324,"(-0.5999999999999996, 0.519615242270663)"
0.15000000000000002,-0.4467699019451101,0.41360124972067436,2.4855820038673015,0.1550156911545198,0.13847112977215636,"(-0.5999999999999996, 0.519615242270663)"
0.2,-0.45266840837249683,0.4181415207498539,2.49192797039193,0.14887100334494843,0.1269193304925642,"(-0.5999999999999996, 0.519615242270663)"
0.25,-0.4583603168733976,0.4224655238104073,2.4977446235659517,0.14296128825706922,0.11633306348043493,"(-0.5999999999999996, 0.519615242270663)"
0.30000000000000004,-0.4638500573010161,0.42658580569869237,2.5030761838120394,0.13727923776239198,0.10663120492175214,"(-0.5999999999999996, 0.519615242270663)"
0.35000000000000003,-0.46914240085919656,0.43051399714277494,2.507963161002137,0.13181743186570985,0.09773954380195682,"(-0.5999999999999996, 0.519615242270663)"
0.4,-0.4742423734725673,0.43426088819115183,2.512442669538831,0.12656842131517393,0.08959017073388087,"(-0.5999999999999996, 0.519615242270663)"
0.45,-0.47915518330856943,0.43783649821925974,2.516548715829228,0.12152479180451191,0.08212092580793696,"(-0.5999999999999996, 0.519615242270663)"
0.5,-0.48388616027027476,0.441250140570214,2.520312460763126,0.11667921342281189,0.07527489867796056,"(-0.5999999999999996, 0.519615242270663)"
0.55,-0.4884407056131855,0.44451048197314474,2.5237624595178296,0.1120244782970116,0.06899997509406952,"(-0.5999999999999996, 0.519615242270663)"
0.6000000000000001,-0.4928242501232367,0.4476255969664254,2.52692488076324,0.10755352879931436,0.0632484249082077,"(-0.5999999999999996, 0.519615242270663)"
0.65,-0.49704221953398214,0.45060301760528015,2.529823707125616,0.10325947822967609,0.057976527247531884,"(-0.5999999999999996, 0.519615242270663)"
0.7000000000000001,-0.5011000060646714,0.45344977876226733,2.5324809185808843,0.09913562551086064,0.05314422910536187,"(-0.5999999999999996, 0.519615242270663)"
0.75,-0.5050029451331237,0.4561724593414368,2.5349166602840136,0.0951754651330637,0.048714834062585366,"(-0.5999999999999996, 0.519615242270663)"
0.8,-0.5087562964427301,0.4587772197274369,2.5371493961961162,0.09137269334281413,0.04465471824205203,"(-0.5999999999999996, 0.519615242270663)"
0.8500000000000001,-0.5123652287656956,0.4612698357831562,2.539196049742567,0.08772121137552723,0.04093307092901566,"(-0.5999999999999996, 0.519615242270663)"
0.9,-0.5158348078482748,0.4636557296963558,2.541072132621223,0.08421512637362549,0.03752165757312742,"(-0.5999999999999996, 0.519615242270663)"
0.9500000000000001,-0.519169986951266,0.46593999795919544,2.54279186277775,0.08084875050523753,0.03439460313053533,"(-0.5999999999999996, 0.519615242270663)"
1.0,-0.5223755996129357,0.4681274367460578,2.5443682724735175,0.07761659869622277,0.03152819391535333,"(-0.5999999999999996, 0.519615242270663)"
1.05,-0.5254563542840095,0.47022256493569536,2.545813307289195,0.07451338530588227,0.028900696313549634,"(-0.5999999999999996, 0.519615242270663)"
1.1,-0.5284168305371865,0.47222964500422326,2.547137916832874,0.07153402001036105,0.026492190873580457,"(-0.5999999999999996, 0.519615242270663)"
1.1500000000000001,-0.5312614765983377,0.47415270199638443,2.548352137854394,0.06867360310431554,0.024284420430407128,"(-0.5999999999999996, 0.519615242270663)"
1.2000000000000002,-0.5339946079844228,0.4759955407641755,2.5494651704066813,0.06592742038841595,0.022260651045741264,"(-0.5999999999999996, 0.519615242270663)"
1.25,-0.5366204070652697,0.47776176164456613,2.5504854476396677,0.06329093777565378,0.020405544659730657,"(-0.5999999999999996, 0.519615242270663)"
1.3,-0.5391429233936161,0.4794547747318021,2.551420699762161,0.060759795721600694,0.018705042449865816,"(-0.5999999999999996, 0.519615242270663)"
1.35,-0.5415660746709735,0.4810778128847185,2.5522780126613114,0.05832980356140795,0.017146257983006175,"(-0.5999999999999996, 0.519615242270663)"
1.4000000000000001,-0.5438936482365682,0.48263394359561473,2.553063881627695,0.055996933818377885,0.01571737932767214,"(-0.5999999999999996, 0.519615242270663)"
1.4500000000000002,-0.546129302983388,0.48412607983453776,2.5537842605960446,0.053757316534534555,0.014407579366985113,"(-0.5999999999999996, 0.519615242270663)"
1.5,-0.5482765716196559,0.48555698997124436,2.554444607276989,0.05160723366207362,0.013206933618890027,"(-0.5999999999999996, 0.519615242270663)"
1.55,-0.5503388632062476,0.4869293068666031,2.55504992452351,0.04954311354532965,0.012106344930422619,"(-0.5999999999999996, 0.519615242270663)"
1.6,-0.5523194659109832,0.488245536215691,2.555604798246871,0.04756152551551249,0.01109747446721765,"(-0.5999999999999996, 0.519615242270663)"
1.6500000000000001,-0.554221549929627,0.48950806421626375,2.5561134321703305,0.045659174614573333,0.010172678469192453,"(-0.5999999999999996, 0.519615242270663)"
1.7000000000000002,-0.5560481705310366,0.4907191646285584,2.556579679684745,0.04383289645986969,0.009324950288287503,"(-0.5999999999999996, 0.519615242270663)"
1.75,-0.5578022711904272,0.4918810052854569,2.5570070730480188,0.04207965225757959,0.008547867265473741,"(-0.5999999999999996, 0.519615242270663)"
1.8,-0.5594866867802932,0.49299565410582,2.557398850150101,0.04039652396986893,0.00783554204164538,"(-0.5999999999999996, 0.519615242270663)"
0.0,-0.5658397428300956,0.4971961611886451,2.5718568319841544,0.15232279005427207,0.2891596366810689,"(-0.7305137148104648, 0.579555495773441)"
0.05,-0.5720064674930566,0.5011465397314234,2.5851042878775723,0.14647045258346772,0.2649491178683583,"(-0.7305137148104648, 0.579555495773441)"
0.1,-0.5779844807062887,0.5048652723930347,2.597243406483273,0.14080570242161727,0.242782372114011,"(-0.7305137148104648, 0.579555495773441)"
0.15000000000000002,-0.5837729821532976,0.5083693829264818,2.6083675582615853,0.13533002568925998,0.2224830355662466,"(-0.7305137148104648, 0.579555495773441)"
0.2,-0.5893724577331344,0.5116745153617082,2.6185621002314794,0.1300431115954596,0.20389083939788222,"(-0.7305137148104648, 0.579555495773441)"
0.25,-0.5947844336097999,0.5147950221618085,2.627905097454636,0.12494326004884287,0.18685994446313248,"(-0.7305137148104648, 0.579555495773441)"
0.30000000000000004,-0.6000112705943176,0.5177440562283391,2.636467971965403,0.12002770811488447,0.17125749021533854,"(-0.7305137148104648, 0.579555495773441)"
0.35000000000000003,-0.605055992588729,0.5205336631602688,2.644316088081755,0.11529289108278748,0.15696232232704221,"(-0.7305137148104648, 0.579555495773441)"
0.4,-0.6099221437132226,0.5231748713094561,2.6515092816123658,0.11073465086185637,0.14386387061221306,"(-0.7305137148104648, 0.579555495773441)"
0.45,-0.6146136695331665,0.5256777780165639,2.6581023393325305,0.10634840196953817,0.13186115440329216,"(-0.7305137148104648, 0.579555495773441)"
0.5,-0.6191348185006017,0.5280516310270204,2.664145434175756,0.10212926338908614,0.12086189686451698,"(-0.7305137148104648, 0.579555495773441)"
0.55,-0.6234900603292428,0.5303049045323116,2.669684520831515,0.09807216297317434,0.11078173311517393,"(-0.7305137148104648, 0.579555495773441)"
0.6000000000000001,-0.627684018540836,0.5324453695999354,2.6747616958169553,0.09417191977719785,0.1015434997088116,"(-0.7305137148104648, 0.579555495773441)"
0.65,-0.6317214148628068,0.5344801589780331,2.6794155255735546,0.09042330866293853,0.09307659513198119,"(-0.7305137148104648, 0.579555495773441)"
0.7000000000000001,-0.6356070235317672,0.5364158264126306,2.68368134570725,0.08682111067168369,0.0853164026739095,"(-0.7305137148104648, 0.579555495773441)"
0.75,-0.6393456338735821,0.5382584007151425,2.687591534125878,0.08336015198691138,0.07820376837256227,"(-0.7305137148104648, 0.579555495773441)"
0.8,-0.6429420197965717,0.5400134348793906,2.691175760517682,0.08003533375892412,0.07168452783608337,"(-0.7305137148104648, 0.579555495773441)"
0.8500000000000001,-0.6464009150574892,0.5416860505814027,2.6944612143490874,0.07684165462199521,0.06570907662810765,"(-0.7305137148104648, 0.579555495773441)"
0.9,-0.6497269933466912,0.5432809784096255,2.6974728133307995,0.07377422737823879,0.060231979634238764,"(-0.7305137148104648, 0.579555495773441)"
0.9500000000000001,-0.652924852395115,0.5448025941737941,2.7002333941022356,0.07082829103501659,0.05521161542872411,"(-0.7305137148104648, 0.579555495773441)"
1.0,-0.6559990014361693,0.5462549516319379,2.7027638867102923,0.06799921915093174,0.05060985216113534,"(-0.7305137148104648, 0.579555495773441)"
1.05,-0.658953851464605,0.547641811960088,2.705083474305429,0.06528252525858079,0.04639175190272682,"(-0.7305137148104648, 0.579555495773441)"
1.1,-0.6617937078253945,0.5489666702705389,2.7072097393427863,0.06267386598156478,0.04252530074715266,"(-0.7305137148104648, 0.579555495773441)"
1.1500000000000001,-0.6645227647415759,0.5502327794637228,2.7091587974559093,0.06016904234179799,0.03898116226246251,"(-0.7305137148104648, 0.579555495773441)"
1.2000000000000002,-0.6671451014534203,0.5514431716770748,2.710945420063444,0.05776399965525242,0.035732452150698535,"(-0.7305137148104648, 0.579555495773441)"
1.25,-0.6696646796942413,0.5526006775725668,2.7125831466732246,0.05545482633537798,0.03275453219561131,"(-0.7305137148104648, 0.579555495773441)"
1.3,-0.6720853422724296,0.5537079436834418,2.7140843877619205,0.053237751859871535,0.03002482177391408,"(-0.7305137148104648, 0.579555495773441)"
1.35,-0.6744108125663193,0.5547674480204631,2.7154605190307315,0.051109144105259255,0.027522625376220633,"(-0.7305137148104648, 0.579555495773441)"
1.4000000000000001,-0.6766446947694847,0.5557815141189538,2.716721967767433,0.04906550621252292,0.02522897473403507,"(-0.7305137148104648, 0.579555495773441)"
1.4500000000000002,-0.6787904747500334,0.5567523236901537,2.717878291981539,0.04710347311380163,0.023126484282126603,"(-0.7305137148104648, 0.579555495773441)"
1.5,-0.6808515214092385,0.5576819280240305,2.718938252921727,0.04521980782348903,0.02119921880375908,"(-0.7305137148104648, 0.579555495773441)"
1.55,-0.6828310884431413,0.5585722582756469,2.719909881532321,0.043411397575559535,0.019432572211873778,"(-0.7305137148104648, 0.579555495773441)"
1.6,-0.6847323164261164,0.5594251347534682,2.720800539358007,0.04167524987168387,0.017813156513715178,"(-0.7305137148104648, 0.579555495773441)"
1.6500000000000001,-0.6865582351483263,0.5602422753155406,2.721616974362582,0.04000848849082095,0.016328700091511328,"(-0.7305137148104648, 0.579555495773441)"
0.0,-0.6925520088041927,0.562918755236467,2.744025855679195,0.13128422206020054,0.4481776263322601,"(-0.8485281374238566, 0.6)"
0.05,-0.6983852763848328,0.5653683077049009,2.7645462281822777,0.1265342925265061,0.41040745006164614,"(-0.8485281374238566, 0.6)"
0.1,-0.7040510912627495,0.5676119249966147,2.7833403446960507,0.12187744136221206,0.3758823302754577,"(-0.8485281374238566, 0.6)"
0.15000000000000002,-0.7095450713199765,0.5696689198007202,2.8005558062445,0.1173286742332418,0.344309230968991,"(-0.8485281374238566, 0.6)"
0.2,-0.7148649090976615,0.5715569509451157,2.816327046434849,0.11289877870569365,0.3154248038069818,"(-0.8485281374238566, 0.6)"
0.25,-0.7200099640138523,0.5732920875050288,2.8307766303476263,0.10859519137082671,0.2889916782555402,"(-0.8485281374238566, 0.6)"
0.30000000000000004,-0.7249809245611909,0.5748888967127808,2.8440163980409365,0.1044226956349205,0.2647953538662084,"(-0.8485281374238566, 0.6)"
0.35000000000000003,-0.7297795296391368,0.5763605452221434,2.856148476741566,0.10038398284427161,0.2426415740125887,"(-0.8485281374238566, 0.6)"
0.4,-0.7344083395051862,0.5777189063614007,2.8672661811303533,0.09648010315226722,0.22235408777574572,"(-0.8485281374238566, 0.6)"
0.45,-0.7388705481295945,0.5789746682870562,2.877454817500422,0.0927108274618869,0.20377272740137567,"(-0.8485281374238566, 0.6)"
0.5,-0.7431698299449914,0.5801374396208506,2.886792404726219,0.08907493767137077,0.1867517445159328,"(-0.8485281374238566, 0.6)"
0.55,-0.7473102150661778,0.5812158503672639,2.895350322743199,0.0855704591309904,0.1711583603396016,"(-0.8485281374238566, 0.6)"
0.6000000000000001,-0.7512959880069492,0.5822176467823574,2.903193897462769,0.08219484653597113,0.15687149439139736,"(-0.8485281374238566, 0.6)"
0.65,-0.7551316057426017,0.5831497794852954,2.910382929629164,0.0789451323133695,0.1437806433278999,"(-0.8485281374238566, 0.6)"
0.7000000000000001,-0.7588216316679454,0.5840184845373888,2.9169721739841985,0.07581804481056176,0.1317848871006888,"(-0.8485281374238566, 0.6)"
0.75,-0.7623706825933728,0.5848293575098029,2.923011774181165,0.0728101021800387,0.12079200393933287,"(-0.8485281374238566, 0.6)"
0.8,-0.765783386419001,0.5855874207574118,2.9285476581338377,0.06991768671468573,0.11071767905344808,"(-0.8485281374238566, 0.6)"
0.8500000000000001,-0.7690643485420858,0.5862971842404263,2.9336218978646187,0.06713710346727352,0.10148479461562387,"(-0.8485281374238566, 0.6)"
0.9,-0.7722181253978824,0.5869627003079649,2.938273037399683,0.0644646262451274,0.09302279070129038,"(-0.8485281374238566, 0.6)"
0.9500000000000001,-0.7752492038197466,0.5875876128938735,2.9425363918270286,0.06189653347164995,0.08526708854691312,"(-0.8485281374238566, 0.6)"
1.0,-0.7781619851401029,0.5881752015860147,2.9464443202690305,0.05942913592287484,0.07815856884003991,"(-0.8485281374238566, 0.6)"
1.05,-0.7809607731481776,0.588728421024083,2.950026475211367,0.05705879795719271,0.07164309884673092,"(-0.8485281374238566, 0.6)"
1.1,-0.7836497651801668,0.589249936063685,2.9533100303648747,0.054781953541774,0.06567110307015954,"(-0.8485281374238566, 0.6)"
1.1500000000000001,-0.7862330457487179,0.5897421531201986,2.9563198890079785,0.052595118125455614,0.060197172862074266,"(-0.8485281374238566, 0.6)"
1.2000000000000002,-0.7887145822262455,0.5902072480778207,2.959078874558468,0.05049489720320437,0.05517971100979846,"(-0.8485281374238566, 0.6)"
1.25,-0.7910982221848447,0.590647191119347,2.961607904949549,0.04847799225223192,0.05058060782161423,"(-0.8485281374238566, 0.6)"
1.3,-0.7933876920678595,0.5910637688020612,2.9639261522321854,0.04654120458676242,0.046364945652725975,"(-0.8485281374238566, 0.6)"
1.35,-0.7955865969273725,0.5914586036756144,2.9660511886906207,0.04468143757116058,0.042500729168702955,"(-0.8485281374238566, 0.6)"
1.4000000000000001,-0.7976984210103687,0.5918331717095952,2.9679991206378764,0.04289569754463764,0.038958638945119084,"(-0.8485281374238566, 0.6)"
1.4500000000000002,-0.7997265290160179,0.5921888177719822,2.9697847109509454,0.041181093741035936,0.035711806261382595,"(-0.8485281374238566, 0.6)"
0.0,-0.8055552483040938,0.5932002090851826,3.001605970651855,0.11831632334991464,0.6364251940181914,"(-0.9520240083494819, 0.579555495773441)"
0.05,-0.8112245281466578,0.5939990577465508,3.0307155245312285,0.11450570835914418,0.5821910775874735,"(-0.9520240083494819, 0.579555495773441)"
0.1,-0.8167240178412004,0.5946113364987681,3.0573532805435906,0.1106693673439883,0.5327551202472441,"(-0.9520240083494819, 0.579555495773441)"
0.15000000000000002,-0.822047211079188,0.5950608226884925,3.0817358957937335,0.10684273318052076,0.48765230500285756,"(-0.9520240083494819, 0.579555495773441)"
0.2,-0.8271906424724799,0.5953690600244065,3.1040594831200994,0.10305318384747078,0.4464717465273133,"(-0.9520240083494819, 0.579555495773441)"
0.25,-0.8321532270679332,0.5955554090719337,3.1245019082348064,0.09932164282681744,0.40884850229413744,"(-0.9520240083494819, 0.579555495773441)"
0.30000000000000004,-0.8369357220282123,0.5956371534346174,-3.1399605508322455,0.09566387026652443,0.37445696225069164,"(-0.9520240083494819, 0.579555495773441)"
0.35000000000000003,-0.8415402910932219,0.5956296382980762,-3.1228102777591764,0.09209150395497029,0.3430054614613842,"(-0.9520240083494819, 0.579555495773441)"
0.4,-0.8459701545028343,0.5955464251531628,-3.107098685374728,0.08861289805735782,0.31423184768896384,"(-0.9520240083494819, 0.579555495773441)"
0.45,-0.850229309326871,0.595399451706088,-3.0927036953479474,0.08523379848219796,0.2878998005356193,"(-0.9520240083494819, 0.579555495773441)"
0.5,-0.8543223073688562,0.5951991897195573,-3.0795139080062346,0.08195788634400897,0.2637957468342589,"(-0.9520240083494819, 0.579555495773441)"
0.55,-0.8582540798584812,0.5949547961892553,-3.0674275953590855,0.07878721497254841,0.24172625294297867,"(-0.9520240083494819, 0.579555495773441)"
0.6000000000000001,-0.862029799967337,0.5946742551309001,-3.0563518052761056,0.0757225610392063,0.22151580165959417,"(-0.9520240083494819, 0.579555495773441)"
0.65,-0.8656547757582357,0.5943645085492655,-3.046201561178418,0.07276370641861452,0.20300488195375666,"(-0.9520240083494819, 0.579555495773441)"
0.7000000000000001,-0.8691343675185607,0.5940315760415716,-3.036899144413691,0.06990966420517426,0.186048335294543,"(-0.9520240083494819, 0.579555495773441)"
0.75,-0.872473924552633,0.5936806630712193,-3.028373448700481,0.06715885971808337,0.17051391426419538,"(-0.9520240083494819, 0.579555495773441)"
0.8,-0.8756787374421808,0.5933162583203067,-3.02055939778538,0.06450927523852727,0.15628101830201913,"(-0.9520240083494819, 0.579555495773441)"
0.8500000000000001,-0.8787540025537536,0.5929422207536515,-3.0133974188608867,0.061958565534477913,0.14323957848986765,"(-0.9520240083494819, 0.579555495773441)"
0.9,-0.8817047962022477,0.5925618571486989,-3.006832965422173,0.05950414986525145,0.1312890687742707,"(-0.9520240083494819, 0.579555495773441)"
0.9500000000000001,-0.8845360563932376,0.5921779908975402,-3.000816084157367,0.05714328505734699,0.12033762529612746,"(-0.9520240083494819, 0.579555495773441)"
1.0,-0.8872525704833911,0.5917930228927092,-2.99530102121484,0.05487312335468514,0.11030125885053255,"(-0.9520240083494819, 0.579555495773441)"
1.05,-0.8898589674350134,0.5914089852840652,-2.9902458638078193,0.052690758029387864,0.10110314814041899,"(-0.9520240083494819, 0.579555495773441)"
1.1,-0.8923597136121604,0.5910275888515518,-2.9856122136287624,0.05059325916067941,0.0926730035811385,"(-0.9520240083494819, 0.579555495773441)"
1.1500000000000001,-0.8947591112839006,0.5906502646859948,-2.981364888974653,0.048577701522676715,0.0849464930821875,"(-0.9520240083494819, 0.579555495773441)"
1.2000000000000002,-0.8970612991752099,0.5902782008128586,-2.977471652846064,0.046641186145228185,0.07786472257178212,"(-0.9520240083494819, 0.579555495773441)"
1.25,-0.8992702545459178,0.5899123743356861,-2.97390296459046,0.044780856808148875,0.07137376511206939,"(-0.9520240083494819, 0.579555495773441)"
1.3,-0.9013897963898354,0.5895535796191463,-2.970631752923792,0.0429939124841377,0.06542423333336989,"(-0.9520240083494819, 0.579555495773441)"
1.35,-0.9034235894351972,0.5892024529776785,-2.9676332083919146,0.04127761654800501,0.05997089063754623,"(-0.9520240083494819, 0.579555495773441)"
0.0,-0.909167630132842,0.5881930197911177,-2.930188524708433,0.1166412601000679,0.7488936736696361,"(-1.039230484541326, 0.5196152422706635)"
0.05,-0.9147038590776068,0.5870048852526055,-2.8959612822198824,0.11324574095383501,0.6845448497710127,"(-1.039230484541326, 0.5196152422706635)"
0.1,-0.9200261957930911,0.5856706094169546,-2.8646607040232106,0.10974071280722544,0.6260115639334374,"(-1.039230484541326, 0.5196152422706635)"
0.15000000000000002,-0.9251328156575531,0.5842191267487318,-2.8360255772499507,0.10617790424804908,0.5727025354652004,"(-1.039230484541326, 0.5196152422706635)"
0.2,-0.9300250736777098,0.5826758804958754,-2.809820519161862,0.10259785091851117,0.5241011617617752,"(-1.039230484541326, 0.5196152422706635)"
0.25,-0.9347066506753802,0.5810630485722771,-2.7858328622128785,0.09903209580513597,0.4797531389796761,"(-1.039230484541326, 0.5196152422706635)"
0.30000000000000004,-0.9391828831104149,0.5793998167703744,-2.7638700301144667,0.09550496707358576,0.4392566419682342,"(-1.039230484541326, 0.5196152422706635)"
0.35000000000000003,-0.9434602423442695,0.577702670002191,-2.743757307163101,0.09203501326820547,0.4022544590273114,"(-1.039230484541326, 0.5196152422706635)"
0.4,-0.9475459341259806,0.5759856827348215,-2.7253359255854996,0.088636161043789,0.3684276315520296,"(-1.039230484541326, 0.5196152422706635)"
0.45,-0.9514475938775874,0.5742607970524043,-2.7084614125219986,0.08531864845323177,0.3374902612700226,"(-1.039230484541326, 0.5196152422706635)"
0.5,-0.9551730576898705,0.5725380817439025,-2.6930021509968824,0.08208977683190007,0.3091852305023224,"(-1.039230484541326, 0.5196152422706635)"
0.55,-0.9587301927053856,0.5708259691495552,-2.6788381188941814,0.07895451615791704,0.28328064205401904,"(-1.039230484541326, 0.5196152422706635)"
0.6000000000000001,-0.9621267737537206,0.5691314686830685,-2.6658597773503008,0.07591599211979422,0.25956683087761223,"(-1.039230484541326, 0.5196152422706635)"
0.65,-0.965370395752735,0.5674603573310552,-2.6539670856623983,0.0729758777222125,0.23785383375804936,"(-1.039230484541326, 0.5196152422706635)"
0.7000000000000001,-0.9684684135603226,0.5658173482659912,-2.643068624214281,0.070134707881369,0.2179692289623436,"(-1.039230484541326, 0.5196152422706635)"
0.75,-0.9714279027216122,0.5642062391715337,-2.6330808103512933,0.06739213191473759,0.1997562772597583,"(-1.039230484541326, 0.5196152422706635)"
0.8,-0.9742556359722786,0.5626300420943405,-2.623927194824348,0.06474711596071767,0.18307231053890538,"(-1.039230484541326, 0.5196152422706635)"
0.8500000000000001,-0.9769580714895912,0.5610910966916817,-2.6155378285448356,0.062198105043796234,0.1677873255902462,"(-1.039230484541326, 0.5196152422706635)"
0.9,-0.9795413497811999,0.5595911686992701,-2.6078486910775784,0.059743152626275726,0.1537827493451482,"(-1.039230484541326, 0.5196152422706635)"
0.9500000000000001,-0.9820112968118365,0.5581315353398836,-2.600801173647398,0.05738002397345192,0.14095034860360792,"(-1.039230484541326, 0.5196152422706635)"
1.0,-0.9843734315270843,0.5567130592580232,-2.594341610521504,0.05510627843645025,0.12919126251787819,"(-1.039230484541326, 0.5196152422706635)"
1.05,-0.9866329763715638,0.5553362524171783,-2.5884208535122446,0.052919334769858904,0.11841514018518962,"(-1.039230484541326, 0.5196152422706635)"
1.1,-0.9887948697410796,0.554001331245829,-2.582993885066816,0.050816522804589016,0.1085393689085723,"(-1.039230484541326, 0.5196152422706635)"
1.1500000000000001,-0.9908637795744466,0.5527082641732193,-2.5780194660061273,0.04879512415342427,0.09948838121376924,"(-1.039230484541326, 0.5196152422706635)"
1.2000000000000002,-0.992844117496918,0.5514568125602726,-2.5734598144702874,0.04685240410790146,0.09119303071679519,"(-1.039230484541326, 0.5196152422706635)"
1.25,-0.994740053086176,0.5502465659068427,-2.5692803130433646,0.04498563646655692,0.08359002853845943,"(-1.039230484541326, 0.5196152422706635)"
1.3,-0.9965555279539012,0.5490769721045722,-2.5654492413809056,0.04319212269686236,0.07662143324918325,"(-1.039230484541326, 0.5196152422706635)"
1.35,-0.9982942694290754,0.5479473634048653,-2.561937531962477,0.04146920656074558,0.07023418836857087,"(-1.039230484541326, 0.5196152422706635)"
0.0,-1.0036515026237967,0.5444401133121799,-2.5291121535002237,0.12806365716355947,0.6565075692450639,"(-1.1086554390135441, 0.42426406871192823)"
0.05,-1.0087246863507937,0.540875605768675,-2.499087943958837,0.12400468887194749,0.6004841908277346,"(-1.1086554390135441, 0.42426406871192823)"
0.1,-1.0135243717488274,0.5372833086465134,-2.471616183990509,0.11990259135479708,0.5494351993665658,"(-1.1086554390135441, 0.42426406871192823)"
0.15000000000000002,-1.0180627355569667,0.5336879447875807,-2.446472460398067,0.11579876913533815,0.5028744718488365,"(-1.1086554390135441, 0.42426406871192823)"
0.2,-1.0223528577009047,0.5301100658196198,-2.4234537945093764,0.11172531659258696,0.46037331777381896,"(-1.1086554390135441, 0.42426406871192823)"
0.25,-1.0264081914814729,0.526566594475109,-2.4023762126488575,0.10770686373892066,0.42155163721037553,"(-1.1086554390135441, 0.42426406871192823)"
0.30000000000000004,-1.0302421825667452,0.5230713222300506,-2.383072672294742,0.10376206572543174,0.38607080708230934,"(-1.1086554390135441, 0.42426406871192823)"
0.35000000000000003,-1.033868001808551,0.5196353566479928,-2.3653912771566357,0.09990480399927885,0.3536279027621292,"(-1.1086554390135441, 0.42426406871192823)"
0.4,-1.0372983642707247,0.5162675175599873,-2.3491937291825975,0.09614515431281359,0.3239509594807677,"(-1.1086554390135441, 0.42426406871192823)"
0.45,-1.040545412879339,0.5129746840516552,-2.3343539766903367,0.09249016635361505,0.29679504984521987,"(-1.1086554390135441, 0.42426406871192823)"
0.5,-1.0436206499533323,0.5097620958039257,-2.320757026340033,0.08894449125316972,0.2719390070060812,"(-1.1086554390135441, 0.42426406871192823)"
0.55,-1.0465349037303802,0.5066336130860374,-2.308297893201493,0.08551088630850208,0.24918266277079715,"(-1.1086554390135441, 0.42426406871192823)"
0.6000000000000001,-1.0492983200418065,0.5035919399298078,-2.2968806682107035,0.08219062063176033,0.22834449981578242,"(-1.1086554390135441, 0.42426406871192823)"
0.65,-1.0519203716667165,0.500638814926776,-2.2864176862255907,0.07898380088910753,0.2092596397022528,"(-1.1086554390135441, 0.42426406871192823)"
0.7000000000000001,-1.0544098797417019,0.49777517382030956,-2.2768287809493093,0.07588963260436034,0.19177810552562846,"(-1.1086554390135441, 0.42426406871192823)"
0.75,-1.0567750430284029,0.49500128770191804,-2.2680406153943373,0.07290662952177458,0.17576331109944388,"(-1.1086554390135441, 0.42426406871192823)"
0.8,-1.059023471936654,0.4923168802215692,-2.25998607846429,0.07003278111288339,0.16109073860095413,"(-1.1086554390135441, 0.42426406871192823)"
0.8500000000000001,-1.061162225038069,0.4897212268208242,-2.2526037397475904,0.06726568636566896,0.14764677433398488,"(-1.1086554390135441, 0.42426406871192823)"
0.9,-1.0631978464412182,0.4872132386156858,-2.2458373558350515,0.0646026604222227,0.13532767825077952,"(-1.1086554390135441, 0.42426406871192823)"
0.9500000000000001,-1.0651364028804349,0.4847915332042749,-2.2396354224583424,0.06204081936172243,0.1240386675341798,"(-1.1086554390135441, 0.42426406871192823)"
1.0,-1.0669835197313702,0.48245449435777127,-2.2339507675489796,0.05957714740091796,0.11369309818725193,"(-1.1086554390135441, 0.42426406871192823)"
1.05,-1.0687444154355468,0.4802003222725991,-2.228740180976732,0.05720854995735017,0.10421173144494866,"(-1.1086554390135441, 0.42426406871192823)"
1.1,-1.0704239340149555,0.47802707581645276,-2.2239640772722042,0.05493189535318093,0.09552207409055491,"(-1.1086554390135441, 0.42426406871192823)"
1.1500000000000001,-1.0720265755029792,0.47593270798797843,-2.2195861880939933,0.05274404739904983,0.0875577835642205,"(-1.1086554390135441, 0.42426406871192823)"
1.2000000000000002,-1.0735565242225278,0.4739150956267101,-2.215573281584194,0.05064189066293408,0.08025813019597927,"(-1.1086554390135441, 0.42426406871192823)"
1.25,-1.0750176749162275,0.4719720642529089,-2.2118949060811945,0.048622349878526636,0.07356751005999194,"(-1.1086554390135441, 0.42426406871192823)"
1.3,-1.0764136567844405,0.4701014087830608,-2.2085231559365845,0.04668240466493679,0.06743500289219662,"(-1.1086554390135441, 0.42426406871192823)"
1.35,-1.0777478555206903,0.4683009107529044,-2.205432457422281,0.04481910050149561,0.06181397028606651,"(-1.1086554390135441, 0.42426406871192823)"
1.4000000000000001,-1.079023433455171,0.46656835258322127,-2.202599372921379,0.043029556717538456,0.056661690018045,"(-1.1086554390135441, 0.42426406871192823)"
1.4500000000000002,-1.080243347928855,0.4649015293417475,-2.2000024217772594,0.04131097210873023,0.05193902288239238,"(-1.1086554390135441, 0.42426406871192823)"
0.0,-1.084474353341765,0.45908890613787134,-2.177115899072808,0.1437887273944848,0.4577304540890281,"(-1.159110991546882, 0.2999999999999999)"
0.05,-1.0884236867236925,0.4533937485109438,-2.1561590591726474,0.13861032365182566,0.4191367980032079,"(-1.159110991546882, 0.2999999999999999)"
0.1,-1.0921124171919698,0.44782887915423414,-2.1369659000240055,0.13352827928921007,0.3838631829728367,"(-1.159110991546882, 0.2999999999999999)"
0.15000000000000002,-1.0955604212531411,0.4424038864404063,-2.119385458009956,0.12856014615881473,0.35160884028098804,"(-1.159110991546882, 0.2999999999999999)"
0.2,-1.0987862852303003,0.4371256712324132,-2.10328027390087,0.12371863914709576,0.3221036821817258,"(-1.159110991546882, 0.2999999999999999)"
0.25,-1.1018072717030347,0.4319989125422575,-2.0885250525869936,0.11901262779307258,0.29510442627752487,"(-1.159110991546882, 0.2999999999999999)"
0.30000000000000004,-1.1046393304889999,0.42702646171325354,-2.0750054847907884,0.11444793438769471,0.27039135592410773,"(-1.159110991546882, 0.2999999999999999)"
0.35000000000000003,-1.1072971396715043,0.42220967450209157,-2.06261720538193,0.11002797587562663,0.24776558817716787,"(-1.159110991546882, 0.2999999999999999)"
0.4,-1.1097941659849955,0.41754868975711795,-2.0512648678766414,0.10575427973021885,0.22704675010577213,"(-1.159110991546882, 0.2999999999999999)"
0.45,-1.1121427367642647,0.4130426625292628,-2.040861318554459,0.10162689817840474,0.20807098644364974,"(-1.159110991546882, 0.2999999999999999)"
0.5,-1.1143541178485725,0.4086899585363403,-2.031326856635823,0.09764474046263347,0.19068923837271712,"(-1.159110991546882, 0.2999999999999999)"
0.55,-1.116438593471642,0.40448831600404966,-2.0225885693319245,0.0938058390343052,0.17476574607797168,"(-1.159110991546882, 0.2999999999999999)"
0.6000000000000001,-1.1184055453905706,0.4004349800691235,-2.014579732453493,0.09010756250779502,0.1601767375686336,"(-1.159110991546882, 0.2999999999999999)"
0.65,-1.1202635294107903,0.39652681417191576,-2.0072392687604923,0.08654678572769504,0.1468092738600102,"(-1.159110991546882, 0.2999999999999999)"
0.7000000000000001,-1.12202034812736,0.3927603921944161,-2.000511257435565,0.08312002530192548,0.13456022649854793,"(-1.159110991546882, 0.2999999999999999)"
0.75,-1.1236831191843293,0.38913207451449844,-1.9943444890356894,0.0798235473386089,0.12333536799750688,"(-1.159110991546882, 0.2999999999999999)"
0.8,-1.1252583386990367,0.38563807064300737,-1.9886920610687335,0.07665345282114805,0.11304855933911674,"(-1.159110991546882, 0.2999999999999999)"
0.8500000000000001,-1.1267519397415384,0.3822744906796638,-1.9835110099926088,0.07360574500395575,0.10362102152249475,"(-1.159110991546882, 0.2999999999999999)"
0.9,-1.128169345927148,0.379037387458484,-1.9787619759740736,0.07067638236236166,0.09498068037070595,"(-1.159110991546882, 0.2999999999999999)"
0.9500000000000001,-1.129515520292147,0.37592279094516207,-1.9744088971946385,0.0678613199452457,0.08706157558869831,"(-1.159110991546882, 0.2999999999999999)"
1.0,-1.1307950096940544,0.3729267361898207,-1.9704187308702261,0.06515654142631394,0.07980332648824695,"(-1.159110991546882, 0.2999999999999999)"
1.05,-1.1320119850196624,0.37004528592152014,-1.9667611984729971,0.06255808370411557,0.07315064794457928,"(-1.159110991546882, 0.2999999999999999)"
1.1,-1.1331702775047492,0.36727454868955445,-1.9634085529188963,0.0600620555412795,0.06705291108201505,"(-1.159110991546882, 0.2999999999999999)"
1.1500000000000001,-1.1342734114752446,0.3646106933052745,-1.960335365721456,0.05766465144338724,0.06146374394880471,"(-1.159110991546882, 0.2999999999999999)"
1.2000000000000002,-1.135324633815257,0.3620499602121408,-1.9575183323179477,0.05536216174396094,0.05634066807016502,"(-1.159110991546882, 0.2999999999999999)"
1.25,-1.1363269404562153,0.3595886703068079,-1.954936093953415,0.053150979673389664,0.05164476729065115,"(-1.159110991546882, 0.2999999999999999)"
1.3,-1.1372831001659123,0.3572232316467818,-1.9525690746657043,0.05102760603749229,0.04734038575421651,"(-1.159110991546882, 0.2999999999999999)"
1.35,-1.138195675898261,0.354950144407625,-1.950399332053747,0.048988652008762824,0.04339485223914752,"(-1.159110991546882, 0.2999999999999999)"
1.4000000000000001,-1.1390670439453916,0.35276600439233985,-1.9484104206348127,0.047030840434464,0.039778228378686276,"(-1.159110991546882, 0.2999999999999999)"
1.4500000000000002,-1.139899411114223,0.3506675053453711,-1.94658726670648,0.045151005986034824,0.036463078566654206,"(-1.159110991546882, 0.2999999999999999)"
1.5,-1.1406948301304598,0.34865144028190714,-1.9449160537275132,0.04334609441004361,0.03342425957933936,"(-1.159110991546882, 0.2999999999999999)"
1.55,-1.141455213454512,0.34671470200839555,-1.9433841173202142,0.041613161089162236,0.03063872814597746,"(-1.159110991546882, 0.2999999999999999)"
0.0,-1.1443072059932078,0.33941767813188095,-1.927692691099593,0.15669131296303618,0.3138285244124239,"(-1.1897338336485723, 0.15529142706151247)"
0.05,-1.146939961929172,0.33235676952370363,-1.9133161587123078,0.15071540623491286,0.28753064774570736,"(-1.1897338336485723, 0.15529142706151247)"
0.1,-1.1493736510980603,0.3255315792243859,-1.9001432693298241,0.1449221385333027,0.26345778764967354,"(-1.1897338336485723, 0.15529142706151247)"
0.15000000000000002,-1.1516265514678743,0.3189402071021942,-1.8880724299050604,0.13931510546888146,0.2414167884952756,"(-1.1897338336485723, 0.15529142706151247)"
0.2,-1.1537151882538725,0.31257956951943083,-1.8770108108566657,0.13389565203259704,0.22123238096789455,"(-1.1897338336485723, 0.15529142706151247)"
0.25,-1.1556544758057372,0.30644566207532953,-1.86687354705985,0.12866336967702702,0.2027452759363102,"(-1.1897338336485723, 0.15529142706151247)"
0.30000000000000004,-1.1574578573155379,0.3005337749264354,-1.857583021350406,0.12361649490444244,0.1858105141888794,"(-1.1897338336485723, 0.15529142706151247)"
0.35000000000000003,-1.1591374391007792,0.29483866874282744,-1.8490682199564128,0.11875222846900077,0.17029602787986597,"(-1.1897338336485723, 0.15529142706151247)"
0.4,-1.1607041174507393,0.28935471808501395,-1.8412641510240484,0.11406699061440496,0.1560813786472881,"(-1.1897338336485723, 0.15529142706151247)"
0.45,-1.1621676969064452,0.2840760278814018,-1.8341113188038223,0.10955662479079105,0.14305664440452281,"(-1.1897338336485723, 0.15529142706151247)"
0.5,-1.1635369994659648,0.27899652773982536,-1.8275552471902543,0.10521655989012825,0.1311214322713572,"(-1.1897338336485723, 0.15529142706151247)"
0.55,-1.1648199646358377,0.274110048023843,-1.8215460472217195,0.10104193909820657,0.12018399937069546,"(-1.1897338336485723, 0.15529142706151247)"
0.6000000000000001,-1.1660237405379288,0.26941038094865705,-1.8160380238938765,0.09702772189439826,0.11016046655685896,"(-1.1897338336485723, 0.15529142706151247)"
0.65,-1.167154766467303,0.2648913293858502,-1.8109893182552004,0.09316876446583157,0.10097411277352197,"(-1.1897338336485723, 0.15529142706151247)"
0.7000000000000001,-1.1682188474095438,0.2605467455948673,-1.8063615812639167,0.08945988278219859,0.0925547398256743,"(-1.1897338336485723, 0.15529142706151247)"
0.75,-1.1692212210865445,0.2563705617079877,-1.802119676313234,0.0858959017541027,0.08483809901365325,"(-1.1897338336485723, 0.15529142706151247)"
0.8,-1.1701666181238621,0.2523568134717525,-1.79823140769261,0.08247169323361891,0.07776537241248103,"(-1.1897338336485723, 0.15529142706151247)"
0.8500000000000001,-1.1710593159317437,0.24849965848042851,-1.7946672725596775,0.07918220507990965,0.07128270265864933,"(-1.1897338336485723, 0.15529142706151247)"
0.9,-1.1719031868742977,0.24479338991667968,-1.7914002342604636,0.07602248308052004,0.06534076598427752,"(-1.1897338336485723, 0.15529142706151247)"
0.9500000000000001,-1.1727017412730552,0.2412324466331628,-1.7884055150625435,0.07298768717036849,0.05989438395840041,"(-1.1897338336485723, 0.15529142706151247)"
1.0,-1.1734581657566916,0.2378114202595475,-1.7856604065630683,0.07007310310929907,0.054902169989504146,"(-1.1897338336485723, 0.15529142706151247)"
1.05,-1.1741753574310285,0.2345250598968349,-1.7831440962061424,0.06727415055233783,0.05032620713851743,"(-1.1897338336485723, 0.15529142706151247)"
1.1,-1.1748559543047448,0.2313682748601318,-1.7808375084958084,0.0645863882639828,0.04613175420668192,"(-1.1897338336485723, 0.15529142706151247)"
1.1500000000000001,-1.1755023623679597,0.22833613584833665,-1.778723159625112,0.06200551708046446,0.0422869774139234,"(-1.1897338336485723, 0.15529142706151247)"
1.2000000000000002,-1.1761167796839482,0.22542387485129473,-1.776785024360978,0.05952738110509568,0.03876270528268333,"(-1.1897338336485723, 0.15529142706151247)"
1.25,-1.1767012178193275,0.22262688404923367,-1.7750084141310316,0.05714796752606211,0.035532204598927586,"(-1.1897338336485723, 0.15529142706151247)"
1.3,-1.1772575209054392,0.21994071391351208,-1.7733798653538166,0.05486340536882487,0.03257097554429932,"(-1.1897338336485723, 0.15529142706151247)"
1.35,-1.1777873825935252,0.21736107068011415,-1.7718870371394906,0.05266996343312632,0.02985656428652117,"(-1.1897338336485723, 0.15529142706151247)"
1.4000000000000001,-1.178292361138667,0.21488381333642745,-1.7705186175652636,0.05056404761449936,0.027368391484540733,"(-1.1897338336485723, 0.15529142706151247)"
1.4500000000000002,-1.178773892822318,0.21250495023644514,-1.7692642377995749,0.048542197769845974,0.025087595313776356,"(-1.1897338336485723, 0.15529142706151247)"
1.5,-1.1792333039004657,0.21022063543864733,-1.7681143934121297,0.04660108425417939,0.02299688774890285,"(-1.1897338336485723, 0.15529142706151247)"
1.55,-1.1796718212439163,0.2080271648436305,-1.7670603722641878,0.04473750422949603,0.021080422958839606,"(-1.1897338336485723, 0.15529142706151247)"
1.6,-1.1800905818187106,0.20592097219440494,-1.7660941884255184,0.042948377825728176,0.019323676773387866,"(-1.1897338336485723, 0.15529142706151247)"
1.6500000000000001,-1.1804906411381253,0.20389862499062547,-1.7652085216117752,0.04123074421683535,0.017713336274863267,"(-1.1897338336485723, 0.15529142706151247)"
0.0,-1.1820657292325265,0.1958991584440226,-1.7528309054268592,0.16306117567997958,0.24755232369832125,"(-1.2, 2.2043642384652356e-16)"
0.05,-1.1834843529943653,0.18819227331805005,-1.7414883333085236,0.1567272429701875,0.22685144236671229,"(-1.2, 2.2043642384652356e-16)"
0.1,-1.1847635183076382,0.1807711995969857,-1.7310937284842842,0.1506102241843523,0.20789209648478912,"(-1.2, 2.2043642384652356e-16)"
0.15000000000000002,-1.1859183774356685,0.17362853438358722,-1.7215674602189717,0.14470848759666827,0.1905253653062533,"(-1.2, 2.2043642384652356e-16)"
0.2,-1.186962414823711,0.16675643391506267,-1.7128366795535557,0.13901910504261739,0.17461561330832095,"(-1.2, 2.2043642384652356e-16)"
0.25,-1.1879076194203722,0.16014676725579408,-1.7048347205190915,0.13353816694293233,0.16003918068928535,"(-1.2, 2.2043642384652356e-16)"
0.30000000000000004,-1.188764642923447,0.1537912387376277,-1.6975005590209067,0.12826103388020643,0.14668322996369332,"(-1.2, 2.2043642384652356e-16)"
0.35000000000000003,-1.1895429439863585,0.14768148497315778,-1.690778322786474,0.12318253708538922,0.13444472468865265,"(-1.2, 2.2043642384652356e-16)"
0.4,-1.1902509188350416,0.14180915122546706,-1.6846168467400493,0.1182971378024596,0.12322952092849393,"(-1.2, 2.2043642384652356e-16)"
0.45,-1.1908960190033546,0.13616595105149568,-1.6789692689578062,0.1135990535711772,0.11295155564486237,"(-1.2, 2.2043642384652356e-16)"
0.5,-1.1914848570432326,0.1307437124195655,-1.6737926630069968,0.10908235791144837,0.10353211901618586,"(-1.2, 2.2043642384652356e-16)"
0.55,-1.1920233011370618,0.1255344129111122,-1.669047703011024,0.10474105863690963,0.09489919991945761,"(-1.2, 2.2043642384652356e-16)"
0.6000000000000001,-1.1925165595583147,0.12053020613173239,-1.6646983582319381,0.10056915901195107,0.08698689558171878,"(-1.2, 2.2043642384652356e-16)"
0.65,-1.1929692559098954,0.11572344105942481,-1.6607116143404441,0.09656070514881436,0.07973487782987898,"(-1.2, 2.2043642384652356e-16)"
0.7000000000000001,-1.1933854960304713,0.11110667573322468,-1.6570572188647577,0.09270982238183985,0.07308790951372933,"(-1.2, 2.2043642384652356e-16)"
0.75,-1.1937689274062646,0.10667268642051606,-1.6537074485843681,0.08901074282390206,0.0669954056077926,"(-1.2, 2.2043642384652356e-16)"
0.8,-1.19412279186565,0.10241447318546912,-1.6506368968714196,0.08545782588094557,0.061411034258972985,"(-1.2, 2.2043642384652356e-16)"
0.8500000000000001,-1.1944499722707893,0.09832526260540683,-1.6478222791876889,0.08204557315443733,0.05629235367461516,"(-1.2, 2.2043642384652356e-16)"
0.9,-1.1947530338573935,0.09439850823911289,-1.6452422551243475,0.07876863888244778,0.05160048126682748,"(-1.2, 2.2043642384652356e-16)"
0.9500000000000001,-1.1950342608124642,0.090627889335103,-1.6428772655290795,0.07562183684501453,0.04729979190536138,"(-1.2, 2.2043642384652356e-16)"
1.0,-1.1952956886217319,0.08700730817372809,-1.640709383404099,0.0726001444779869,0.04335764249960683,"(-1.2, 2.2043642384652356e-16)"
1.05,-1.195539132664201,0.08353088636059422,-1.638722177381936,0.06969870479326487,0.039744120443261366,"(-1.2, 2.2043642384652356e-16)"
1.1,-1.1957662134810427,0.08019296032684917,-1.6369005866957542,0.06691282658543272,0.03643181372363469,"(-1.2, 2.2043642384652356e-16)"
1.1500000000000001,-1.1959783791001704,0.07698807624168738,-1.6352308066593184,0.06423798330976183,0.03339560072871506,"(-1.2, 2.2043642384652356e-16)"
1.2000000000000002,-1.1961769247561085,0.07391098450175798,-1.633700183759997,0.06166981093998484,0.030612457986430863,"(-1.2, 2.2043642384652356e-16)"
1.25,-1.19636301030706,0.07095663392922688,-1.632297119547698,0.05920410505256454,0.028061284245977647,"(-1.2, 2.2043642384652356e-16)"
1.3,-1.1965376756171504,0.06812016578358522,-1.631010982574407,0.056836817334501855,0.025722739465820488,"(-1.2, 2.2043642384652356e-16)"
1.35,-1.1967018541414207,0.06539690767072519,-1.629832027703938,0.05456405167173567,0.023579097409381355,"(-1.2, 2.2043642384652356e-16)"
1.4000000000000001,-1.1968563849239584,0.06278236741535936,-1.6287513221704004,0.05238205994299987,0.021614110670752917,"(-1.2, 2.2043642384652356e-16)"
1.4500000000000002,-1.197002023195325,0.06027222694875903,-1.6277606778173495,0.0502872376181122,0.01981288706101869,"(-1.2, 2.2043642384652356e-16)"
1.5,-1.1971394497338779,0.05786233625239716,-1.6268525889982257,0.04827611923885407,0.018161776382476513,"(-1.2, 2.2043642384652356e-16)"
1.55,-1.197269279136428,0.05554870738888968,-1.6260201756629613,0.04634537384387548,0.016648266705286963,"(-1.2, 2.2043642384652356e-16)"
1.6,-1.1973920671266876,0.053327508644216946,-1.6252571311960042,0.0444918003856336,0.015260889339143158,"(-1.2, 2.2043642384652356e-16)"
1.6500000000000001,-1.1975083170149063,0.05119505879923916,-1.6245576746078194,0.042712323176603874,0.013989131763698093,"(-1.2, 2.2043642384652356e-16)"
1.7000000000000002,-1.197618485408774,0.04914782154372066,-1.6239165067155539,0.04100398739337571,0.0128233578453113,"(-1.2, 2.2043642384652356e-16)"
0.0,-1.1980511735830617,0.04101002685701421,-1.612457970895443,0.1629857925331607,0.22917071640221887,"(-1.1897338336485725, -0.15529142706151208)"
0.05,-1.198377347716022,0.03318543410550306,-1.6019571511934938,0.1566277641952579,0.21001639403898154,"(-1.1897338336485725, -0.15529142706151208)"
0.1,-1.1986117838425994,0.02566444429651224,-1.592333584851167,0.15049285432124457,0.1924713268465339,"(-1.1897338336485725, -0.15529142706151208)"
0.15000000000000002,-1.1987674626744609,0.018437212306832193,-1.5835136647473105,0.1445781700414615,0.17639840207713198,"(-1.1897338336485725, -0.15529142706151208)"
0.2,-1.1988557693414805,0.011493785414655525,-1.5754300334108091,0.13887976825217163,0.16167262673002558,"(-1.1897338336485725, -0.15529142706151208)"
0.25,-1.1988866744143696,0.004824210868726103,-1.5680210355461928,0.1333929229715579,0.14817995729232536,"(-1.1897338336485725, -0.15529142706151208)"
0.30000000000000004,-1.198868896984602,-0.0015813813853753043,-1.5612302223388845,0.1281123384577974,0.13581626414616632,"(-1.1897338336485725, -0.15529142706151208)"
0.35000000000000003,-1.1988100508815234,-0.007732715852711483,-1.555005901800245,0.12303231866934088,0.12448641077279332,"(-1.1897338336485725, -0.15529142706151208)"
0.4,-1.1987167752684171,-0.013639324486669598,-1.5493007302219146,0.11814690160092882,0.11410343156660452,"(-1.1897338336485725, -0.15529142706151208)"
0.45,-1.1985948509239825,-0.019310512286803652,-1.5440713404735076,0.11344996537708617,0.10458779496814063,"(-1.1897338336485725, -0.15529142706151208)"
0.5,-1.1984493035153327,-0.024755332877379677,-1.5392780034277629,0.10893531165187034,0.09586674091489222,"(-1.1897338336485725, -0.15529142706151208)"
0.55,-1.1982844951261942,-0.02998257195970293,-1.534884319256244,0.10459673078810458,0.08787368343037562,"(-1.1897338336485725, -0.15529142706151208)"
0.6000000000000001,-1.198104205235722,-0.035000736946864085,-1.5308569357247401,0.10042805242157493,0.08054767063007895,"(-1.1897338336485725, -0.15529142706151208)"
0.65,-1.1979117022605967,-0.03981805142575003,-1.527165290944859,0.09642318431563292,0.07383289559762253,"(-1.1897338336485725, -0.15529142706151208)"
0.7000000000000001,-1.197709806683638,-0.044442453362668326,-1.5237813783179674,0.09257614184695566,0.06767825253783166,"(-1.1897338336485725, -0.15529142706151208)"
0.75,-1.1975009467013404,-0.048881596187820314,-1.5206795316483432,0.08888107000774409,0.06203693339248306,"(-1.1897338336485725, -0.15529142706151208)"
0.8,-1.1972872072339327,-0.053142852070056174,-1.5178362286110356,0.08533225944229404,0.056866060746153524,"(-1.1897338336485725, -0.15529142706151208)"
0.8500000000000001,-1.1970703730569723,-0.05723331683497854,-1.515229910941937,0.08192415773962991,0.05212635338197381,"(-1.1897338336485725, -0.15529142706151208)"
0.9,-1.1968519667343405,-0.06115981609315556,-1.5128408198773076,0.07865137696500998,0.04778182129258679,"(-1.1897338336485725, -0.15529142706151208)"
0.9500000000000001,-1.1966332819594505,-0.06492891223634696,-1.510650845510959,0.07550869822050685,0.043799487326971476,"(-1.1897338336485725, -0.15529142706151208)"
1.0,-1.1964154128447302,-0.06854691203261114,-1.5086433888623219,0.07249107386959198,0.04014913297274325,"(-1.1897338336485725, -0.15529142706151208)"
1.05,-1.1961992796389098,-0.07201987460949007,-1.5068032355599914,0.06959362793549342,0.03680306604660899,"(-1.1897338336485725, -0.15529142706151208)"
1.1,-1.1959856512971025,-0.07535361966102615,-1.5051164401449457,0.06681165508222241,0.033735908300913664,"(-1.1897338336485725, -0.15529142706151208)"
1.1500000000000001,-1.1957751652797417,-0.07855373575146563,-1.5035702200870182,0.06414061850588629,0.030924401158549664,"(-1.1897338336485725, -0.15529142706151208)"
1.2000000000000002,-1.1955683449127306,-0.08162558861801351,-1.5021528586886719,0.061576146998425015,0.028347227966927235,"(-1.1897338336485725, -0.15529142706151208)"
1.25,-1.195365614602227,-0.0845743293984291,-1.5008536161227475,0.05911403139317362,0.025984851318489596,"(-1.1897338336485725, -0.15529142706151208)"
1.3,-1.1951673131628977,-0.08740490272780126,-1.4996626479165616,0.056750220559194334,0.023819364123717768,"(-1.1897338336485725, -0.15529142706151208)"
1.35,-1.1949737054878014,-0.0901220546634921,-1.4985709302542791,0.05448081707715014,0.021834353245647756,"(-1.1897338336485725, -0.15529142706151208)"
1.4000000000000001,-1.1947849927609069,-0.09273034040877039,-1.4975701915235629,0.052302072702002315,0.020014774614327543,"(-1.1897338336485725, -0.15529142706151208)"
1.4500000000000002,-1.1946013213892523,-0.09523413181470078,-1.496652849581667,0.050210383695711285,0.018346838837913215,"(-1.1897338336485725, -0.15529142706151208)"
1.5,-1.1944227908105414,-0.0976376246469166,-1.4958119542609107,0.04820228609536145,0.016817906415128592,"(-1.1897338336485725, -0.15529142706151208)"
1.55,-1.1942494603132758,-0.09994484560938688,-1.4950411346742578,0.04627445096787043,0.015416391733059642,"(-1.1897338336485725, -0.15529142706151208)"
1.6,-1.194081354990024,-0.10215965912151768,-1.4943345509189545,0.04442367969100613,0.01413167510606439,"(-1.1897338336485725, -0.15529142706151208)"
1.6500000000000001,-1.1939184709298902,-0.10428577384816194,-1.4936868498101412,0.04264689929126966,0.012954022176264735,"(-1.1897338336485725, -0.15529142706151208)"
1.7000000000000002,-1.1937607797434524,-0.10632674898456022,-1.4930931243073968,0.04094115786186875,0.011874510054890042,"(-1.1897338336485725, -0.15529142706151208)"
0.0,-1.1931528870611132,-0.11413426177502713,-1.4806765897479492,0.15662284569825166,0.24833069118895323,"(-1.159110991546882, -0.2999999999999995)"
0.05,-1.1924754729502227,-0.12163072427361213,-1.4692983762352771,0.1505401472967591,0.2275642702534425,"(-1.159110991546882, -0.2999999999999995)"
0.1,-1.1917425700917468,-0.1288267747989921,-1.4588711261299303,0.14466553115899258,0.20854500210693738,"(-1.159110991546882, -0.2999999999999995)"
0.15000000000000002,-1.1909663271007414,-0.1357331629878547,-1.4493149530324416,0.13899748342519894,0.1911234619497726,"(-1.159110991546882, -0.2999999999999995)"
0.2,-1.1901572305640231,-0.1423606191092636,-1.4405567750060715,0.13353323458514688,0.17516356052740156,"(-1.159110991546882, -0.2999999999999995)"
0.25,-1.1893243046903195,-0.14871975556684972,-1.4325297135809425,0.12826906407592736,0.1605412285025798,"(-1.159110991546882, -0.2999999999999995)"
0.30000000000000004,-1.1884752898367235,-0.1548209938514297,-1.4251725506865973,0.12320054354888389,0.14714325788690308,"(-1.159110991546882, -0.2999999999999995)"
0.35000000000000003,-1.1876168014426631,-0.16067451152950976,-1.418429236867659,0.11832273074998229,0.13486627637876555,"(-1.159110991546882, -0.2999999999999995)"
0.4,-1.1867544710200029,-0.16629020493046398,-1.4122484451141897,0.11363032364886778,0.12361583506938557,"(-1.159110991546882, -0.2999999999999995)"
0.45,-1.1858930708655864,-0.17167766406870738,-1.4065831654347019,0.10911778258793768,0.11330559358975756,"(-1.159110991546882, -0.2999999999999995)"
0.5,-1.1850366241161114,-0.17684615704286494,-1.401390335954087,0.1047794267184203,0.10385658961229893,"(-1.159110991546882, -0.2999999999999995)"
0.55,-1.1841885016796212,-0.1818046217222177,-1.3966305068606544,0.10060950977649553,0.09519658186864897,"(-1.159110991546882, -0.2999999999999995)"
0.6000000000000001,-1.1833515074703664,-0.18656166298707022,-1.392267533978962,0.09660227927297704,0.08725945763384646,"(-1.159110991546882, -0.2999999999999995)"
0.65,-1.182527953256095,-0.19112555415525323,-1.3882682991259807,0.09275202237981198,0.07998469705962685,"(-1.159110991546882, -0.2999999999999995)"
0.7000000000000001,-1.1817197243067745,-0.19550424151913587,-1.3846024547312525,0.08905310115912923,0.07331688789456337,"(-1.159110991546882, -0.2999999999999995)"
0.75,-1.1809283369164087,-0.1997053511504974,-1.3812421904779328,0.08549997926630971,0.06720528506639178,"(-1.159110991546882, -0.2999999999999995)"
0.8,-1.1801549887580836,-0.20373619731598236,-1.3781620199595,0.08208724184375978,0.06160341036865857,"(-1.159110991546882, -0.2999999999999995)"
0.8500000000000001,-1.1794006029284283,-0.20760379199303727,-1.3753385855532143,0.07880960998753438,0.05646868812571204,"(-1.159110991546882, -0.2999999999999995)"
0.9,-1.1786658664421712,-0.21131485509280204,-1.372750479891477,0.07566195089917525,0.05176211323474844,"(-1.159110991546882, -0.2999999999999995)"
0.9500000000000001,-1.1779512638506349,-0.2148758250885415,-1.3703780824703373,0.07263928461758741,0.047447948422794095,"(-1.159110991546882, -0.2999999999999995)"
1.0,-1.1772571065797084,-0.2182928698207888,-1.3682034100739897,0.06973678805038068,0.0434934479269522,"(-1.159110991546882, -0.2999999999999995)"
1.05,-1.1765835585126558,-0.2215718973074009,-1.3662099798179352,0.066949796882703,0.03986860512109002,"(-1.159110991546882, -0.2999999999999995)"
1.1,-1.175930658280526,-0.2247185664313794,-1.3643826837238393,0.06427380582761542,0.03654592188192085,"(-1.159110991546882, -0.2999999999999995)"
1.1500000000000001,-1.1752983386673195,-0.22773829741413773,-1.3627076738378425,0.06170446759020356,0.033500197719935065,"(-1.159110991546882, -0.2999999999999995)"
1.2000000000000002,-1.1746864434878117,-0.2306362820089348,-1.361172256992707,0.05923759084360536,0.030708336902713906,"(-1.159110991546882, -0.2999999999999995)"
1.25,-1.1740947422523982,-0.23341749337007664,-1.35976479839397,0.05686913745551081,0.028149171974740095,"(-1.159110991546882, -0.2999999999999995)"
1.3,-1.1735229428949348,-0.23608669556950695,-1.3584746332823225,0.05459521915567029,0.025803302232950683,"(-1.159110991546882, -0.2999999999999995)"
1.35,-1.1729707028057303,-0.23864845274460234,-1.3572919859895989,0.05241209379628738,0.02365294585447486,"(-1.159110991546882, -0.2999999999999995)"
1.4000000000000001,-1.1724376383820987,-0.24110713787017926,-1.3562078957648576,0.05031616132605884,0.021681804494824708,"(-1.159110991546882, -0.2999999999999995)"
1.4500000000000002,-1.171923333282731,-0.24346694115456188,-1.355214148800692,0.04830395957359494,0.019874939283311414,"(-1.159110991546882, -0.2999999999999995)"
1.5,-1.1714273455491857,-0.2457318780645709,-1.3543032159387012,0.046372159915831414,0.018218657239815198,"(-1.159110991546882, -0.2999999999999995)"
1.55,-1.170949213737629,-0.24790579698788312,-1.353468195577484,0.044517562890875384,0.016700407224341518,"(-1.159110991546882, -0.2999999999999995)"
1.6,-1.1704884621862708,-0.24999238654370615,-1.3527027613470137,0.042737093801748234,0.015308684609408041,"(-1.159110991546882, -0.2999999999999995)"
1.6500000000000001,-1.1700446055284208,-0.25199518255436304,-1.352001114150191,0.04102779834707591,0.014032943936452824,"(-1.159110991546882, -0.2999999999999995)"
0.0,-1.1684689111587467,-0.259081581764683,-1.3365597014311863,0.14518934742555367,0.3088282543800952,"(-1.1086554390135444, -0.42426406871192796)"
0.05,-1.1668483445406603,-0.2658730867306677,-1.3224120067240144,0.13964351165256642,0.28295389414343897,"(-1.1086554390135444, -0.42426406871192796)"
0.1,-1.1651979232537977,-0.27238050264022123,-1.3094486226584967,0.13426891262543256,0.2592676813103512,"(-1.1086554390135444, -0.42426406871192796)"
0.15000000000000002,-1.1635304699581497,-0.27861478539120343,-1.2975696277847535,0.129068480912052,0.2375798974748633,"(-1.1086554390135444, -0.42426406871192796)"
0.2,-1.161856880901176,-0.2845868747192668,-1.2866837108171088,0.1240431397119411,0.21771833935289475,"(-1.1086554390135444, -0.42426406871192796)"
0.25,-1.1601863672309995,-0.2903075709566639,-1.276707387647536,0.11919225035683373,0.1995264633914534,"(-1.1086554390135444, -0.42426406871192796)"
0.30000000000000004,-1.1585266703251305,-0.29578744588083616,-1.267564298780155,0.11451396946036425,0.1828617773476232,"(-1.1086554390135444, -0.42426406871192796)"
0.35000000000000003,-1.1568842528614633,-0.30103678004099943,-1.259184576953341,0.11000553486078016,0.16759443653628023,"(-1.1086554390135444, -0.42426406871192796)"
0.4,-1.1552644676164048,-0.30606552051674996,-1.251504276396421,0.10566349419276502,0.15360601113840022,"(-1.1086554390135444, -0.42426406871192796)"
0.45,-1.1536717060611605,-0.3108832543261118,-1.2444648565124194,0.10148388725257336,0.14078839768003393,"(-1.1086554390135444, -0.42426406871192796)"
0.5,-1.152109528802679,-0.31549919371492396,-1.2380127138619235,0.09746239116316416,0.12904285300992024,"(-1.1086554390135444, -0.42426406871192796)"
0.55,-1.1505807798230991,-0.3199221703707107,-1.2320987572031015,0.0935944356042621,0.1182791331764399,"(-1.1086554390135444, -0.42426406871192796)"
0.6000000000000001,-1.1490876863399906,-0.3241606362505517,-1.226678021063085,0.08987529396642335,0.1084147228003285,"(-1.1086554390135444, -0.42426406871192796)"
0.65,-1.1476319459589366,-0.328222669225777,-1.22170931391005,0.08630015515362323,0.09937414306069538,"(-1.1086554390135444, -0.42426406871192796)"
0.7000000000000001,-1.1462148026331092,-0.3321159821526884,-1.2171548974894266,0.08286417984338755,0.09108832841246807,"(-1.1086554390135444, -0.42426406871192796)"
0.75,-1.1448371127897796,-0.3358479342992597,-1.2129801943019043,0.07956254427483198,0.08349406375044444,"(-1.1086554390135444, -0.42426406871192796)"
0.8,-1.1434994028362897,-0.33942554431016286,-1.20915352055098,0.07639047403906019,0.07653347501848429,"(-1.1086554390135444, -0.42426406871192796)"
0.8500000000000001,-1.142201919120758,-0.34285550409045135,-1.2056458421859477,0.07334326986565745,0.07015356730064704,"(-1.1086554390135444, -0.42426406871192796)"
0.9,-1.1409446712971218,-0.34614419314300027,-1.2024305519220984,0.07041632701126226,0.06430580527698848,"(-1.1086554390135444, -0.42426406871192796)"
0.9500000000000001,-1.1397274699304127,-0.34929769301534297,-1.1994832653410303,0.0676051495434601,0.05894573162135874,"(-1.1086554390135444, -0.42426406871192796)"
1.0,-1.1385499590762356,-0.35232180160502463,-1.196781634366383,0.0649053605610244,0.05403261949294414,"(-1.1086554390135444, -0.42426406871192796)"
1.05,-1.1374116444776798,-0.3552220471447385,-1.1943051765787651,0.06231270918814238,0.049529155752358056,"(-1.1086554390135444, -0.42426406871192796)"
1.1,-1.136311917942528,-0.3580037017438733,-1.192035118981987,0.0598230750162682,0.04540115193556127,"(-1.1086554390135444, -0.42426406871192796)"
1.1500000000000001,-1.1352500783927535,-0.360671794405294,-1.1899542549640008,0.05743247053502901,0.041617280359729225,"(-1.1086554390135444, -0.42426406871192796)"
1.2000000000000002,-1.1342253500159951,-0.3632311234680689,-1.1880468133127022,0.05513704198702774,0.038148833025970504,"(-1.1086554390135444, -0.42426406871192796)"
1.25,-1.1332368978940464,-0.3656862684507159,-1.1862983382510055,0.05293306899548409,0.03496950123393571,"(-1.1086554390135444, -0.42426406871192796)"
1.3,-1.1322838414355607,-0.3680416012871538,-1.1846955795490257,0.05081696324442776,0.032055174039596346,"(-1.1086554390135444, -0.42426406871192796)"
1.35,-1.1313652658983573,-0.3703012969603321,-1.1832263918552208,0.04878526643538726,0.02938375387609715,"(-1.1086554390135444, -0.42426406871192796)"
1.4000000000000001,-1.1304802322501886,-0.3724693435475787,-1.1818796424640767,0.04683464769959262,0.026934987822881395,"(-1.1086554390135444, -0.42426406871192796)"
1.4500000000000002,-1.129627785584964,-0.3745495516979274,-1.1806451268063816,0.044961900608536644,0.024690313153904464,"(-1.1086554390135444, -0.42426406871192796)"
1.5,-1.1288069622836225,-0.3765455635657461,-1.179513491010137,0.043163939896621,0.022632715924889024,"(-1.1086554390135444, -0.42426406871192796)"
1.55,-1.1280167960846141,-0.3784608612274175,-1.1784761609364185,0.04143779798618353,0.02074660147437013,"(-1.1086554390135444, -0.42426406871192796)"
0.0,-1.1255029380817712,-0.3845363616217881,-1.1573322322726574,0.13150085490285704,0.42287857327522493,"(-1.0392304845413263, -0.5196152422706632)"
0.05,-1.122957889627594,-0.39033696374994437,-1.1379680397202194,0.126687421132929,0.3872838510487592,"(-1.0392304845413263, -0.5196152422706632)"
0.1,-1.1203997211419006,-0.3958735419738288,-1.1202311740325734,0.12198020237790436,0.3547373137529198,"(-1.0392304845413263, -0.5196152422706632)"
0.15000000000000002,-1.1178436688784852,-0.40115734600825165,-1.1039828758902068,0.1173916321506678,0.3249659628473331,"(-1.0392304845413263, -0.5196152422706632)"
0.2,-1.1153024917426375,-0.4061997284103372,-1.089096677628049,0.11293042375660715,0.29772396524315514,"(-1.0392304845413263, -0.5196152422706632)"
0.25,-1.1127867940483573,-0.41101194582997214,-1.0754572098346458,0.10860234137963017,0.2727893558680683,"(-1.0392304845413263, -0.5196152422706632)"
0.30000000000000004,-1.1103053140983095,-0.41560501732389166,-1.0629591468706348,0.1044108203027748,0.24996125928022112,"(-1.0392304845413263, -0.5196152422706632)"
0.35000000000000003,-1.1078651799462584,-0.4199896264824981,-1.0515062704427907,0.1003574653999218,0.22905752855688133,"(-1.0392304845413263, -0.5196152422706632)"
0.4,-1.1054721345443375,-0.4241760569195353,-1.0410106343197831,0.09644245144086054,0.2099127224601524,"(-1.0392304845413263, -0.5196152422706632)"
0.45,-1.1031307328969946,-0.4281741529305482,-1.0313918163610378,0.09266484422359285,0.1923763591749078,"(-1.0392304845413263, -0.5196152422706632)"
0.5,-1.100844513987167,-0.4319932989295244,-1.022576246455509,0.08902285788526361,0.17631139811057517,"(-1.0392304845413263, -0.5196152422706632)"
0.55,-1.0986161502099805,-0.43564241270624054,-1.0144966008865413,0.08551406078276466,0.1615929113793546,"(-1.0392304845413263, -0.5196152422706632)"
0.6000000000000001,-1.0964475769146635,-0.4391299486798037,-1.0070912551683804,0.08213553994236396,0.14810691436321546,"(-1.0392304845413263, -0.5196152422706632)"
0.65,-1.094340104463221,-0.4424639082154742,-1.0003037886272468,0.07888403214612577,0.13574933082267263,"(-1.0392304845413263, -0.5196152422706632)"
0.7000000000000001,-1.0922945149957202,-0.4456518547705706,-0.9940825349921816,0.07575602816331212,0.12442507270130354,"(-1.0392304845413263, -0.5196152422706632)"
0.75,-1.0903111458666932,-0.44870093218063256,-0.9883801740693031,0.07274785537602417,0.11404721845756971,"(-1.0392304845413263, -0.5196152422706632)"
0.8,-1.0883899614975383,-0.4516178848210073,-0.9831533602369344,0.06985574303226436,0.10453627664737286,"(-1.0392304845413263, -0.5196152422706632)"
0.8500000000000001,-1.0865306151831196,-0.4544090787072904,-0.9783623840485479,0.06707587353964786,0.09581952376772979,"(-1.0392304845413263, -0.5196152422706632)"
0.9,-1.084732502200826,-0.45708052285107326,-0.9739708636889849,0.06440442255138816,0.08783040719126001,"(-1.0392304845413263, -0.5196152422706632)"
0.9500000000000001,-1.0829948053987135,-0.4596378903815117,-0.9699454634151156,0.061837590062396613,0.08050800547738712,"(-1.0392304845413263, -0.5196152422706632)"
1.0,-1.0813165342861517,-0.4620865390912287,-0.9662556364391338,0.059371624302718945,0.07379653951963577,"(-1.0392304845413263, -0.5196152422706632)"
1.05,-1.0796965585149114,-0.4644315311771825,-0.9628733899921061,0.05700283986817386,0.06764492894055313,"(-1.0392304845413263, -0.5196152422706632)"
1.1,-1.078133636519634,-0.46667765203138606,-0.9597730705459064,0.05472763124788059,0.06200638892399468,"(-1.0392304845413263, -0.5196152422706632)"
1.1500000000000001,-1.0766264399826733,-0.46882942799905775,-0.9569311673801324,0.05254248268239847,0.05683806331548025,"(-1.0392304845413263, -0.5196152422706632)"
1.2000000000000002,-1.0751735746978512,-0.4708911430678497,-0.9543261328624693,0.05044397510397071,0.05210069035326309,"(-1.0392304845413263, -0.5196152422706632)"
1.25,-1.0737735983292098,-0.4728668544851026,-0.9519382179705896,0.04842879076341961,0.047758297837595665,"(-1.0392304845413263, -0.5196152422706632)"
1.3,-1.0724250354929445,-0.47476040732362734,-0.9497493217245462,0.04649371602976531,0.04377792492086835,"(-1.0392304845413263, -0.5196152422706632)"
1.35,-1.0711263905320292,-0.47657544803266133,-0.9477428533235492,0.0446356427531253,0.04012936801993828,"(-1.0392304845413263, -0.5196152422706632)"
1.4000000000000001,-1.0698761583024143,-0.47831543702120793,-0.9459036058923163,0.0428515685044597,0.03678494862465853,"(-1.0392304845413263, -0.5196152422706632)"
1.4500000000000002,-1.0686728332460178,-0.4799836603273609,-0.9442176408417241,0.041138595943681064,0.033719301011844165,"(-1.0392304845413263, -0.5196152422706632)"
0.0,-1.0651766864238974,-0.48481334196976905,-0.9145132253346637,0.11924574184235905,0.5940883101412064,"(-0.9520240083494829, -0.5795554957734407)"
0.05,-1.0616595316609643,-0.48938008921359305,-0.887333030402558,0.11528323037701065,0.5436038986421149,"(-0.9520240083494829, -0.5795554957734407)"
0.1,-1.0581446000215051,-0.4936960367842731,-0.862455364414216,0.11132321925443886,0.4975533197668392,"(-0.9520240083494829, -0.5795554957734407)"
0.15000000000000002,-1.0546511523226856,-0.49777407990399797,-0.8396796564382004,0.1073957401589515,0.45551415952031077,"(-0.9520240083494829, -0.5795554957734407)"
0.2,-1.0511950030887152,-0.501627387518822,-0.8188240736459997,0.1035238080867091,0.41711165584401266,"(-0.9520240083494829, -0.5795554957734407)"
0.25,-1.0477889989562277,-0.5052690542391693,-0.7997234854377158,0.09972482269246295,0.38201176416567983,"(-0.9520240083494829, -0.5795554957734407)"
0.30000000000000004,-1.0444434471250872,-0.5087118581043959,-0.7822277095311823,0.09601169826488179,0.3499155181306718,"(-0.9520240083494829, -0.5795554957734407)"
0.35000000000000003,-1.0411664936961402,-0.5119680982750343,-0.7661999895385001,0.09239377430188,0.32055439985364226,"(-0.9520240083494829, -0.5795554957734407)"
0.4,-1.0379644542457498,-0.5150494924517842,-0.7515156643757372,0.0888775488284068,0.29368650325525825,"(-0.9520240083494829, -0.5795554957734407)"
0.45,-1.0348421003456234,-0.5179671183907386,-0.73806099810367,0.08546726858229257,0.269093325441346,"(-0.9520240083494829, -0.5795554957734407)"
0.5,-1.031802906351196,-0.520731387510553,-0.7257321451297875,0.08216540367459726,0.24657705947765063,"(-0.9520240083494829, -0.5795554957734407)"
0.55,-1.028849260929003,-0.5233520414384285,-0.7144342305912413,0.07897302904088432,0.22595829077092178,"(-0.9520240083494829, -0.5795554957734407)"
0.6000000000000001,-1.0259826476590423,-0.5258381645668841,-0.7040805295373479,0.07589013071369906,0.20707402107786876,"(-0.9520240083494829, -0.5795554957734407)"
0.65,-1.0232037987554063,-0.52819820741872,-0.6945917315005273,0.07291585147755032,0.18977596073641217,"(-0.9520240083494829, -0.5795554957734407)"
0.7000000000000001,-1.020512825577713,-0.5304400169478661,-0.6858952793819811,0.07004868766232825,0.17392904237092358,"(-0.9520240083494829, -0.5795554957734407)"
0.75,-1.01790932920801,-0.532570870923958,-0.6779247734300964,0.06728664656373722,0.15941011903769456,"(-0.9520240083494829, -0.5795554957734407)"
0.8,-1.0153924939740084,-0.5345975143266452,-0.6706194325666276,0.06462737214761821,0.14610681726937638,"(-0.9520240083494829, -0.5795554957734407)"
0.8500000000000001,-1.0129611664277232,-0.5365261962659729,-0.6639236065024262,0.06206824521577523,0.1339165212840282,"(-0.9520240083494829, -0.5795554957734407)"
0.9,-1.0106139219482682,-0.5383627063903778,-0.6577863330450667,0.05960646301660129,0.12274546914718826,"(-0.9520240083494829, -0.5795554957734407)"
0.9500000000000001,-1.0083491208325503,-0.5401124100773399,-0.6521609357842498,0.057239102319745036,0.11250794521633717,"(-0.9520240083494829, -0.5795554957734407)"
1.0,-1.006164955468431,-0.5417802819496216,-0.6470046579850536,0.054963169195984846,0.10312555598392503,"(-0.9520240083494829, -0.5795554957734407)"
1.05,-1.0040594899500412,-0.5433709374425384,-0.6422783290530002,0.05277563811561252,0.0945265786410679,"(-0.9520240083494829, -0.5795554957734407)"
1.1,-1.0020306932917216,-0.5448886622805097,-0.6379460603809762,0.05067348247201439,0.08664537344048123,"(-0.9520240083494829, -0.5795554957734407)"
1.1500000000000001,-1.0000764672224003,-0.5463374398163097,-0.6339749677637537,0.04865369822841131,0.07942185234444926,"(-0.9520240083494829, -0.5795554957734407)"
1.2000000000000002,-0.9981946693928302,-0.5477209762532685,-0.6303349178847991,0.04671332205599498,0.07280099757909275,"(-0.9520240083494829, -0.5795554957734407)"
1.25,-0.996383132700838,-0.549042723816279,-0.6269982966528861,0.044849445065723005,0.06673242463825779,"(-0.9520240083494829, -0.5795554957734407)"
1.3,-0.9946396813316147,-0.550305901967291,-0.623939797401133,0.04305922302151073,0.061169985035060825,"(-0.9520240083494829, -0.5795554957734407)"
1.35,-0.9929621440184164,-0.5515135167791789,-0.621136227165067,0.041339883749540875,0.05607140472132066,"(-0.9520240083494829, -0.5795554957734407)"
0.0,-0.9882235740541364,-0.5549045593383812,-0.5839790688135449,0.11653877456829248,0.7431431670304439,"(-0.8485281374238572, -0.6)"
0.05,-0.9835046538675314,-0.5580231540597853,-0.5500132050206341,0.11312619637187099,0.6793172758582144,"(-0.8485281374238572, -0.6)"
0.1,-0.9788324790525583,-0.560887773684556,-0.5189505532400114,0.1096088739040588,0.6212530356124556,"(-0.8485281374238572, -0.6)"
0.15000000000000002,-0.9742286455545756,-0.563517341501116,-0.4905322473273524,0.10603755896669093,0.5683661182531796,"(-0.8485281374238572, -0.6)"
0.2,-0.9697100910357616,-0.5659305750137608,-0.46452496254476666,0.10245200032414416,0.5201456956517151,"(-0.8485281374238572, -0.6)"
0.25,-0.9652898456359216,-0.5681455474898677,-0.44071784715644513,0.09888310768724526,0.47614230776643035,"(-0.8485281374238572, -0.6)"
0.30000000000000004,-0.9609776883532114,-0.5701794099803216,-0.4189199356075785,0.09535470006434975,0.43595823097733194,"(-0.8485281374238572, -0.6)"
0.35000000000000003,-0.9567807123823027,-0.5720482298374573,-0.39895794773809873,0.09188491706218248,0.3992397573895956,"(-0.8485281374238572, -0.6)"
0.4,-0.9527038065497838,-0.5737669124216181,-0.3806744004258277,0.08848735727170053,0.3656709462454206,"(-0.8485281374238572, -0.6)"
0.45,-0.9487500617060373,-0.5753491810236386,-0.36392597451279374,0.08517199591037482,0.3349685182606784,"(-0.8485281374238572, -0.6)"
0.5,-0.9449211113826923,-0.5768075964643312,-0.34858209229790454,0.0819459240628698,0.3068776442977838,"(-0.8485281374238572, -0.6)"
0.55,-0.9412174157363475,-0.5781536027473477,-0.3345236703268906,0.07881394382892672,0.2811684394202784,"(-0.8485281374238572, -0.6)"
0.6000000000000001,-0.9376384971139262,-0.5793975888645971,-0.321642019437479,0.07577904714582517,0.2576330177882329,"(-0.8485281374238572, -0.6)"
0.65,-0.9341831347073526,-0.5805489596511753,-0.3098378695806982,0.07284280073953121,0.23608299713561598,"(-0.8485281374238572, -0.6)"
0.7000000000000001,-0.9308495248460693,-0.5816162106738701,-0.29902050124790214,0.07000565535066097,0.21634736665592127,"(-0.8485281374238572, -0.6)"
0.75,-0.9276354125815183,-0.5826070036827525,-0.28910696869125413,0.06726719389297349,0.1982706511329599,"(-0.8485281374238572, -0.6)"
0.8,-0.9245381993892988,-0.5835282402907408,-0.2800214027594575,0.06462633037997964,0.18171131863593343,"(-0.8485281374238572, -0.6)"
0.8500000000000001,-0.9215550310714871,-0.584386132372837,-0.2716943832501658,0.06208146917372067,0.1665403901858356,"(-0.8485281374238572, -0.6)"
0.9,-0.9186828692893073,-0.5851862682726442,-0.2640623723336135,0.05963063226622507,0.15264021833104569,"(-0.8485281374238572, -0.6)"
0.9500000000000001,-0.9159185495928739,-0.5859336743278803,-0.2570672019253425,0.05727156081509793,0.1399034081654199,"(-0.8485281374238572, -0.6)"
1.0,-0.91325882833371,-0.5866328715236006,-0.250655608953026,0.055001795952318994,0.12823185944632928,"(-0.8485281374238572, -0.6)"
1.05,-0.9107004204388118,-0.5872879272853776,-0.24477881332945575,0.05281874291466693,0.11753591247140559,"(-0.8485281374238572, -0.6)"
1.1,-0.9082400296831531,-0.5879025025600052,-0.239392134153786,0.05071972176073082,0.1077335835133951,"(-0.8485281374238572, -0.6)"
1.1500000000000001,-0.9058743728118781,-0.588479894417211,-0.2344546402492176,0.04870200730720793,0.09874987809136752,"(-0.8485281374238572, -0.6)"
1.2000000000000002,-0.9036001986257951,-0.5890230744563941,-0.2299288316330017,0.04676286040700722,0.09051617232431822,"(-0.8485281374238572, -0.6)"
1.25,-0.9014143029467512,-0.5895347233278964,-0.2257803489237602,0.044899552280049645,0.08296965418482988,"(-0.8485281374238572, -0.6)"
1.3,-0.8993135402165575,-0.5900172616864029,-0.2219777080370605,0.04310938327557408,0.07605281773399433,"(-0.8485281374238572, -0.6)"
1.35,-0.8972948323487103,-0.5904728778903242,-0.21849205781498543,0.04138969717687568,0.06971300444150133,"(-0.8485281374238572, -0.6)"
0.0,-0.8910294356385853,-0.5918640253126178,-0.18300978997071587,0.12835963085923924,0.7096453568853913,"(-0.730513714810465, -0.579555495773441)"
0.05,-0.8849095649889772,-0.592996695227368,-0.15056714375719865,0.1244761148232289,0.6488529242703447,"(-0.730513714810465, -0.579555495773441)"
0.1,-0.8789524193532516,-0.5939004857591198,-0.1208915252368737,0.12050630099796271,0.5935123704064992,"(-0.730513714810465, -0.579555495773441)"
0.15000000000000002,-0.8731699187270207,-0.5946029666150374,-0.09373758692902454,0.11650028814606843,0.5430787661569834,"(-0.730513714810465, -0.579555495773441)"
0.2,-0.8675697538032714,-0.595129455504938,-0.06888388175640117,0.11249717814128632,0.49707410345246716,"(-0.730513714810465, -0.579555495773441)"
0.25,-0.8621562604791007,-0.5955029488665757,-0.04613005521803143,0.10852724498858062,0.45507653076739474,"(-0.730513714810465, -0.579555495773441)"
0.30000000000000004,-0.8569311405727575,-0.5957441550547953,-0.02529446698428052,0.1046136864103331,0.4167117646750182,"(-0.730513714810465, -0.579555495773441)"
0.35000000000000003,-0.8518940505327153,-0.5958715927423075,-0.006212158415979857,0.10077403720342168,0.38164617136601325,"(-0.730513714810465, -0.579555495773441)"
0.4,-0.8470430786913882,-0.595901728135509,0.011266898573052202,0.0970213088909271,0.34958113978064115,"(-0.730513714810465, -0.579555495773441)"
0.45,-0.84237512958436,-0.5958491326008121,0.027279321651357706,0.09336490808880006,0.3202484615661101,"(-0.730513714810465, -0.579555495773441)"
0.5,-0.8378862315300475,-0.5957266481226811,0.04194964675485825,0.08981137609321752,0.29340650207001084,"(-0.730513714810465, -0.579555495773441)"
0.55,-0.8335717813363674,-0.5955455522194313,0.05539149664528218,0.08636498410795818,0.2688369978084786,"(-0.730513714810465, -0.579555495773441)"
0.6000000000000001,-0.8294267378265241,-0.5953157169460992,0.06770861435143581,0.08302821195560534,0.24634235412307265,"(-0.730513714810465, -0.579555495773441)"
0.65,-0.8254457739288855,-0.5950457587334442,0.07899578162688639,0.0798021327807266,0.22574334550901148,"(-0.730513714810465, -0.579555495773441)"
0.7000000000000001,-0.8216233953802068,-0.5947431772872697,0.0893396387690082,0.0766867219301196,0.20687714284243627,"(-0.730513714810465, -0.579555495773441)"
0.75,-0.8179540326433657,-0.5944144827806485,0.0988194191819187,0.07368110469638782,0.18959560825820956,"(-0.730513714810465, -0.579555495773441)"
0.8,-0.8144321114217813,-0.59406531124484,0.10750760973442769,0.07078375478163343,0.17376381105017985,"(-0.730513714810465, -0.579555495773441)"
0.8500000000000001,-0.8110521061376261,-0.5937005284993008,0.11547054611706437,0.06799265305122372,0.15925872765273338,"(-0.730513714810465, -0.579555495773441)"
0.9,-0.8078085799028062,-0.5933243232277773,0.1227689509287595,0.06530541430015534,0.14596809623390258,"(-0.730513714810465, -0.579555495773441)"
0.9500000000000001,-0.8046962138242135,-0.5929402899572018,0.12945842103982283,0.0627193882625875,0.1337894022212668,"(-0.730513714810465, -0.579555495773441)"
1.0,-0.8017098279239154,-0.592551502765916,0.1355898698194487,0.06023173989054991,0.12262897559251743,"(-0.730513714810465, -0.579555495773441)"
1.05,-0.7988443954994107,-0.5921605805640373,0.14120992903415383,0.05783951295550317,0.1124011842941023,"(-0.730513714810465, -0.579555495773441)"
1.1,-0.7960950523804566,-0.5917697447703432,0.1463613145807077,0.05553968024168875,0.10302771093107779,"(-0.730513714810465, -0.579555495773441)"
1.1500000000000001,-0.7934571022416047,-0.5913808701700698,0.15108315968428823,0.05332918296695149,0.09443690207161078,"(-0.730513714810465, -0.579555495773441)"
1.2000000000000002,-0.7909260188903647,-0.590995529685701,0.1554113187473749,0.05120496155576252,0.08656318126173361,"(-0.730513714810465, -0.579555495773441)"
1.25,-0.7884974462589434,-0.5906150337344299,0.15937864465987225,0.04916397947694191,0.07934651824994705,"(-0.730513714810465, -0.579555495773441)"
1.3,-0.7861671966737945,-0.5902404647857378,0.16301524206257212,0.04720324152602518,0.07273194805399723,"(-0.730513714810465, -0.579555495773441)"
1.35,-0.7839312478544054,-0.5898727076732028,0.1663486987836814,0.045319807663968786,0.0666691344221855,"(-0.730513714810465, -0.579555495773441)"
1.4000000000000001,-0.7817857389948167,-0.5895124761579358,0.1694042974334188,0.04351080330752388,0.061111972994748326,"(-0.730513714810465, -0.579555495773441)"
1.4500000000000002,-0.7797269662034599,-0.5891603361879553,0.1722052089380013,0.041773426792107694,0.05601823009164966,"(-0.730513714810465, -0.579555495773441)"
1.5,-0.7777513775150244,-0.5888167262488596,0.17477266961646376,0.04010495458727978,0.051349213569249694,"(-0.730513714810465, -0.579555495773441)"
0.0,-0.7703823106190713,-0.5875155392341644,0.19933388317887074,0.14966126361118823,0.4912242712481397,"(-0.6000000000000005, -0.5196152422706635)"
0.05,-0.7633070837242975,-0.5860862256656257,0.2218205886638735,0.14436311563517865,0.44973410970005523,"(-0.6000000000000005, -0.5196152422706635)"
0.1,-0.756520351916255,-0.5845556016172674,0.24241208055911756,0.13914386599733056,0.41182983790488115,"(-0.6000000000000005, -0.5196152422706635)"
0.15000000000000002,-0.7500149828945816,-0.5829469881273407,0.26127122133436514,0.13402606234329542,0.37718281550495214,"(-0.6000000000000005, -0.5196152422706635)"
0.2,-0.7437826059325889,-0.5812805553228166,0.27854615898082274,0.1290263862756295,0.3454987529291523,"(-0.6000000000000005, -0.5196152422706635)"
0.25,-0.7378140374719474,-0.5795736585820477,0.29437181940859486,0.12415684588940354,0.31651320855544274,"(-0.6000000000000005, -0.5196152422706635)"
0.30000000000000004,-0.7320996080143741,-0.5778411569032923,0.30887121201955664,0.11942573607471973,0.2899878522192355,"(-0.6000000000000005, -0.5196152422706635)"
0.35000000000000003,-0.726629410578044,-0.5760957080248491,0.32215657883443566,0.11483841130857222,0.26570733629758064,"(-0.6000000000000005, -0.5196152422706635)"
0.4,-0.721393487212482,-0.5743480377910831,0.33433041145571757,0.11039790711065199,0.24347665242563807,"(-0.6000000000000005, -0.5196152422706635)"
0.45,-0.7163819668887944,-0.5726071831955902,0.3454863554358686,0.10610543940323135,0.2231188796030198,"(-0.6000000000000005, -0.5196152422706635)"
0.5,-0.7115851654467888,-0.5708807097612834,0.35571001795591617,0.10196080539774965,0.2044732504009518,"(-0.6000000000000005, -0.5196152422706635)"
0.55,-0.7069936561186926,-0.5691749046555241,0.3650796918516417,0.09796270508480032,0.18739347791451005,"(-0.6000000000000005, -0.5196152422706635)"
0.6000000000000001,-0.7025983173910689,-0.5674949473425086,0.3736670067657275,0.09410899872828798,0.17174629828171653,"(-0.6000000000000005, -0.5196152422706635)"
0.65,-0.6983903635466367,-0.5658450597555064,0.3815375164129449,0.09039691279377887,0.15741019294434833,"(-0.6000000000000005, -0.5196152422706635)"
0.7000000000000001,-0.6943613620874786,-0.5642286380059909,0.3887512295151466,0.08682320434124775,0.14427426204403407,"(-0.6000000000000005, -0.5196152422706635)"
0.75,-0.6905032413298594,-0.5626483675893126,0.39536309081244,0.08338429197445012,0.1322372259458654,"(-0.6000000000000005, -0.5196152422706635)"
0.8,-0.6868082907356241,-0.5611063239345976,0.40142341762472344,0.08007635987452552,0.12120653624566949,"(-0.6000000000000005, -0.5196152422706635)"
0.8500000000000001,-0.6832691559700657,-0.5596040600052675,0.40697829667652585,0.07689544018249903,0.11109758103604817,"(-0.6000000000000005, -0.5196152422706635)"
0.9,-0.6798788302217263,-0.5581426825027652,0.41206994527149743,0.07383747797608571,0.1018329718994318,"(-0.6000000000000005, -0.5196152422706635)"
0.9500000000000001,-0.6766306429616894,-0.5567229180706283,0.4167370403829899,0.07089838226370819,0.0933419022298497,"(-0.6000000000000005, -0.5196152422706635)"
1.0,-0.6735182470389558,-0.5553451707457557,0.4210150187922596,0.06807406575500584,0.08555956818539295,"(-0.6000000000000005, -0.5196152422706635)"
1.05,-0.6705356047886936,-0.5540095717625431,0.42493635103910943,0.0653604756317083,0.07842664493699705,"(-0.6000000000000005, -0.5196152422706635)"
1.1,-0.6676769736588019,-0.5527160226856054,0.4285307916381244,0.06275361711083226,0.07188881198029962,"(-0.6000000000000005, -0.5196152422706635)"
1.1500000000000001,-0.6649368917271996,-0.5514642327288831,0.4318256077467612,0.06024957124376523,0.06589632217273574,"(-0.6000000000000005, -0.5196152422706635)"
1.2000000000000002,-0.6623101633794221,-0.5502537510130778,0.43484578824133524,0.057844508113794456,0.060403609891480636,"(-0.6000000000000005, -0.5196152422706635)"
1.25,-0.6597918453370398,-0.5490839944191104,0.4376142349570022,0.05553469636801061,0.055368934313339134,"(-0.6000000000000005, -0.5196152422706635)"
1.3,-0.6573772331669886,-0.5479542716118816,0.4401519376730723,0.05331650983675618,0.050754054321402176,"(-0.6000000000000005, -0.5196152422706635)"
1.35,-0.655061848356047,-0.5468638037351506,0.4424781342713469,0.05118643184642378,0.0465239319654924,"(-0.6000000000000005, -0.5196152422706635)"
1.4000000000000001,-0.6528414260002278,-0.5458117422138699,0.4446104573593662,0.04914105771259448,0.042646461760385695,"(-0.6000000000000005, -0.5196152422706635)"
1.4500000000000002,-0.6507119031332105,-0.5447971840438907,0.44656506852984346,0.04717709580472693,0.039092223409545324,"(-0.6000000000000005, -0.5196152422706635)"
1.5,-0.6486694076991529,-0.5438191848996733,0.4483567813199872,0.045291367496404826,0.0358342558028761,"(-0.6000000000000005, -0.5196152422706635)"
1.55,-0.6467102481617041,-0.5428767703476655,0.4499991738380907,0.04348080625293363,0.03284785036207036,"(-0.6000000000000005, -0.5196152422706635)"
1.6,-0.6448309037315698,-0.5419689454155899,0.45150469193824405,0.04174245605794903,0.030110362003067243,"(-0.6000000000000005, -0.5196152422706635)"
1.6500000000000001,-0.6430280151885934,-0.541094702735307,0.452884743746072,0.040073469340318635,0.02760103615655929,"(-0.6000000000000005, -0.5196152422706635)"
0.0,-0.6352446917583602,-0.5373071981043591,0.46704846935213223,0.17311882040849302,0.28327451212120464,"(-0.4592201188381074, -0.4242640687119283)"
0.05,-0.6278132356429638,-0.5335598244329322,0.4800265302876082,0.16645642003643615,0.2595612187095193,"(-0.4592201188381074, -0.4242640687119283)"
0.1,-0.6207169396850633,-0.5298651765065733,0.4919189650179818,0.16000979922725186,0.2378486946074712,"(-0.4592201188381074, -0.4242640687119283)"
0.15000000000000002,-0.6139396331267983,-0.5262335188927886,0.5028171911270267,0.15378013032698515,0.2179645221808979,"(-0.4592201188381074, -0.4242640687119283)"
0.2,-0.6074657662718912,-0.5226731115239157,0.5128047894205534,0.14776664398623865,0.19975196587053323,"(-0.4592201188381074, -0.4242640687119283)"
0.25,-0.6012804607765032,-0.5191904946270414,0.5219582074637893,0.14196707297351982,0.18306836086471795,"(-0.4592201188381074, -0.4242640687119283)"
0.30000000000000004,-0.5953695343396409,-0.515790737137348,0.5303473928101982,0.13637800750960316,0.16778370692817707,"(-0.4592201188381074, -0.4242640687119283)"
0.35000000000000003,-0.5897195065946231,-0.512477652624421,0.5380363644941935,0.13099517931476265,0.15377943367990674,"(-0.4592201188381074, -0.4242640687119283)"
0.4,-0.5843175914470308,-0.5092539865266174,0.5450837300118822,0.12581368824085315,0.14094731035377422,"(-0.4592201188381074, -0.4242640687119283)"
0.45,-0.5791516798802793,-0.5061215781866104,0.5515431539273915,0.1208281826794432,0.12918847831018654,"(-0.4592201188381074, -0.4242640687119283)"
0.5,-0.5742103162905949,-0.5030815008511064,0.5574637833600371,0.11603300277300944,0.11841258865291165,"(-0.4592201188381074, -0.4242640687119283)"
0.55,-0.5694826706643346,-0.5001341824646489,0.5628906348855753,0.1114222937093821,0.1085370305107644,"(-0.4592201188381074, -0.4242640687119283)"
0.6000000000000001,-0.5649585083283605,-0.4972795097667862,0.5678649467892111,0.10699009496989842,0.09948623807271546,"(-0.4592201188381074, -0.4242640687119283)"
0.65,-0.5606281585533576,-0.49451691790247687,0.5724245001127802,0.10273041026417791,0.09119106647138416,"(-0.4592201188381074, -0.4242640687119283)"
0.7000000000000001,-0.5564824829424554,-0.4918454674818527,0.5766039115233619,0.09863726196662548,0.08358822821163348,"(-0.4592201188381074, -0.4242640687119283)"
0.75,-0.5525128442709674,-0.489263910778899,0.5804349006797548,0.09470473312931706,0.07661978312786032,"(-0.4592201188381074, -0.4242640687119283)"
0.8,-0.548711076239792,-0.4867707485390083,0.5839465344744875,0.09092699954861384,0.07023267589465419,"(-0.4592201188381074, -0.4242640687119283)"
0.8500000000000001,-0.5450694544510666,-0.4843642786713945,0.5871654502726713,0.08729835388105102,0.06437831596367655,"(-0.4592201188381074, -0.4242640687119283)"
0.9,-0.5415806687990189,-0.4820426379321137,0.5901160600474653,0.08381322341545272,0.059012195495879716,"(-0.4592201188381074, -0.4242640687119283)"
0.9500000000000001,-0.5382377973829755,-0.47980383755474015,0.5928207371191688,0.08046618279483143,0.05409354143406958,"(-0.4592201188381074, -0.4242640687119283)"
1.0,-0.5350342819863737,-0.4776457936563433,0.5952999870362148,0.07725196272891142,0.04958499834092023,"(-0.4592201188381074, -0.4242640687119283)"
1.05,-0.5319639051200826,-0.47556635313411494,0.5975726039877617,0.074165455534341,0.04545233903093804,"(-0.4592201188381074, -0.4242640687119283)"
1.1,-0.5290207685962157,-0.47356331567073734,0.5996558140060814,0.07120171817537511,0.041664200366393345,"(-0.4592201188381074, -0.4242640687119283)"
1.1500000000000001,-0.5261992735766904,-0.4716344523824825,0.601565406100017,0.06835597334537401,0.03819184187871195,"(-0.4592201188381074, -0.4242640687119283)"
1.2000000000000002,-0.5234941020265483,-0.46977752157138036,0.6033158523563796,0.06562360902272382,0.035008925127253954,"(-0.4592201188381074, -0.4242640687119283)"
1.25,-0.5209001994935477,-0.467990281980074,0.6049204179525908,0.06300017684876894,0.03209131192422193,"(-0.4592201188381074, -0.4242640687119283)"
1.3,-0.5184127591312752,-0.4662705038938568,0.6063912619397558,0.06048138960604436,0.029416879743299207,"(-0.4592201188381074, -0.4242640687119283)"
1.35,-0.5160272068818524,-0.4646159783876846,0.607739529579516,0.05806311801927391,0.026965352795204067,"(-0.4592201188381074, -0.4242640687119283)"
1.4000000000000001,-0.5137391877353318,-0.46302452497565694,0.6089754369494756,0.05574138705665446,0.024718147399191148,"(-0.4592201188381074, -0.4242640687119283)"
1.4500000000000002,-0.5115445529854298,-0.46149399788568307,0.6101083484699203,0.05351237187276011,0.022658230408897084,"(-0.4592201188381074, -0.4242640687119283)"
1.5,-0.5094393484048159,-0.4600222911520169,0.6111468479482141,0.051372393505290895,0.020769989565873614,"(-0.4592201188381074, -0.4242640687119283)"
1.55,-0.5074198032673795,-0.4586073426924112,0.6120988036860653,0.049317914414474695,0.019039114757024023,"(-0.4592201188381074, -0.4242640687119283)"
1.6,-0.505482320149455,-0.4572471375142264,0.6129714281482793,0.04734553393511505,0.017452489244281496,"(-0.4592201188381074, -0.4242640687119283)"
1.6500000000000001,-0.503623465446686,-0.45593971017445417,0.6137713326491693,0.045451983696161415,0.015998090017800004,"(-0.4592201188381074, -0.4242640687119283)"
1.7000000000000002,-0.5018399605479037,-0.45468314660184994,0.6145045774741071,0.04363412305055059,0.01466489649875835,"(-0.4592201188381074, -0.4242640687119283)"
1.75,-0.5001286736119801,-0.45347558537486143,0.6151767178183795,0.04188893454834456,0.013442806885446135,"(-0.4592201188381074, -0.4242640687119283)"
1.8,-0.49848661189801563,-0.4523152185364728,0.6157928458932614,0.0402135194784042,0.012322561497639661,"(-0.4592201188381074, -0.4242640687119283)"
0.0,-0.49060534557039737,-0.44673861897512335,0.6239652912245386,0.1930935748226664,0.1634489066255429,"(-0.3105828541230259, -0.3000000000000009)"
0.05,-0.48307939225510677,-0.44132059262774614,0.6314556686998605,0.1854669596502914,0.149807549506438,"(-0.3105828541230259, -0.3000000000000009)"
0.1,-0.4758904770271507,-0.43606300381836127,0.6383210543076229,0.17812663163413575,0.13730771215524795,"(-0.3105828541230259, -0.3000000000000009)"
0.15000000000000002,-0.4690213944284637,-0.43096657442329556,0.6446137131865395,0.17106476940208926,0.1258531775783331,"(-0.3105828541230259, -0.3000000000000009)"
0.2,-0.4624559551185381,-0.42603107175305255,0.6503815130787267,0.16427316267764747,0.11535599784374434,"(-0.3105828541230259, -0.3000000000000009)"
0.25,-0.45617892981621266,-0.42125546967937977,0.6556683004368881,0.15774336348905607,0.10573574716322781,"(-0.3105828541230259, -0.3000000000000009)"
0.30000000000000004,-0.450175992476082,-0.4166380866633772,0.6605142429650308,0.1514668051105641,0.09691885056285376,"(-0.3105828541230259, -0.3000000000000009)"
0.35000000000000003,-0.4444336640858087,-0.4121767038692952,0.6649561419028405,0.14543489509339794,0.08883797875619215,"(-0.3105828541230259, -0.3000000000000009)"
0.4,-0.43893925804706946,-0.40786866612762496,0.6690277169694792,0.13963908751089668,0.08143150133277294,"(-0.3105828541230259, -0.3000000000000009)"
0.45,-0.43368082778309686,-0.40371096813878615,0.6727598665485391,0.134070938547408,0.07464299158119969,"(-0.3105828541230259, -0.3000000000000009)"
0.5,-0.4286471169763558,-0.39970032798211336,0.6761809054107633,0.12872214875804078,0.0684207772444817,"(-0.3105828541230259, -0.3000000000000009)"
0.55,-0.42382751266244856,-0.3958332497100398,0.6793167820259581,0.12358459467907325,0.06271753230389754,"(-0.3105828541230259, -0.3000000000000009)"
0.6000000000000001,-0.4192120012765288,-0.39210607656016233,0.6821912773032001,0.1186503519467555,0.05748990554483885,"(-0.3105828541230259, -0.3000000000000009)"
0.65,-0.4147911276551365,-0.3885150361040198,0.6848261864133461,0.11391171166122392,0.052698182202921266,"(-0.3105828541230259, -0.3000000000000009)"
0.7000000000000001,-0.410555956930734,-0.38505627846690976,0.6872414851855421,0.1093611913927468,0.04830597544391857,"(-0.3105828541230259, -0.3000000000000009)"
0.75,-0.40649803921158284,-0.3817259085941806,0.6894554824262656,0.10499154195378403,0.04427994481447234,"(-0.3105828541230259, -0.3000000000000009)"
0.8,-0.4026093769107184,-0.3785200134027929,0.6914849593825626,0.10079575083966018,0.04058953912594005,"(-0.3105828541230259, -0.3000000000000009)"
0.8500000000000001,-0.3988823945706262,-0.37543468453954076,0.693345297458163,0.09676704306276233,0.03720676151200697,"(-0.3105828541230259, -0.3000000000000009)"
0.9,-0.39530991102169355,-0.3724660373665005,0.6950505951901806,0.0928988799618036,0.03410595464035354,"(-0.3105828541230259, -0.3000000000000009)"
0.9500000000000001,-0.3918851137102308,-0.3696102267077147,0.6966137754035077,0.08918495645216673,0.031263604266540686,"(-0.3105828541230259, -0.3000000000000009)"
1.0,-0.3886015350340087,-0.3668634598168017,0.6980466833784925,0.08561919709027163,0.028658159499696245,"(-0.3105828541230259, -0.3000000000000009)"
1.05,-0.38545303052847485,-0.36422200696136553,0.6993601767939375,0.08219575124994852,0.026269868308899935,"(-0.3105828541230259, -0.3000000000000009)"
1.1,-0.38243375875405156,-0.36168220996525985,0.700564208140927,0.07890898764844657,0.024080626939790017,"(-0.3105828541230259, -0.3000000000000009)"
1.1500000000000001,-0.37953816274340485,-0.35924048900264677,0.7016679002427109,0.07575348841112749,0.022073842035676416,"(-0.3105828541230259, -0.3000000000000009)"
1.2000000000000002,-0.37676095287674705,-0.3568933478972801,0.7026796154611427,0.07272404282481354,0.020234304368635936,"(-0.3105828541230259, -0.3000000000000009)"
1.25,-0.37409709106266187,-0.35463737814558294,0.7036070191204167,0.0698156408983361,0.01854807318548035,"(-0.3105828541230259, -0.3000000000000009)"
1.3,-0.37154177611133743,-0.3524692618520771,0.7044571376335562,0.06702346682357627,0.017002370262790556,"(-0.3105828541230259, -0.3000000000000009)"
1.35,-0.3690904301962381,-0.35038577373986174,0.7052364117758336,0.06434289241001484,0.015585482845549004,"(-0.3105828541230259, -0.3000000000000009)"
1.4000000000000001,-0.36673868630900924,-0.34838378237654183,0.7059507455116573,0.06176947054953906,0.014286674716472714,"(-0.3105828541230259, -0.3000000000000009)"
1.4500000000000002,-0.36448237662069394,-0.3464602507367693,0.706605550747096,0.059298928755219554,0.013096104708773813,"(-0.3105828541230259, -0.3000000000000009)"
1.5,-0.3623175216701009,-0.34461223620594844,0.7072057883488259,0.05692716280733569,0.012004752034598942,"(-0.3105828541230259, -0.3000000000000009)"
1.55,-0.3602403203073693,-0.3428368901153069,0.7077560057415954,0.05465023053159173,0.011004347855390062,"(-0.3105828541230259, -0.3000000000000009)"
1.6,-0.35824714032743166,-0.3411314568861257,0.7082603713700751,0.052464345727816296,0.010087312569596605,"(-0.3105828541230259, -0.3000000000000009)"
1.6500000000000001,-0.35633450973418435,-0.33949327285019076,0.7087227062869681,0.05036587226214751,0.009246698337858903,"(-0.3105828541230259, -0.3000000000000009)"
1.7000000000000002,-0.35449910858176226,-0.337919764804239,0.7091465131072973,0.048351318331508616,0.008476136406582735,"(-0.3105828541230259, -0.3000000000000009)"
1.75,-0.3527377613444031,-0.3364084483481295,0.7095350025486981,0.046417330905859755,0.007769788828015657,"(-0.3105828541230259, -0.3000000000000009)"
1.8,-0.3510474297710095,-0.33495692604950467,0.7098911177591418,0.04456069035109969,0.007122304208875273,"(-0.3105828541230259, -0.3000000000000009)"
1.85,-0.3494252061847053,-0.3335628854716688,0.7102175566166734,0.04277830523344572,0.006528777150631437,"(-0.3105828541230259, -0.3000000000000009)"
1.9000000000000001,-0.34786830719147,-0.3322240970961792,0.7105167921703168,0.04106720730452963,0.005984711072866966,"(-0.3105828541230259, -0.3000000000000009)"
0.0,-0.3399738617983419,-0.3254314979397799,0.7150228767271964,0.2082898666422335,0.09012169113759239,"(-0.15663143066406202, -0.15529142706151255)"
0.05,-0.3324234534852567,-0.31887547587656034,0.7191532813287389,0.199990090742243,0.08260809203084807,"(-0.15663143066406202, -0.15529142706151255)"
0.1,-0.32520015356967935,-0.3125509642655123,0.7229393523726989,0.1920161543086007,0.07572142087919925,"(-0.15663143066406202, -0.15529142706151255)"
0.15000000000000002,-0.31828804625008633,-0.30645253777786396,0.726409814924678,0.18435621304726596,0.06940925103958301,"(-0.15663143066406202, -0.15529142706151255)"
0.2,-0.31167215663878506,-0.30057450030604227,0.7295909932618015,0.17699866651369348,0.06362356674246977,"(-0.15663143066406202, -0.15529142706151255)"
0.25,-0.305338383671925,-0.2949109594183949,0.7325070125550139,0.16993219280852093,0.05832038586424838,"(-0.15663143066406202, -0.15529142706151255)"
0.30000000000000004,-0.2992734378220834,-0.28945588928167987,0.7351799833728352,0.1631457732924651,0.05345941635642615,"(-0.15663143066406202, -0.15529142706151255)"
0.35000000000000003,-0.29346478345344457,-0.28420318369965863,0.7376301705236119,0.1566287093807571,0.04900374301553351,"(-0.15663143066406202, -0.15529142706151255)"
0.4,-0.2879005856035725,-0.2791467006812816,0.7398761476072035,0.1503706330739567,0.044919541671833985,"(-0.15663143066406202, -0.15529142706151255)"
0.45,-0.2825696609415999,-0.27428029975066487,0.7419349385176572,0.14436151255668495,0.04117581820907351,"(-0.15663143066406202, -0.15529142706151255)"
0.5,-0.27746143263456563,-0.26959787303865584,0.743822147023302,0.1385916539335929,0.037744170112895,"(-0.15663143066406202, -0.15529142706151255)"
0.55,-0.27256588884721555,-0.26509337104819003,0.7455520754478556,0.13305169996053792,0.03459856849107268,"(-0.15663143066406202, -0.15529142706151255)"
0.6000000000000001,-0.2678735446024835,-0.26076082385929744,0.7471378333839261,0.12773262645863123,0.03171515872140985,"(-0.15663143066406202, -0.15529142706151255)"
0.65,-0.26337540673754256,-0.256594358431452,0.7485914372873573,0.12262573696161339,0.029072078068623775,"(-0.15663143066406202, -0.15529142706151255)"
0.7000000000000001,-0.25906294170184585,-0.2525882125683296,0.7499239017260684,0.11772265603649887,0.02664928877422007,"(-0.15663143066406202, -0.15529142706151255)"
0.75,-0.25492804595753166,-0.24873674603068394,0.7511453229894115,0.11301532162844458,0.02442842526686362,"(-0.15663143066406202, -0.15529142706151255)"
0.8,-0.25096301875788535,-0.2450344492150224,0.7522649557028102,0.10849597670917147,0.022392654267974488,"(-0.15663143066406202, -0.15529142706151255)"
0.8500000000000001,-0.2471605370954647,-0.2414759497574132,0.7532912830368368,0.10415716045063872,0.02052654668053322,"(-0.15663143066406202, -0.15529142706151255)"
0.9,-0.24351363262744455,-0.23805601737166918,0.7542320810493548,0.09999169909932787,0.018815960250360975,"(-0.15663143066406202, -0.15529142706151255)"
0.9500000000000001,-0.24001567040133567,-0.23476956718812753,0.7550944776533537,0.09599269668924934,0.017247932079978157,"(-0.15663143066406202, -0.15529142706151255)"
1.0,-0.2366603292192173,-0.23161166182225676,0.7558850066611993,0.0921535257018739,0.01581058015691139,"(-0.15663143066406202, -0.15529142706151255)"
1.05,-0.23344158349282096,-0.22857751237049856,0.7566096573178034,0.08846781775719177,0.014493013132081956,"(-0.15663143066406202, -0.15529142706151255)"
1.1,-0.2303536864551169,-0.22566247850335222,0.7572739197003351,0.08492945440086523,0.013285247650634269,"(-0.15663143066406202, -0.15529142706151255)"
1.1500000000000001,-0.22739115460643386,-0.22286206780209822,0.7578828263302367,0.08153255803704244,0.01217813259803302,"(-0.15663143066406202, -0.15529142706151255)"
1.2000000000000002,-0.22454875328457508,-0.22017193446519864,0.7584409903141935,0.07827148304408946,0.011163279679135276,"(-0.15663143066406202, -0.15529142706151255)"
1.25,-0.22182148325889348,-0.2175878774928444,0.7589526403040867,0.07514080710067993,0.010232999797864517,"(-0.15663143066406202, -0.15529142706151255)"
1.3,-0.21920456825788975,-0.2151058384429494,0.7594216525416138,0.07213532274186346,0.00938024475054089,"(-0.15663143066406202, -0.15529142706151255)"
1.35,-0.21669344334863985,-0.21272189883878836,0.7598515802309788,0.06925002915852906,0.008598553787300124,"(-0.15663143066406202, -0.15529142706151255)"
1.4000000000000001,-0.21428374409429785,-0.21043227729714578,0.7602456804626704,0.0664801242487713,0.007882004633831818,"(-0.15663143066406202, -0.15529142706151255)"
1.4500000000000002,-0.21197129642310877,-0.20823332643604875,0.7606069388926753,0.06382099692579933,0.00722516860009681,"(-0.15663143066406202, -0.15529142706151255)"
1.5,-0.20975210714886158,-0.2061215296126818,0.760938092364385,0.06126821968399807,0.006623069434195661,"(-0.15663143066406202, -0.15529142706151255)"
1.55,-0.20762235508857063,-0.20409349753474926,0.7612416496448011,0.05881754142239166,0.006071145608321504,"(-0.15663143066406202, -0.15529142706151255)"
1.6,-0.20557838272844972,-0.20214596478220417,0.7615199104323036,0.05646488052293766,0.005565215750049646,"(-0.15663143066406202, -0.15529142706151255)"
1.6500000000000001,-0.20361668839398736,-0.2002757862707693,0.7617749827801173,0.05420631817969009,0.00510144695627518,"(-0.15663143066406202, -0.15529142706151255)"
1.7000000000000002,-0.20173391888419512,-0.1984799336839218,0.762008799067574,0.05203809197382315,0.004676325749133624,"(-0.15663143066406202, -0.15529142706151255)"
1.75,-0.19992686253392883,-0.19675549189589764,0.7622231306402444,0.049956589688735696,0.004286631453407907,"(-0.15663143066406202, -0.15529142706151255)"
1.8,-0.19819244267161643,-0.19509965540471177,0.7624196012299125,0.047958343358904525,0.0039294117933619255,"(-0.15663143066406202, -0.15529142706151255)"
1.85,-0.1965277114428068,-0.19350972479111106,0.7625996992561047,0.046040023545774474,0.0036019605238452046,"(-0.15663143066406202, -0.15529142706151255)"
1.9000000000000001,-0.19492984397271612,-0.1919831032167145,0.7627647891024046,0.04419843383373262,0.0033017969259979685,"(-0.15663143066406202, -0.15529142706151255)"
1.9500000000000002,-0.19339613284342436,-0.1905172929722963,0.7629161214530069,0.04243050553907992,0.0030266470120457467,"(-0.15663143066406202, -0.15529142706151255)"
2.0,-0.1919239828635962,-0.18910989208518234,0.7630548427678406,0.040733292624865323,0.0027744262966736266,"(-0.15663143066406202, -0.15529142706151255)"
0.0,-0.18413560938233553,-0.18166200394391796,0.7649245985814032,0.21552707416785544,0.03739511627125047,"(-2.9391523179536476e-16, -2.9391523179536476e-16)"
0.05,-0.17667194820028617,-0.17449786777062742,0.766638529054119,0.20691165781548437,0.03427860945431682,"(-2.9391523179536476e-16, -2.9391523179536476e-16)"
0.1,-0.16951846704684326,-0.16760786809170675,0.768209622470001,0.19863976257354932,0.03142186831763982,"(-2.9391523179536476e-16, -2.9391523179536476e-16)"
0.15000000000000002,-0.16266139286221,-0.1609825592251061,0.7696497841037846,0.19069785940216635,0.02880323267567153,"(-2.9391523179536476e-16, -2.9391523179536476e-16)"
0.2,-0.15608766151772144,-0.15461268553541274,0.7709699266215734,0.1830729194743552,0.02640285035577478,"(-2.9391523179536476e-16, -2.9391523179536476e-16)"
0.25,-0.1497848716529563,-0.14848919739412114,0.7721800529136598,0.17575240208421092,0.024202525841726663,"(-2.9391523179536476e-16, -2.9391523179536476e-16)"
0.30000000000000004,-0.1437412422685707,-0.14260326347965258,0.7732893319980865,0.1687242415082077,0.02218558168853496,"(-2.9391523179536476e-16, -2.9391523179536476e-16)"
0.35000000000000003,-0.13794557374055283,-0.136946279962565,0.7743061685784827,0.1619768331574086,0.02033673160792393,"(-2.9391523179536476e-16, -2.9391523179536476e-16)"
0.4,-0.13238721194808,-0.13150987704496206,0.7752382667896782,0.15549901928763843,0.01864196422391051,"(-2.9391523179536476e-16, -2.9391523179536476e-16)"
0.45,-0.12705601523281723,-0.12628592325750848,0.7760926886190647,0.14928007447784766,0.017088436587729128,"(-2.9391523179536476e-16, -2.9391523179536476e-16)"
0.5,-0.12194232393196064,-0.12126652786110871,0.7768759074501749,0.14330969104126295,0.01566437662220449,"(-2.9391523179536476e-16, -2.9391523179536476e-16)"
0.55,-0.11703693225038463,-0.11644404165186144,0.7775938571371077,0.1375779644973064,0.014358993738655679,"(-2.9391523179536476e-16, -2.9391523179536476e-16)"
0.6000000000000001,-0.11233106225876763,-0.11181105642622248,0.7782519769838795,0.13207537920292367,0.013162396935432199,"(-2.9391523179536476e-16, -2.9391523179536476e-16)"
0.65,-0.10781633982450407,-0.1073604033274201,0.7788552529712304,0.12679279421847578,0.012065519747018194,"(-2.9391523179536476e-16, -2.9391523179536476e-16)"
0.7000000000000001,-0.10348477230055987,-0.10308515026324207,0.7794082555445794,0.12172142946457985,0.011060051466980914,"(-2.9391523179536476e-16, -2.9391523179536476e-16)"
0.75,-0.09932872781423766,-0.09897859855864743,0.7799151742504509,0.11685285221131478,0.010138374117432125,"(-2.9391523179536476e-16, -2.9391523179536476e-16)"
0.8,-0.09534091601315041,-0.09503427898364677,0.7803798494845843,0.11217896392929315,0.00929350468266893,"(-2.9391523179536476e-16, -2.9391523179536476e-16)"
0.8500000000000001,-0.09151437013963923,-0.09124594727702975,0.7808058015928658,0.10769198752264764,0.008519042165630318,"(-2.9391523179536476e-16, -2.9391523179536476e-16)"
0.9,-0.08784243031750308,-0.08760757926935876,0.7811962575460266,0.10338445495650303,0.007809119063215408,"(-2.9391523179536476e-16, -2.9391523179536476e-16)"
0.9500000000000001,-0.08431872794632941,-0.08411336569381811,0.7815541753905586,0.09924919528561944,0.007158356890640261,"(-2.9391523179536476e-16, -2.9391523179536476e-16)"
1.0,-0.08093717110901998,-0.08075770676068811,0.7818822666613681,0.09527932308628002,0.006561825416188383,"(-2.9391523179536476e-16, -2.9391523179536476e-16)"
1.05,-0.07769193090738881,-0.0775352065601273,0.7821830169261791,0.09146822728991211,0.006015005296219621,"(-2.9391523179536476e-16, -2.9391523179536476e-16)"
1.1,-0.07457742864905921,-0.07444066734835741,0.782458704617497,0.08780956041416356,0.005513753826358048,"(-2.9391523179536476e-16, -2.9391523179536476e-16)"
1.1500000000000001,-0.0715883238163887,-0.07146908376405241,0.7827114182949277,0.08429722818504819,0.0050542735486136525,"(-2.9391523179536476e-16, -2.9391523179536476e-16)"
1.2000000000000002,-0.0687195027548853,-0.06861563701455918,0.7829430724687289,0.08092537954219055,0.0046330834760224815,"(-2.9391523179536476e-16, -2.9391523179536476e-16)"
1.25,-0.06596606802461895,-0.06587568906537422,0.7831554221045458,0.07768839701803554,0.004246992716339659,"(-2.9391523179536476e-16, -2.9391523179536476e-16)"
1.3,-0.06332332836354804,-0.06324477686093674,0.7833500759192765,0.07458088748105726,0.0038930762946140507,"(-2.9391523179536476e-16, -2.9391523179536476e-16)"
1.35,-0.06078678921653391,-0.060718606600164315,0.7835285085688368,0.07159767323243454,0.003568652991207122,"(-2.9391523179536476e-16, -2.9391523179536476e-16)"
1.4000000000000001,-0.058352143788165875,-0.058293048086153286,0.7836920718201943,0.06873378344530369,0.0032712650271499166,"(-2.9391523179536476e-16, -2.9391523179536476e-16)"
1.4500000000000002,-0.05601526458141505,-0.05596412916601139,0.7838420047923332,0.06598444593550593,0.0029986594427780515,"(-2.9391523179536476e-16, -2.9391523179536476e-16)"
1.5,-0.05377219538762706,-0.05372803027381066,0.7839794433437556,0.063345079252684,0.0027487710284465616,"(-2.9391523179536476e-16, -2.9391523179536476e-16)"
1.55,-0.05161914369649233,-0.051581079087082655,0.7841054286776515,0.06081128508061929,0.002519706677920064,"(-2.9391523179536476e-16, -2.9391523179536476e-16)"
1.6,-0.04955247349743794,-0.04951974530507072,0.7842209152299426,0.0583788409358156,0.0023097310458217164,"(-2.9391523179536476e-16, -2.9391523179536476e-16)"
1.6500000000000001,-0.047568698446400486,-0.04754063555505858,0.7843267778999644,0.05604369315350933,0.0021172534004346155,"(-2.9391523179536476e-16, -2.9391523179536476e-16)"
1.7000000000000002,-0.04566447537419735,-0.045640488431469825,0.7844238186785749,0.05380195015050423,0.0019408155722092089,"(-2.9391523179536476e-16, -2.9391523179536476e-16)"
1.75,-0.043836598114740596,-0.04381616967104342,0.784512772723907,0.05164987595447983,0.001779080906641195,"(-2.9391523179536476e-16, -2.9391523179536476e-16)"
1.8,-0.04208199163315969,-0.042064667466205054,0.7845943139307974,0.04958388398969725,0.0016308241378085175,"(-2.9391523179536476e-16, -2.9391523179536476e-16)"
1.85,-0.04039770643553759,-0.04038308791774668,0.7846690600360887,0.047600531109315954,0.0014949221058260798,"(-2.9391523179536476e-16, -2.9391523179536476e-16)"
1.9000000000000001,-0.038780913243439755,-0.038768650627072625,0.7847375772984829,0.04569651186483665,0.0013703452478847078,"(-2.9391523179536476e-16, -2.9391523179536476e-16)"
1.9500000000000002,-0.037228897917745016,-0.037218684427550754,0.7848003847884029,0.04386865300349046,0.0012561497983995529,"(-2.9391523179536476e-16, -2.9391523179536476e-16)"
2.0,-0.03573905661748646,-0.035730623253902964,0.7848579583203611,0.042113908184703654,0.001151470639165486,"(-2.9391523179536476e-16, -2.9391523179536476e-16)"
2.0500000000000003,-0.03430889118049408,-0.03430200214806555,0.7849107340576288,0.04042935290707343,0.0010555147453530922,"(-2.9391523179536476e-16, -2.9391523179536476e-16)"
